8,4,7,6,7,7,8,4,11,13,7,13,11,12,13,14,15,13,6,13,19,23,24,26,27,31,26,33,32,34,44,39,50,60,49,47,63,51,52,73,69,58,70,87,74,73,73,85,85,86,82,95,88,92,89,98,116,107,132,115,119,125,139,139,143,122,147,165,179,159,165,138,148,196,161,165,182,172,190,197,175,189,225,225,221,191,194,202,222,222,219,270,218,222,245,238,247,238,257,274,266,252,291,264,271,278,308,318,316,296,297,288,304,302,290,326,326,324,301,313,326,354,347,360,337,325,340,346,369,361,338,367,382,390,348,340,349,350,395,416,381,363,348,386,380,401,435,393,349,352,400,407,373,377,407,379,401,370,431,383,388,399,384,416,406,388,399,394,382,412,411,411,373,375,401,412,405,376,392,401,378,382,375,379,385,389,392,399,357,411,375,361,384,368,358,389,330,318,314,0,
14,1,11,6,6,9,5,10,8,15,14,21,12,20,15,15,17,23,25,21,23,21,22,27,29,26,46,38,28,50,39,32,45,52,52,37,61,45,36,66,80,75,60,71,74,90,70,91,100,89,89,88,119,114,118,109,98,128,108,133,138,134,108,149,129,168,140,156,161,153,159,174,164,176,152,182,181,207,231,231,194,242,222,205,216,217,225,219,230,217,241,254,269,248,229,245,233,271,285,251,281,307,283,296,294,328,306,321,317,321,333,317,296,342,330,340,338,357,347,337,346,349,355,350,374,371,385,376,355,358,370,373,389,359,413,340,382,387,415,412,407,403,375,408,366,394,394,397,387,423,372,408,425,418,445,410,441,428,458,424,429,381,433,417,406,399,467,431,419,424,408,424,404,433,445,450,402,472,439,426,432,425,372,406,420,381,423,427,454,391,410,389,395,408,398,399,368,316,367,0,
13,6,10,6,8,10,13,10,13,14,11,9,18,10,22,17,20,25,22,26,31,33,30,34,46,43,33,30,38,48,43,43,48,47,58,50,85,65,64,78,72,66,87,82,93,90,106,89,129,121,107,106,113,108,124,143,117,151,148,126,148,140,164,169,195,157,190,158,168,181,215,197,199,209,220,227,227,221,249,223,237,256,228,248,234,261,245,275,262,287,268,292,291,284,343,320,318,328,316,346,343,310,354,313,356,378,353,331,337,358,379,345,366,420,379,373,382,389,402,396,398,368,371,337,435,421,420,416,429,461,444,446,411,505,454,450,439,460,433,448,481,458,465,480,482,467,464,470,450,470,462,466,478,496,497,485,559,481,497,473,505,467,489,480,525,521,467,532,469,486,536,483,473,534,501,493,506,541,493,488,518,493,452,503,524,503,507,487,479,496,445,479,451,451,473,418,431,386,383,0,
13,11,12,9,6,12,5,22,6,11,18,9,28,19,28,21,21,27,34,19,45,44,30,46,24,48,37,49,51,58,62,50,45,61,61,80,69,87,71,81,98,96,90,76,105,105,103,90,123,129,124,128,147,149,128,144,147,157,173,170,197,183,187,209,223,202,196,231,191,188,229,223,220,266,230,254,253,273,253,249,262,258,262,273,300,263,297,308,302,334,363,327,366,333,408,353,358,389,344,345,362,398,381,379,372,390,410,373,402,430,477,418,437,451,429,465,440,429,465,484,487,440,457,501,456,452,496,475,518,520,533,473,534,475,510,515,464,491,525,510,518,553,472,534,525,482,543,556,535,524,535,540,547,523,506,563,557,550,539,528,582,564,505,524,509,525,552,505,587,586,546,551,539,547,562,539,540,563,583,571,565,577,528,551,543,543,548,531,574,494,493,454,508,487,509,493,461,394,487,0,
16,4,3,9,16,7,10,14,10,15,27,13,17,12,18,36,21,28,32,32,26,31,45,42,39,55,37,46,61,55,65,69,62,63,66,77,96,80,75,89,98,84,111,102,119,125,142,115,116,119,151,125,135,130,163,151,174,155,165,198,192,183,198,228,215,236,236,223,211,269,274,264,238,271,251,286,272,273,279,299,335,286,280,287,310,345,377,359,369,348,396,354,366,419,356,406,407,415,402,397,420,446,397,473,407,457,445,454,450,431,502,463,439,522,501,469,440,479,522,495,529,494,514,516,532,507,551,553,589,551,557,563,541,549,557,549,542,532,567,539,561,602,562,641,619,583,572,580,637,602,597,599,611,604,611,587,587,586,605,624,658,608,633,610,550,623,585,582,580,688,619,588,603,631,595,617,607,594,662,598,593,573,590,620,609,612,644,609,595,604,594,569,599,521,566,546,479,469,474,0,
11,7,6,9,13,16,8,20,11,15,17,21,21,20,25,22,27,33,24,43,42,29,46,52,45,60,58,46,79,69,48,69,66,65,64,87,98,96,94,81,105,116,101,119,121,118,136,138,146,147,157,151,135,151,190,196,234,179,178,206,236,218,240,271,263,257,233,267,295,285,282,242,306,312,315,312,326,309,312,378,353,363,341,306,336,410,332,385,442,419,411,404,420,421,452,415,425,414,455,471,481,512,455,522,475,501,512,499,524,515,473,515,462,513,567,548,504,535,545,579,547,558,533,560,599,604,633,641,608,629,601,569,585,645,618,595,609,613,605,607,594,657,626,653,641,648,638,624,640,643,681,640,644,637,648,661,680,606,681,604,674,665,680,700,703,644,668,669,698,674,677,666,641,622,730,683,678,659,672,637,655,661,645,646,657,657,627,659,613,619,658,652,604,604,602,579,574,479,524,0,
17,14,7,12,12,12,14,25,19,20,21,29,20,23,26,39,46,35,38,43,44,43,53,53,34,53,54,55,66,74,67,65,83,90,80,112,96,99,116,110,122,119,128,162,140,131,165,157,178,188,164,177,174,209,196,206,184,214,250,200,221,227,275,226,255,297,292,252,307,303,278,312,299,333,325,314,372,332,325,385,335,366,403,393,427,407,469,381,427,433,450,490,504,501,461,512,487,477,516,460,530,513,566,505,508,559,553,574,544,514,561,525,555,544,609,558,628,584,573,639,615,647,577,600,679,651,626,628,630,635,631,616,665,645,676,650,690,656,641,701,679,698,714,692,646,669,697,759,684,683,717,675,715,702,800,714,763,770,710,716,719,680,671,713,751,763,749,726,685,749,715,713,720,732,693,751,730,745,740,678,695,710,750,714,702,733,683,696,707,725,710,757,681,673,671,618,555,564,591,0,
12,9,11,9,20,12,19,16,19,29,30,28,21,29,38,29,46,40,42,58,35,62,73,51,70,62,70,49,67,84,64,71,95,105,91,107,128,110,136,150,136,159,137,149,143,170,157,182,185,198,194,213,226,241,204,226,252,220,278,282,291,257,259,262,317,283,319,329,366,341,357,354,365,374,380,369,407,393,409,419,397,416,452,422,408,498,442,478,469,477,534,490,479,531,520,520,525,558,555,556,581,556,613,591,577,578,603,625,611,622,625,630,600,656,681,628,646,660,643,650,634,625,660,658,678,656,684,682,677,742,719,718,739,736,711,731,762,727,747,741,746,765,767,745,744,740,744,771,746,734,773,823,750,756,775,807,724,750,805,796,810,739,741,757,783,772,771,772,802,788,760,779,798,768,794,782,792,753,788,798,780,797,703,789,773,825,785,751,787,749,723,748,749,726,674,676,626,597,642,0,
12,14,10,15,8,13,18,29,28,25,32,32,34,30,33,27,41,36,55,38,58,48,61,69,57,74,82,76,74,99,82,95,108,97,113,147,122,121,131,148,150,151,159,166,161,179,183,199,235,231,223,241,222,267,241,265,241,253,268,270,316,271,326,284,335,353,350,345,353,395,391,432,393,398,391,451,420,433,446,407,446,455,471,463,507,464,484,478,513,532,511,528,526,576,600,640,566,560,612,617,657,607,596,627,619,597,675,672,651,665,697,686,688,653,684,730,766,710,741,740,731,751,706,744,777,775,740,740,762,755,840,791,817,835,858,822,778,785,869,779,817,813,851,807,830,816,812,845,848,857,798,898,866,825,827,800,837,820,835,877,849,826,863,806,812,899,845,901,830,805,812,869,778,851,861,798,793,835,879,866,847,862,824,798,879,838,832,791,826,796,782,782,770,808,782,677,687,586,698,0,
22,11,15,20,18,27,13,23,32,27,22,15,32,33,32,37,50,52,49,46,54,54,47,65,70,68,80,77,100,92,84,102,114,118,124,129,133,114,147,177,199,176,174,178,184,223,226,236,201,217,244,270,247,239,252,296,299,319,305,337,313,370,310,325,317,325,369,378,362,414,392,444,402,433,423,456,494,523,499,469,510,557,553,555,545,490,533,519,601,531,571,565,572,602,623,643,653,620,655,648,666,637,671,762,730,702,692,708,747,753,673,762,747,825,704,744,757,812,774,803,769,802,789,772,833,850,870,777,829,828,854,853,858,863,840,852,841,847,901,908,863,892,878,847,901,866,908,853,924,856,900,898,881,914,908,943,896,882,951,884,883,939,879,894,926,942,927,874,975,909,868,880,926,902,920,854,873,873,881,857,932,883,871,860,849,849,909,868,855,800,838,865,834,797,794,747,710,650,766,0,
22,11,9,24,24,15,22,16,28,22,33,26,37,36,29,39,38,48,55,62,56,64,69,83,77,67,104,77,105,127,94,140,111,118,145,163,129,162,182,171,170,199,195,188,228,245,261,236,248,263,276,270,304,278,291,321,321,330,356,353,390,384,358,338,400,424,450,422,407,466,454,456,471,515,485,555,499,501,546,547,588,596,588,599,640,565,591,646,596,669,678,658,675,724,683,662,690,705,741,762,773,762,750,741,747,816,744,804,764,806,803,826,839,803,888,833,905,804,828,825,881,852,904,869,943,931,860,911,872,916,924,918,963,949,878,932,890,971,952,949,885,935,966,964,982,946,964,914,843,944,990,980,971,953,995,959,947,978,953,970,1000,1007,1021,1006,964,987,929,967,969,953,1009,979,939,960,963,1028,1044,1009,958,958,988,894,995,880,967,959,950,1004,937,919,907,934,898,856,843,808,778,710,782,0,
34,10,15,23,14,30,23,22,18,24,34,41,39,48,55,48,52,53,58,63,78,70,91,83,77,113,104,115,85,133,119,164,123,160,164,178,167,193,176,207,226,210,215,240,211,234,297,295,276,273,302,330,295,338,302,344,312,377,380,404,390,366,440,455,423,442,454,458,495,563,505,526,558,504,539,582,587,536,634,599,637,577,634,606,653,656,678,610,741,728,729,765,779,780,696,761,779,791,841,811,781,818,839,820,861,832,846,861,890,904,882,917,929,866,934,883,946,954,964,1014,938,1017,1001,992,934,925,958,979,977,995,1033,996,1040,955,1042,1000,1033,966,1036,967,985,1047,1061,1014,1085,1000,999,1041,1011,970,1037,1033,1011,982,1093,1038,1054,1100,1094,1028,1103,1106,1071,1078,1128,1130,1097,1076,1093,1064,1070,1017,1046,1092,1020,1041,995,1024,1064,1067,1056,1029,957,997,1079,1061,1015,967,966,970,943,980,990,982,905,847,806,793,808,0,
16,10,16,20,22,23,26,37,30,26,37,36,49,56,56,54,57,63,68,64,71,86,87,102,108,110,102,114,117,130,160,156,180,197,155,186,202,198,210,222,252,221,263,265,268,282,292,347,289,300,326,352,309,372,348,419,379,435,401,422,456,431,469,465,510,501,540,530,549,618,592,590,601,659,608,615,623,643,632,679,719,658,649,677,657,738,719,737,766,738,763,811,793,814,832,848,919,835,924,897,890,899,893,967,933,932,959,965,1002,925,991,976,965,986,958,960,1021,990,1015,1060,1089,1107,1089,1093,1046,1038,1044,1042,1061,1093,1067,962,1090,1079,1082,1097,1117,1135,1111,1038,1085,1076,1112,1184,1077,1124,1136,1139,1134,1130,1075,1164,1166,1128,1130,1181,1183,1227,1168,1123,1112,1111,1145,1149,1154,1123,1149,1187,1115,1113,1140,1154,1111,1168,1111,1134,1063,1112,1092,1118,1110,1070,1085,1113,1106,1121,1143,1139,1112,1005,1092,1014,1020,993,964,908,866,761,900,0,
24,18,19,12,23,24,14,25,29,34,50,50,38,47,51,53,62,63,68,74,88,92,104,109,130,120,125,125,136,169,160,178,209,198,184,215,278,246,263,261,280,298,261,298,289,324,369,300,325,362,377,389,395,365,443,431,471,484,446,488,518,545,562,511,568,567,580,595,620,634,645,662,655,649,666,736,712,706,779,760,761,746,817,829,856,785,802,870,900,834,895,842,883,901,935,899,879,891,945,983,942,1011,1024,1013,995,1032,1020,1064,1016,1106,1029,1090,1026,1100,1144,1114,1115,1207,1125,1193,1131,1138,1193,1158,1149,1182,1158,1209,1174,1167,1141,1176,1193,1243,1182,1204,1200,1159,1165,1159,1154,1179,1230,1230,1186,1231,1224,1207,1158,1229,1205,1224,1241,1264,1238,1235,1245,1226,1182,1201,1145,1190,1278,1223,1210,1225,1197,1200,1255,1241,1197,1193,1183,1231,1172,1168,1203,1163,1232,1160,1133,1263,1241,1218,1204,1229,1176,1207,1177,1164,1129,1124,1096,1103,1038,1043,934,920,994,0,
21,17,15,32,23,20,23,33,34,29,40,58,50,55,60,69,65,82,74,97,84,101,119,124,130,138,169,150,146,170,172,182,198,234,203,257,258,294,256,302,295,324,367,330,349,376,377,368,392,438,449,426,438,506,515,493,494,513,541,546,581,628,581,587,584,686,642,673,695,681,660,695,726,745,750,779,766,827,825,850,859,877,885,916,947,933,894,973,1016,939,939,992,1005,936,1000,1103,1024,1102,1069,1062,1077,1112,1116,1093,1152,1130,1098,1146,1142,1140,1134,1087,1187,1153,1142,1187,1268,1173,1223,1227,1309,1265,1210,1236,1250,1237,1245,1239,1301,1210,1290,1284,1287,1247,1268,1271,1249,1236,1321,1348,1310,1285,1302,1228,1326,1396,1296,1340,1312,1385,1285,1315,1436,1389,1295,1377,1374,1355,1316,1318,1239,1371,1300,1336,1306,1302,1279,1302,1273,1248,1284,1372,1296,1356,1264,1280,1258,1352,1286,1213,1281,1338,1320,1317,1243,1311,1197,1216,1210,1259,1193,1124,1173,1110,1132,1094,1049,971,984,0,
28,22,19,25,27,32,26,36,28,47,46,53,55,81,73,57,71,93,94,126,121,117,147,143,158,154,157,203,179,203,187,241,226,246,265,286,321,326,319,342,370,383,424,389,413,437,440,455,469,491,492,458,503,560,521,578,592,618,583,657,669,656,677,694,676,652,780,773,798,795,779,777,793,835,839,862,860,917,951,900,939,1000,962,1015,946,1014,1021,1062,1067,1052,1103,1100,1037,1125,1210,1143,1170,1156,1175,1168,1169,1201,1225,1183,1273,1267,1299,1270,1268,1209,1250,1291,1318,1278,1364,1298,1334,1335,1404,1385,1333,1264,1409,1326,1312,1327,1383,1392,1457,1452,1383,1412,1279,1396,1433,1406,1321,1374,1402,1446,1443,1418,1452,1472,1423,1411,1378,1429,1427,1466,1463,1537,1494,1421,1476,1497,1482,1530,1454,1460,1487,1469,1412,1464,1461,1416,1462,1379,1390,1344,1475,1379,1369,1402,1413,1449,1467,1389,1395,1429,1403,1409,1358,1341,1309,1452,1285,1306,1323,1314,1298,1339,1273,1181,1168,1173,1060,970,1187,0,
29,25,16,26,32,34,37,29,40,57,76,62,66,91,88,91,89,103,116,145,135,123,155,166,189,175,194,218,234,270,247,304,294,299,311,324,369,381,432,418,472,471,460,500,466,478,508,517,558,577,598,599,595,642,697,674,703,711,678,746,758,771,736,848,765,810,867,882,861,952,902,937,984,968,990,1017,973,1006,1033,1045,1061,1057,1160,1108,1146,1204,1154,1151,1223,1168,1274,1285,1311,1312,1186,1259,1281,1267,1315,1339,1356,1313,1384,1319,1350,1317,1381,1471,1435,1400,1406,1480,1380,1392,1430,1448,1494,1413,1400,1362,1486,1449,1426,1432,1460,1452,1470,1566,1545,1560,1555,1465,1576,1462,1553,1503,1497,1522,1583,1511,1585,1575,1569,1605,1535,1524,1548,1538,1538,1576,1543,1601,1551,1500,1599,1608,1511,1556,1482,1503,1488,1548,1527,1511,1532,1613,1599,1571,1475,1503,1520,1538,1434,1458,1490,1433,1496,1474,1398,1392,1445,1484,1434,1493,1509,1477,1418,1379,1381,1397,1339,1422,1318,1312,1383,1252,1150,1107,1135,0,
25,25,22,33,39,46,41,44,62,57,64,86,81,116,101,115,102,119,155,161,180,180,200,210,257,231,252,313,317,292,313,323,359,342,358,380,434,453,470,487,537,514,558,523,584,576,612,611,663,658,677,661,773,746,778,819,763,798,869,842,829,870,881,957,1000,973,1035,962,953,1015,1098,1068,1096,1097,1126,1127,1165,1149,1223,1204,1252,1238,1253,1266,1251,1260,1290,1309,1307,1357,1321,1399,1325,1517,1443,1423,1390,1487,1525,1418,1512,1471,1522,1519,1507,1538,1494,1600,1631,1580,1589,1551,1560,1615,1538,1586,1590,1608,1575,1560,1551,1634,1680,1550,1564,1633,1613,1635,1665,1651,1601,1578,1643,1669,1700,1689,1656,1711,1648,1599,1618,1658,1662,1737,1661,1628,1727,1674,1672,1649,1729,1712,1711,1693,1662,1638,1580,1651,1607,1674,1634,1692,1741,1668,1614,1624,1538,1666,1620,1591,1612,1578,1578,1660,1695,1617,1521,1581,1531,1591,1645,1569,1618,1610,1494,1561,1484,1540,1468,1528,1467,1527,1430,1440,1342,1278,1279,1087,1280,0,
40,24,25,47,31,30,58,63,69,94,97,109,108,123,125,174,154,170,201,208,208,244,259,289,290,296,306,351,392,403,371,426,461,429,482,483,526,603,623,607,633,612,743,661,686,712,726,805,791,814,860,813,843,858,924,888,982,944,979,1031,1105,1097,1108,1071,1068,1136,1149,1147,1207,1186,1262,1271,1199,1250,1286,1338,1294,1399,1375,1380,1412,1362,1479,1488,1401,1490,1465,1468,1555,1461,1525,1539,1535,1643,1611,1559,1616,1626,1659,1656,1685,1729,1679,1653,1730,1636,1712,1733,1681,1816,1781,1741,1701,1812,1741,1826,1791,1832,1756,1790,1827,1794,1770,1791,1725,1868,1767,1797,1726,1784,1826,1831,1837,1862,1928,1830,1831,1892,1831,1841,1826,1824,1816,1798,1755,1846,1889,1725,1790,1797,1837,1861,1744,1754,1836,1791,1834,1869,1762,1738,1803,1692,1691,1737,1784,1716,1790,1746,1754,1742,1721,1727,1759,1762,1703,1795,1722,1725,1714,1636,1661,1665,1675,1598,1611,1612,1658,1538,1595,1642,1551,1548,1490,1494,1424,1432,1284,1237,1432,0,
38,33,36,42,69,99,89,100,93,158,139,181,214,203,221,231,251,301,308,338,322,373,438,438,440,482,491,535,530,569,599,566,575,650,731,715,725,765,807,784,789,866,929,894,855,940,939,996,992,960,1043,1018,1051,1096,1214,1134,1229,1239,1255,1257,1315,1322,1295,1374,1399,1328,1424,1463,1345,1446,1430,1505,1452,1478,1450,1450,1496,1532,1545,1648,1611,1582,1594,1728,1654,1627,1675,1703,1772,1794,1853,1729,1797,1858,1843,1867,1788,1822,1810,1952,1863,1877,1844,1869,1915,1900,1901,1848,1901,1853,1900,1914,1981,2061,1968,2037,2042,1911,2009,1894,1995,2011,2024,2008,2093,1996,1923,2025,2016,2073,2011,1951,1948,1998,1990,1985,2026,2074,1971,2047,1927,2077,1899,1962,2051,2010,2068,1956,1974,2031,2051,1966,1936,1970,1927,2009,1978,1948,1931,1983,1948,1912,1902,1909,1893,1898,1816,1921,1870,1813,1884,1765,1908,1869,1859,1789,1864,1841,1802,1783,1770,1778,1854,1788,1773,1675,1689,1738,1755,1655,1646,1597,1685,1628,1563,1482,1429,1271,1494,0,
895,599,614,646,620,628,646,629,659,688,660,702,706,693,691,724,775,764,761,793,769,742,845,822,858,904,856,911,906,948,954,986,1080,1045,1037,1073,1135,1094,1123,1145,1144,1243,1253,1222,1203,1244,1324,1323,1340,1367,1384,1390,1416,1417,1486,1519,1541,1462,1562,1563,1582,1557,1629,1616,1627,1607,1634,1609,1727,1698,1646,1738,1766,1826,1790,1847,1825,1836,1896,1892,1870,1880,1889,1901,1879,1925,1967,1985,2075,2075,1996,2182,2112,2091,2072,2066,2091,2050,2066,2111,2139,2116,2114,2013,2079,2074,2107,2159,2175,2227,2132,2129,2181,2174,2144,2130,2167,2287,2236,2179,2168,2219,2238,2085,2144,2178,2212,2222,2172,2180,2221,2208,2122,2168,2162,2214,2165,2103,2213,2200,2290,2229,2137,2263,2118,2153,2155,2224,2179,2176,2141,2153,2029,2088,2160,2015,2053,2062,2076,2144,2076,2109,2123,2043,2064,2091,2091,2000,1982,1979,2017,1985,2034,1979,2041,1970,2042,1912,1948,1995,1886,1900,2027,1888,1861,1844,1869,1768,1734,1731,1740,1788,1698,1686,1589,1636,1491,1442,1503,0,
1641,1134,1130,1106,1097,1081,1048,1167,1153,1222,1192,1113,1194,1176,1143,1175,1222,1283,1264,1227,1262,1236,1288,1241,1339,1310,1282,1373,1345,1385,1345,1435,1389,1429,1460,1394,1466,1528,1522,1602,1509,1671,1577,1600,1615,1620,1647,1647,1678,1758,1765,1581,1708,1748,1714,1879,1895,1805,1893,1872,1822,1959,1946,1947,2007,1943,2054,2002,2039,2046,2037,2103,2081,2073,2019,2118,2088,2200,2097,2149,2155,2177,2173,2206,2268,2187,2171,2316,2243,2226,2275,2374,2278,2302,2358,2298,2350,2348,2284,2357,2290,2363,2380,2262,2374,2367,2314,2350,2372,2434,2376,2328,2418,2425,2409,2577,2450,2382,2421,2420,2380,2378,2376,2287,2414,2311,2324,2318,2382,2377,2336,2364,2415,2304,2380,2350,2329,2440,2331,2378,2402,2349,2301,2383,2336,2220,2286,2332,2297,2363,2295,2295,2273,2297,2274,2282,2335,2219,2213,2270,2310,2245,2174,2255,2278,2200,2203,2218,2159,2248,2187,2189,2147,2107,2204,2101,2093,2042,2011,2048,2034,1993,1974,2080,1902,2026,1961,1944,1956,1977,1862,1816,1870,1909,1773,1680,1647,1554,1679,0,
1973,1403,1356,1420,1457,1359,1451,1463,1439,1537,1514,1471,1545,1458,1478,1548,1575,1565,1576,1663,1642,1614,1651,1647,1703,1661,1653,1666,1671,1713,1671,1724,1792,1814,1797,1786,1866,1826,1855,1813,1956,1888,1934,1897,1988,2033,2019,2000,1993,2062,2060,2092,2160,2099,2139,2148,2186,2107,2121,2179,2200,2217,2280,2261,2238,2267,2299,2339,2395,2436,2329,2331,2339,2474,2414,2480,2502,2441,2539,2398,2410,2440,2468,2469,2478,2455,2432,2469,2523,2516,2478,2518,2515,2596,2516,2530,2510,2657,2509,2612,2604,2669,2604,2623,2575,2582,2594,2619,2680,2574,2681,2608,2705,2620,2662,2559,2566,2566,2558,2582,2557,2547,2539,2642,2495,2639,2541,2480,2582,2646,2562,2591,2569,2494,2620,2631,2586,2592,2512,2546,2492,2510,2508,2460,2393,2454,2354,2489,2559,2539,2502,2430,2490,2541,2412,2446,2444,2459,2318,2398,2456,2460,2355,2369,2368,2372,2423,2341,2376,2337,2312,2231,2215,2283,2271,2330,2176,2233,2108,2195,2128,2189,2186,2178,2163,2062,2070,2018,2012,2085,2011,2006,2017,1884,1875,1878,1693,1569,1906,0,
2368,1700,1589,1689,1719,1733,1730,1777,1772,1739,1732,1785,1893,1807,1821,1786,1880,1819,1853,1905,1946,1911,1927,1963,1912,1952,1858,1873,1923,2046,2126,1974,2113,2128,2186,2075,2186,2107,2205,2107,2169,2212,2194,2207,2161,2226,2294,2294,2342,2422,2378,2456,2350,2397,2350,2354,2364,2407,2489,2423,2510,2559,2443,2497,2606,2557,2514,2629,2601,2752,2682,2624,2617,2798,2723,2695,2743,2792,2711,2824,2647,2813,2785,2634,2728,2750,2757,2803,2812,2767,2824,2920,2734,2868,2859,2835,2780,2847,2903,2880,2762,2803,2826,2758,2889,2849,2803,2787,2824,2811,2859,2898,2754,2792,2746,2815,2805,2792,2749,2868,2779,2750,2796,2774,2860,2806,2756,2784,2857,2763,2789,2664,2650,2737,2812,2756,2746,2767,2733,2760,2706,2801,2765,2681,2662,2601,2684,2720,2686,2624,2596,2651,2672,2561,2591,2742,2583,2657,2637,2594,2593,2628,2476,2545,2471,2394,2441,2498,2458,2508,2524,2427,2406,2350,2420,2445,2415,2410,2276,2406,2352,2221,2320,2270,2292,2245,2152,2265,2107,2163,2148,2078,2103,1985,2050,1924,1857,1622,1852,0,
2749,1904,1918,1890,1940,1995,1910,2038,1914,1933,2039,1999,2071,2000,2029,2101,2059,2093,2089,2098,2124,2137,2175,2155,2163,2142,2166,2285,2268,2296,2256,2231,2364,2410,2432,2394,2380,2422,2405,2491,2492,2528,2523,2504,2564,2562,2585,2589,2627,2656,2738,2628,2750,2698,2737,2724,2746,2718,2837,2704,2749,2873,2840,2701,2750,2828,2835,2969,2881,2993,2959,2866,3005,2873,2918,2926,2980,3026,2969,3011,2997,3018,2980,3040,2947,3053,3075,3018,2984,2996,3013,3034,3036,2938,2985,3129,3045,3190,3054,3097,3043,3124,3086,3096,3081,3038,3126,2986,3064,3126,3112,3083,3075,3005,3194,3138,3186,2964,2945,3080,3016,2914,2904,2995,3015,3040,3005,2955,2987,2943,3067,2978,2935,2913,2936,2907,2925,3042,2808,2932,2861,2926,2894,2872,2811,2833,2863,2823,2847,2785,2793,2816,2741,2836,2845,2768,2754,2918,2786,2709,2830,2712,2707,2664,2591,2615,2615,2632,2631,2584,2583,2485,2609,2611,2473,2503,2451,2606,2457,2545,2344,2425,2475,2567,2459,2412,2360,2489,2324,2343,2240,2137,2166,2174,2036,2032,1949,1778,2156,0,
2943,2031,2027,2070,2032,2101,2113,2140,2200,2117,2137,2131,2173,2133,2192,2369,2267,2266,2202,2306,2274,2311,2343,2360,2357,2454,2451,2507,2435,2495,2479,2477,2489,2391,2596,2636,2655,2675,2728,2656,2652,2777,2709,2796,2798,2856,2804,2801,2859,2843,2928,2942,2969,2981,2987,2991,3084,2951,2959,3066,3074,3072,3088,2942,3141,3167,3139,3044,3171,3221,3152,3203,3309,3308,3215,3252,3215,3153,3351,3376,3315,3259,3252,3371,3290,3238,3376,3204,3303,3310,3355,3341,3217,3266,3205,3418,3397,3317,3288,3326,3310,3298,3257,3257,3257,3208,3297,3299,3224,3330,3273,3276,3219,3217,3330,3296,3302,3375,3234,3176,3152,3142,3285,3192,3167,3211,3205,3278,3134,3081,3111,3116,3175,3115,3066,3172,3205,3289,3125,3060,3119,3143,3082,3061,3052,3013,3070,3049,3008,3010,2986,3063,2935,2991,2903,2888,2933,3014,2961,2864,2996,2802,2932,2788,2803,2775,2867,2672,2778,2755,2665,2744,2818,2794,2768,2627,2699,2676,2604,2679,2564,2533,2542,2505,2562,2555,2511,2458,2528,2434,2396,2302,2246,2291,2164,2116,2083,1925,2182,0,
3052,2111,2283,2311,2272,2216,2298,2186,2332,2271,2315,2327,2355,2299,2380,2391,2385,2357,2402,2428,2491,2416,2470,2564,2543,2518,2652,2627,2587,2686,2742,2685,2640,2738,2778,2763,2857,2781,2833,2927,2848,2872,2928,3020,3038,2990,3059,3100,3134,3111,2983,3185,3127,3195,3166,3078,3321,3228,3273,3335,3216,3261,3338,3334,3386,3413,3327,3221,3416,3349,3335,3382,3372,3414,3511,3460,3416,3409,3410,3405,3410,3444,3488,3572,3467,3509,3387,3462,3478,3541,3565,3561,3527,3532,3534,3560,3541,3470,3553,3599,3484,3561,3522,3492,3413,3598,3550,3520,3486,3452,3515,3513,3437,3447,3513,3517,3467,3446,3473,3517,3502,3420,3476,3437,3414,3515,3474,3381,3497,3404,3361,3451,3276,3274,3351,3371,3270,3220,3222,3209,3254,3331,3205,3274,3200,3315,3186,3105,3202,3189,3160,3147,3198,3025,3024,3008,3053,3035,2972,3035,3017,2908,3080,2812,2905,2981,2930,2951,2810,2875,2950,2973,2824,2840,2857,2788,2863,2850,2754,2766,2649,2701,2684,2768,2635,2657,2512,2615,2568,2552,2463,2431,2419,2415,2441,2325,2021,2013,2236,0,
3264,2354,2281,2283,2292,2326,2401,2345,2461,2418,2459,2489,2559,2498,2386,2527,2562,2560,2619,2576,2521,2621,2615,2763,2816,2814,2837,2843,2852,2781,2853,2891,2884,2878,2939,2910,2950,2952,3052,3097,3001,3156,3053,3120,3104,3196,3205,3206,3210,3164,3240,3277,3199,3280,3360,3333,3371,3434,3370,3355,3468,3416,3492,3457,3407,3470,3579,3490,3453,3531,3509,3705,3510,3590,3731,3739,3671,3842,3628,3567,3669,3559,3722,3685,3744,3753,3755,3726,3658,3661,3764,3662,3724,3714,3813,3967,3770,3718,3788,3708,3732,3752,3698,3675,3769,3695,3623,3719,3697,3668,3583,3604,3591,3628,3769,3638,3599,3621,3719,3619,3627,3671,3483,3607,3587,3622,3509,3495,3522,3566,3543,3455,3510,3577,3572,3615,3490,3490,3401,3449,3295,3271,3369,3425,3457,3335,3383,3354,3279,3314,3252,3385,3154,3195,3272,3243,3217,3161,3179,3166,3160,3131,3059,3120,3045,3096,2971,3119,3119,3067,3080,3000,2914,2933,2931,2964,2937,2886,2922,2803,2785,2966,2761,2762,2877,2702,2678,2650,2680,2668,2720,2616,2537,2395,2506,2320,2237,2097,2456,0,
3599,2377,2448,2474,2434,2522,2544,2498,2537,2494,2556,2497,2567,2571,2725,2749,2699,2672,2830,2780,2677,2720,2760,2833,2858,3009,2922,2962,2980,2943,3004,2975,3037,3149,3055,3119,3191,3186,3183,3209,3194,3234,3248,3350,3374,3473,3375,3331,3371,3493,3464,3451,3441,3621,3576,3547,3553,3641,3515,3541,3619,3742,3695,3620,3698,3706,3659,3705,3800,3766,3675,3769,3710,3813,3832,3868,3864,3778,3892,3752,3851,3818,3947,3854,3914,3823,3875,3899,3901,3912,4002,3966,3979,4027,3959,3977,3960,3753,3919,3979,3921,3974,3841,3932,3810,3917,3966,3786,3936,3895,3929,3811,3946,3765,3900,3902,3921,3944,3797,3713,3780,3921,3836,3785,3784,3711,3695,3674,3655,3693,3678,3660,3537,3693,3544,3676,3663,3503,3665,3603,3664,3486,3549,3448,3548,3531,3558,3434,3508,3515,3367,3420,3319,3456,3413,3423,3357,3339,3329,3336,3254,3222,3285,3201,3227,3286,3143,3224,3086,3167,3179,3035,3090,3207,3057,2973,2960,3052,2981,3066,2952,2943,2917,2850,2954,2930,2875,2862,2765,2858,2666,2722,2721,2625,2574,2415,2214,2159,2532,0,
3690,2531,2573,2561,2555,2607,2560,2536,2698,2640,2758,2767,2836,2645,2805,2832,2726,2897,2873,2810,2941,2892,2979,2960,2918,2951,3185,3052,3031,3148,3079,3295,3202,3243,3172,3351,3280,3214,3284,3400,3406,3377,3480,3670,3501,3505,3436,3663,3502,3596,3708,3602,3726,3681,3685,3881,3653,3704,3736,3797,3980,3774,3818,3973,3864,3931,4024,3945,4095,3994,4047,4115,3938,3988,4185,3936,4083,4087,4112,4065,4051,4161,4094,4039,4173,4153,3958,4124,4007,4151,4124,4112,4224,4005,4088,4018,4165,4132,4099,4094,4074,4165,3939,4064,3959,4053,3982,4088,4046,4069,4123,4183,4003,4135,3976,3959,4075,4038,3908,4039,3943,3951,3970,3964,3752,3978,3869,3981,3861,3793,3910,3750,3850,3914,3836,3796,3919,3829,3703,3699,3863,3672,3691,3725,3690,3784,3528,3648,3606,3669,3560,3625,3528,3609,3522,3531,3537,3596,3468,3548,3436,3416,3408,3377,3353,3364,3326,3418,3137,3269,3187,3252,3204,3291,3276,3129,3181,3155,3167,3114,3153,3101,3048,2963,2956,3026,2898,2895,2860,2920,2885,2745,2801,2679,2625,2562,2450,2330,2587,0,
3849,2781,2714,2785,2718,2702,2799,2682,2731,2782,2805,2801,2753,2802,2897,2875,2876,2953,2914,2933,3004,3011,3005,3156,3228,3148,3198,3360,3266,3446,3320,3386,3332,3356,3366,3576,3406,3476,3547,3561,3639,3484,3531,3581,3655,3702,3684,3702,3786,3769,3759,3922,3878,3948,3943,3886,3972,3878,3987,3959,3964,4095,3856,3887,3974,4032,4188,4057,4130,4145,4123,4196,4127,4166,4099,4198,4191,4191,4202,4240,4272,4236,4252,4159,4375,4382,4275,4362,4325,4317,4226,4214,4233,4417,4382,4230,4389,4255,4261,4113,4217,4362,4249,4124,4248,4236,4290,4306,4174,4102,4225,4195,4091,4089,4222,4193,4192,4205,3944,4069,4146,4188,4145,4230,4105,4075,4142,4039,4101,4042,4077,3945,4018,3976,3994,3918,3862,4030,3922,3913,3865,3851,3849,3899,3854,3951,3762,3761,3778,3689,3782,3709,3537,3705,3750,3718,3671,3663,3667,3596,3563,3554,3510,3502,3568,3467,3416,3454,3466,3361,3337,3240,3296,3241,3350,3265,3235,3254,3275,3266,3213,3251,3085,3180,3117,3107,3121,3025,2881,2991,2939,2844,2837,2760,2666,2633,2512,2338,2810,0,
3946,2759,2828,2680,2819,2796,2876,2840,2904,2899,2835,2892,2861,2979,3049,3027,3004,3054,2983,3147,3291,3132,3196,3319,3216,3295,3461,3382,3537,3417,3341,3377,3529,3483,3538,3521,3617,3684,3671,3780,3759,3767,3893,3795,3766,3913,3921,3851,3914,3856,4023,3954,3996,3972,4071,4061,4100,4114,4022,4111,4242,4193,4091,4159,4280,4298,4233,4303,4302,4463,4270,4331,4266,4271,4315,4355,4480,4246,4350,4455,4380,4407,4510,4418,4447,4288,4406,4413,4377,4438,4349,4317,4459,4421,4463,4500,4385,4562,4372,4441,4479,4540,4514,4471,4475,4423,4412,4421,4507,4479,4343,4475,4440,4306,4341,4292,4294,4304,4354,4288,4226,4226,4326,4229,4138,4096,4100,4156,4156,4113,4153,4091,4209,4161,4050,3988,4008,4089,4025,4048,3949,4128,4032,4044,3942,3945,3951,4067,3944,3931,3895,3849,3840,3917,3958,3763,3654,3703,3572,3720,3565,3651,3662,3582,3632,3571,3685,3450,3486,3623,3565,3493,3387,3308,3469,3353,3268,3474,3285,3328,3228,3188,3237,3278,3226,3189,3143,3127,2978,3095,3012,2898,2888,2855,2819,2689,2595,2361,2765,0,
4141,2839,2861,2934,2812,2848,2892,2932,3053,3018,2953,3035,3002,3116,3107,3138,3159,3134,3158,3260,3219,3245,3269,3306,3312,3402,3429,3434,3404,3490,3566,3560,3733,3681,3735,3669,3685,3822,3812,3753,3831,3785,3867,3896,3916,3980,4020,4034,4035,4088,4221,4057,4227,4184,4223,4222,4276,4250,4302,4448,4463,4504,4258,4449,4428,4448,4461,4495,4415,4386,4482,4487,4471,4547,4536,4472,4458,4560,4537,4547,4502,4566,4504,4494,4532,4593,4549,4566,4443,4534,4561,4752,4541,4480,4524,4537,4609,4645,4790,4567,4655,4726,4678,4631,4568,4561,4459,4524,4467,4407,4438,4615,4504,4461,4313,4376,4533,4548,4402,4419,4427,4366,4401,4391,4398,4348,4355,4348,4257,4280,4271,4286,4238,4134,4347,4195,4287,4183,4249,4087,4115,4078,4223,4116,4179,4010,4106,3987,3994,4069,4041,3913,3863,3861,3918,3951,3891,3766,3888,3718,3736,3634,3859,3723,3630,3610,3675,3539,3489,3553,3593,3551,3521,3512,3490,3485,3542,3525,3415,3340,3429,3319,3337,3304,3276,3173,3174,3237,3203,3143,3113,3015,2923,2971,2960,2781,2680,2524,2773,0,
4362,2998,2973,3001,2962,2970,2897,3140,3100,3121,3102,3218,3261,3153,3240,3140,3296,3279,3321,3371,3372,3346,3471,3378,3440,3604,3557,3536,3529,3670,3585,3607,3627,3672,3777,3802,3980,4030,3950,3770,4019,4176,3978,4129,4107,4006,4092,4175,4172,4331,4266,4214,4287,4267,4339,4329,4331,4415,4424,4449,4499,4494,4566,4498,4498,4481,4467,4530,4592,4627,4556,4500,4611,4769,4594,4579,4718,4665,4649,4740,4761,4737,4717,4613,4658,4677,4792,4584,4784,4610,4774,4760,4810,4828,4745,4725,4741,4801,4789,4696,4779,4747,4737,4749,4653,4598,4716,4719,4707,4817,4726,4730,4726,4660,4686,4692,4680,4699,4612,4586,4561,4549,4509,4481,4604,4678,4419,4533,4422,4366,4557,4441,4441,4397,4464,4310,4331,4319,4239,4292,4212,4301,4331,4126,4147,4100,4125,4277,4063,4070,4093,3988,4106,4038,4136,4023,3906,3928,4039,3840,3955,3957,3771,3824,3815,3798,3699,3570,3711,3604,3671,3659,3603,3733,3606,3654,3564,3576,3472,3495,3415,3420,3461,3405,3275,3302,3282,3199,3297,3319,3116,3241,3156,2968,2956,2766,2733,2577,2984,0,
4332,3051,2967,3000,3108,3031,3024,3053,3144,3181,3120,3184,3062,3124,3236,3356,3260,3262,3373,3382,3417,3439,3456,3494,3489,3615,3647,3709,3675,3764,3698,3779,3768,3740,3873,3957,3985,3896,3974,3927,4110,4185,4122,4258,4149,4139,4288,4134,4242,4238,4402,4384,4387,4327,4416,4428,4518,4513,4355,4632,4547,4665,4807,4648,4652,4682,4894,4710,4742,4734,4878,4804,4765,4837,4910,4896,4727,4770,4739,4926,4923,4705,4840,5037,4906,4993,4854,4757,4940,4794,4947,4768,4767,4941,4754,4784,4850,4927,4887,4833,5011,4728,4934,4869,4924,4749,4760,4952,4867,4837,4889,4800,4921,4856,4706,4811,4768,4671,4673,4589,4671,4805,4685,4695,4758,4674,4625,4552,4542,4515,4524,4585,4472,4487,4543,4545,4413,4403,4539,4526,4458,4430,4357,4417,4296,4350,4383,4259,4246,4218,4149,4038,4064,4062,4131,4225,4080,4109,4172,4063,3944,3981,3870,3823,3930,3787,3860,3827,3759,3807,3758,3631,3687,3639,3708,3624,3685,3531,3555,3641,3560,3626,3569,3458,3481,3427,3486,3399,3332,3310,3289,3217,3136,3117,3082,2831,2793,2640,2947,0,
4420,3191,3164,3236,3185,3118,2997,3148,3252,3202,3252,3338,3318,3283,3370,3299,3378,3485,3594,3509,3439,3580,3532,3575,3512,3609,3809,3736,3873,3836,3744,3848,3901,3980,3987,3967,4096,4139,4157,4203,4173,4145,4280,4150,4191,4382,4205,4301,4316,4312,4451,4634,4508,4562,4574,4561,4532,4816,4635,4574,4725,4896,4671,4741,4699,4842,4846,4773,4834,4863,4918,4817,4877,4867,4903,5004,4979,4968,5049,4910,5067,4925,5018,4962,5064,5045,4962,5040,4973,5063,5093,5012,5054,5151,4972,4948,5097,5057,5129,5095,4986,4785,4954,5079,4943,4915,5047,4996,5161,5112,4988,4944,4860,4823,4782,4925,4820,4720,4729,4797,4707,4918,4758,4615,4747,4739,4830,4665,4650,4679,4637,4542,4628,4763,4624,4633,4617,4655,4512,4473,4404,4592,4413,4546,4389,4395,4430,4500,4244,4231,4297,4354,4282,4276,4325,4155,4196,4137,4049,4165,4056,4038,4111,3981,4022,4020,3915,3973,3968,3989,3996,3806,3837,3790,3796,3940,3819,3676,3718,3760,3682,3663,3515,3534,3626,3568,3582,3487,3461,3425,3375,3336,3247,3105,3122,3016,2853,2658,3088,0,
4546,2978,3080,3127,3160,3177,3232,3208,3307,3339,3281,3366,3314,3351,3534,3539,3525,3459,3502,3484,3657,3652,3672,3774,3758,3670,3748,3802,3798,3699,4024,3941,4039,4005,4048,3986,4122,4162,4177,4141,4229,4151,4336,4363,4485,4369,4362,4474,4518,4549,4542,4530,4584,4583,4531,4685,4735,4697,4676,4772,4939,4893,4834,4918,4824,4773,5029,4965,4931,5042,4900,4964,5007,4988,5072,5015,5029,5032,5168,4970,5194,5053,5098,5110,5148,5034,5126,5079,5038,5297,5199,5205,5323,5130,5214,5087,5140,5128,5152,5222,5129,5118,5194,5087,5062,5006,5037,5118,4929,5013,5146,5065,5090,5175,4928,4924,5009,4918,4907,4914,4906,4874,4909,4829,4841,4915,4729,4739,4794,4868,4702,4725,4700,4673,4587,4761,4713,4458,4702,4535,4715,4680,4618,4571,4524,4482,4420,4424,4528,4307,4373,4214,4217,4261,4349,4351,4266,4211,4232,4142,4032,4139,4144,4071,4138,3991,3980,4028,4042,4128,4011,3838,3892,3972,3916,3851,3947,3921,3841,3726,3721,3707,3820,3629,3594,3628,3712,3560,3428,3435,3453,3309,3241,3259,3154,2984,2896,2757,3284,0,
4720,3228,3318,3287,3289,3287,3346,3302,3359,3362,3280,3477,3501,3471,3477,3505,3442,3543,3594,3605,3612,3690,3755,3799,3848,3788,3914,3834,3932,3865,4134,4166,4111,4222,4124,4120,4201,4286,4365,4300,4318,4385,4417,4326,4434,4432,4599,4623,4581,4642,4600,4738,4658,4805,4783,4766,4833,4909,4837,4929,4881,4994,4990,5006,5170,5010,5120,4942,5088,5075,4989,5174,4961,5091,5059,5295,5238,4984,5069,5223,5147,5191,5184,5190,5229,5202,5327,5264,5191,5394,5301,5242,5396,5174,5354,5322,5348,5194,5191,5299,5169,5255,5047,5144,5138,5023,5340,5074,5108,5125,5121,5304,5237,5179,4983,5014,5071,4973,5043,4900,5061,5024,5110,4928,5074,4847,5013,4920,4905,4955,4922,4760,4808,4730,4692,4737,4777,4716,4603,4683,4775,4752,4747,4739,4652,4552,4609,4528,4424,4520,4355,4430,4404,4328,4448,4320,4298,4188,4334,4231,4425,4237,4177,4158,4286,4286,4197,4202,4153,4143,4103,4004,3906,4012,3933,4014,3944,3947,3964,3967,3873,3827,3883,3695,3753,3667,3628,3682,3560,3520,3530,3462,3301,3309,3199,3170,3017,2754,3364,0,
4688,3294,3237,3142,3320,3316,3256,3317,3530,3378,3341,3438,3478,3456,3554,3587,3583,3618,3656,3643,3762,3804,3760,3920,3753,3947,3890,3878,3997,4010,4108,4166,4093,4171,4321,4185,4258,4372,4295,4377,4462,4480,4479,4383,4594,4513,4471,4559,4770,4714,4729,4639,4638,4751,4729,4872,4825,4961,4941,4883,5062,5059,5171,5015,5032,5233,5018,5021,5064,5265,5024,5313,5375,5193,5207,5338,5369,5383,5289,5353,5283,5363,5280,5212,5402,5303,5500,5408,5339,5309,5366,5366,5478,5261,5315,5342,5389,5432,5386,5335,5238,5352,5255,5373,5399,5385,5276,5198,5173,5215,5295,5213,5233,5401,5131,5042,5267,5139,5245,5057,5176,5058,5025,5190,5097,5106,5022,4947,5094,5040,4870,4788,4870,4891,4873,4848,4841,4714,4754,4703,4739,4672,4707,4583,4678,4707,4585,4551,4657,4595,4527,4549,4561,4446,4475,4524,4328,4367,4351,4435,4345,4354,4251,4226,4209,4254,4201,4155,4106,4187,4074,4180,3987,4172,4063,3914,4009,3937,3857,3902,3911,3884,3792,3741,3682,3682,3648,3608,3620,3570,3501,3456,3444,3414,3299,3063,2869,2805,3277,0,
4677,3244,3257,3240,3324,3325,3300,3389,3461,3412,3461,3511,3538,3480,3589,3529,3690,3726,3696,3778,3694,3833,3970,4007,3900,3890,4017,4008,4055,3985,4093,4186,4141,4260,4275,4286,4357,4406,4367,4356,4354,4578,4554,4587,4596,4595,4645,4641,4644,4726,4647,4640,4761,4802,4877,4981,4806,4918,5018,5043,5062,4877,5008,5097,5216,5246,5169,5124,5219,5191,5102,5279,5226,5264,5215,5295,5319,5307,5343,5342,5375,5424,5468,5316,5503,5427,5425,5492,5556,5366,5401,5407,5573,5312,5364,5364,5377,5345,5343,5395,5407,5347,5275,5282,5340,5401,5309,5438,5315,5276,5342,5305,5312,5295,5298,5301,5194,5282,5239,5248,5227,5135,5249,5219,5279,5093,5050,5114,5062,5051,4999,5091,4929,5042,5052,4962,4966,4875,4849,4877,4848,4767,4816,4891,4801,4693,4800,4819,4616,4746,4530,4583,4570,4389,4574,4609,4449,4372,4465,4528,4493,4281,4453,4368,4220,4265,4359,4296,4382,4258,4203,4050,4151,4084,3936,4092,3925,3923,3938,3883,3865,3725,4076,3767,3720,3703,3733,3714,3577,3660,3536,3606,3549,3355,3250,3184,3215,2805,3317,0,
4773,3223,3365,3348,3289,3354,3377,3544,3439,3526,3504,3544,3709,3492,3594,3625,3711,3681,3638,3721,3845,3801,3807,3864,3985,4026,3930,4120,4152,4181,4123,4227,4281,4268,4313,4431,4482,4515,4506,4545,4441,4617,4529,4516,4533,4779,4800,4672,4730,4717,4754,4881,4908,4948,5019,5002,4966,5016,5127,5165,5025,5052,5137,5185,5075,5206,5221,5355,5173,5388,5188,5252,5449,5304,5325,5372,5551,5404,5458,5351,5551,5464,5467,5529,5398,5544,5300,5496,5492,5499,5591,5452,5402,5461,5501,5476,5440,5385,5460,5537,5447,5482,5506,5501,5440,5404,5446,5405,5401,5466,5380,5313,5520,5446,5345,5260,5185,5353,5173,5307,5179,5376,5247,5285,5271,5207,5214,5118,5148,5235,5129,5084,5075,5134,5082,5094,4988,5000,5014,4868,4954,4902,4939,4859,4858,4753,4858,4726,4734,4773,4622,4729,4713,4674,4518,4570,4570,4558,4565,4487,4441,4463,4358,4460,4465,4448,4197,4177,4244,4169,4176,4294,4146,4249,4157,4148,4109,4151,4041,3993,3977,3869,3897,3917,3772,3886,3794,3804,3683,3741,3609,3608,3676,3454,3511,3262,3076,2927,3454,0,
4796,3249,3296,3344,3400,3539,3440,3503,3517,3486,3435,3601,3657,3558,3706,3566,3732,3696,3690,3852,3789,3911,3971,3930,4076,3919,3925,3942,4167,4210,4151,4187,4280,4291,4338,4390,4457,4437,4441,4480,4534,4589,4665,4559,4720,4823,4745,4679,4743,4820,4903,4902,4933,5004,5080,5053,5162,5100,5267,5205,5069,5240,5169,5154,5228,5281,5297,5333,5348,5308,5363,5285,5406,5481,5442,5371,5450,5479,5322,5485,5422,5420,5462,5518,5461,5645,5451,5535,5529,5484,5379,5489,5388,5577,5516,5735,5607,5584,5548,5618,5491,5537,5614,5689,5657,5499,5563,5465,5437,5476,5566,5531,5365,5374,5418,5419,5375,5315,5351,5403,5356,5249,5189,5227,5236,5263,5369,5142,5103,5136,5184,5067,5011,5020,5137,5214,5087,4879,5035,4878,4866,4888,4984,4975,4856,4895,4810,4842,4688,4757,4673,4687,4740,4651,4688,4704,4629,4666,4691,4636,4516,4443,4589,4627,4439,4396,4294,4307,4241,4309,4265,4225,4233,4085,4108,4101,4074,4171,4124,4010,4005,3976,3944,3939,3925,3946,3775,3843,3803,3793,3588,3730,3674,3500,3455,3256,3042,2947,3412,0,
5096,3378,3499,3553,3425,3487,3514,3484,3589,3569,3498,3522,3560,3774,3730,3751,3720,3768,3909,3827,3771,3992,4005,3934,3955,4062,4063,4205,4206,4278,4243,4253,4496,4436,4353,4539,4486,4620,4607,4585,4597,4743,4812,4752,4787,4840,4854,4892,4829,4994,4913,4988,4918,5127,5191,5110,5011,5255,5066,5148,5230,5246,5317,5296,5381,5350,5334,5440,5476,5370,5326,5352,5495,5510,5582,5621,5411,5552,5379,5496,5615,5579,5491,5525,5483,5520,5422,5637,5680,5520,5550,5729,5630,5588,5631,5564,5606,5683,5583,5576,5565,5600,5611,5628,5413,5612,5466,5573,5542,5451,5518,5639,5427,5491,5533,5326,5464,5376,5451,5394,5346,5343,5325,5481,5358,5336,5175,5371,5207,5278,5048,5354,5197,5207,5195,5113,5130,5209,5019,5027,5099,5099,5013,4967,4936,4868,4894,4920,4897,4823,4755,4866,4767,4752,4637,4628,4637,4761,4644,4611,4578,4445,4531,4446,4403,4473,4307,4438,4353,4427,4274,4332,4406,4372,4151,4164,4173,4190,4071,4159,4080,4117,3947,3953,3938,3949,3987,3893,3787,3736,3662,3709,3636,3492,3488,3364,3222,2964,3520,0,
4985,3520,3420,3428,3491,3454,3485,3441,3566,3547,3670,3706,3760,3663,3739,3710,3800,3861,3886,3865,4008,3853,4021,3999,3972,4225,3993,4140,4199,4210,4357,4181,4341,4383,4386,4489,4525,4649,4674,4780,4689,4777,4827,4843,4886,4843,4975,4985,5016,5091,5093,5062,5128,5111,5163,5193,5127,5349,5322,5411,5281,5413,5468,5384,5445,5301,5663,5586,5570,5610,5578,5592,5604,5613,5609,5673,5631,5507,5600,5694,5566,5551,5651,5517,5660,5655,5758,5762,5721,5581,5780,5776,5759,5754,5861,5852,5796,5715,5670,5663,5602,5513,5450,5621,5721,5742,5621,5583,5632,5675,5579,5574,5632,5557,5495,5685,5492,5516,5568,5483,5529,5366,5518,5363,5402,5362,5228,5313,5256,5330,5260,5293,5234,5218,5150,5353,5115,5151,5155,5069,5141,5034,5000,4956,4998,5114,4980,4978,4830,4964,4692,4847,4870,4859,4750,4931,4757,4759,4686,4593,4693,4581,4578,4581,4599,4617,4440,4563,4398,4501,4296,4376,4406,4314,4255,4361,4264,4238,4123,4257,4071,4086,4005,4137,4027,3903,3922,3837,3886,3906,3753,3647,3750,3547,3468,3281,3124,2955,3489,0,
4977,3423,3523,3494,3452,3599,3681,3600,3557,3732,3664,3684,3728,3828,3832,3844,3850,3969,3971,3934,3898,4018,4042,4207,4066,4270,4185,4331,4206,4300,4580,4439,4515,4534,4566,4655,4601,4589,4693,4700,4818,4878,4809,4930,4867,4920,4982,4986,5045,5244,5119,5129,5211,5160,5098,5234,5251,5275,5239,5296,5274,5373,5484,5493,5391,5450,5390,5593,5427,5586,5662,5587,5512,5718,5655,5734,5658,5685,5604,5678,5659,5735,5763,5840,5722,5772,5816,5775,5679,5757,5658,5799,5779,5880,5728,5700,5762,5717,5830,5855,5756,5819,5891,5797,5808,5736,5653,5615,5571,5576,5426,5629,5594,5468,5492,5480,5536,5477,5591,5564,5564,5453,5489,5434,5546,5528,5542,5423,5323,5421,5307,5373,5175,5494,5327,5183,5213,5281,5197,5229,5139,5119,5107,5201,5057,5117,4959,4963,5042,4980,4965,4927,4803,4911,4742,4702,4765,4715,4728,4660,4461,4725,4714,4597,4478,4548,4502,4540,4394,4490,4326,4293,4445,4303,4239,4288,4293,4233,4306,4215,4205,4151,4153,4039,4099,3930,4007,3992,3847,3779,3746,3756,3740,3519,3521,3381,3219,2990,3604,0,
5027,3481,3513,3501,3619,3452,3637,3616,3538,3661,3564,3807,3652,3725,3693,3743,3823,3862,3999,3887,3874,3889,3926,4058,4083,4140,4112,4165,4330,4243,4372,4407,4401,4476,4426,4714,4550,4722,4628,4803,4675,4927,4907,4878,4869,4897,4838,5031,5154,5166,4966,5021,5194,5223,5293,5319,5313,5324,5366,5207,5538,5408,5415,5492,5521,5644,5525,5530,5646,5608,5653,5622,5674,5674,5737,5634,5602,5629,5761,5831,5762,5683,5699,5627,5896,5886,5859,5817,5904,5865,5914,5738,5721,5808,5862,5867,5781,5576,5870,5863,5861,5840,5823,5734,5804,5778,5699,5636,5795,5614,5633,5623,5625,5658,5664,5631,5708,5712,5686,5516,5623,5528,5589,5545,5446,5449,5471,5317,5515,5372,5401,5438,5307,5277,5256,5296,5310,5433,5205,5233,5208,5388,5151,5075,5105,5080,5097,5029,4973,4944,4841,4791,4898,4803,4801,4713,4861,4684,4738,4699,4753,4655,4541,4504,4675,4653,4588,4448,4393,4431,4487,4341,4476,4574,4389,4317,4215,4294,4238,4238,4155,4219,4168,4153,4057,4045,3910,3914,4021,3902,3852,3821,3685,3585,3542,3498,3337,3162,3487,0,
5015,3368,3487,3588,3555,3538,3481,3485,3614,3695,3618,3720,3792,3649,3832,3823,3888,3822,3844,3863,4062,3998,4077,4174,4071,4164,4049,4106,4333,4285,4299,4379,4500,4466,4482,4497,4680,4618,4479,4782,4855,4849,4927,4807,4897,4941,4819,5006,4931,5160,5171,5113,5216,5230,5188,5210,5308,5441,5505,5531,5253,5401,5567,5479,5478,5524,5554,5688,5509,5633,5506,5587,5735,5770,5633,5679,5814,5814,5849,5734,5774,5729,5708,5643,5852,5721,5695,5775,5906,5798,5751,5765,5701,5598,5823,5795,5610,5830,5661,5859,5913,5832,5738,5775,5771,5850,5843,5698,5712,5663,5631,5763,5637,5638,5720,5631,5572,5657,5685,5475,5750,5626,5536,5558,5615,5387,5434,5341,5477,5469,5370,5204,5360,5436,5297,5314,5295,5387,5212,5212,5137,5198,5238,5188,5099,5156,5175,4887,5002,4942,4967,5065,4870,4962,4878,4897,4878,4717,4892,4792,4744,4940,4788,4582,4620,4546,4550,4755,4530,4446,4508,4441,4443,4509,4408,4336,4221,4258,4216,4203,4194,4168,4184,4011,4022,4066,4011,3845,3854,3827,3821,3870,3618,3626,3587,3542,3311,3040,3720,0,
5083,3707,3551,3594,3544,3496,3587,3495,3633,3590,3614,3730,3657,3722,3808,3826,3922,3821,3846,3896,3918,4128,3976,4081,4043,4049,4246,4227,4214,4176,4452,4364,4512,4601,4500,4557,4606,4709,4716,4692,4846,4805,4817,4970,4735,5000,5116,4943,5127,5066,5115,5137,5192,5316,5217,5228,5311,5214,5446,5273,5518,5352,5532,5531,5470,5367,5424,5718,5565,5729,5710,5719,5490,5742,5832,5635,5700,5711,5823,5622,5770,5724,5813,5793,5876,5776,5708,5758,5867,5826,5804,5904,5911,5828,5738,5847,5996,5841,5883,5868,5765,5857,5887,5814,5759,5640,5630,5717,5718,5782,5673,5809,5675,5989,5787,5602,5736,5705,5697,5697,5699,5486,5636,5624,5569,5557,5501,5594,5338,5637,5506,5341,5444,5440,5491,5436,5309,5335,5275,5267,5354,5236,5129,5105,5164,5108,5159,4981,4974,5041,5006,4926,4929,5016,5054,4963,4719,4962,4803,4884,4630,4743,4888,4667,4642,4619,4564,4350,4583,4589,4384,4407,4294,4353,4416,4413,4373,4325,4286,4413,4309,4244,4331,4203,4187,4122,4130,4046,3851,4004,3882,3869,3669,3609,3631,3335,3272,3002,3689,0,
4983,3493,3551,3480,3577,3487,3542,3534,3664,3620,3752,3711,3799,3806,3721,3828,3845,3769,3912,3887,4003,4062,4179,4232,4147,4254,4282,4203,4207,4413,4416,4454,4456,4443,4670,4657,4619,4657,4719,4723,4837,4930,4867,4940,4942,5045,4999,5104,5126,5224,5170,5270,5401,5204,5322,5349,5362,5297,5324,5507,5512,5581,5525,5502,5443,5622,5693,5638,5500,5696,5524,5807,5668,5638,5733,5805,5843,5683,5737,5791,5837,5760,5788,5779,5812,5811,5886,5810,5866,5852,5744,5830,5886,5725,5823,5878,5835,5910,6006,5818,5721,5895,5920,5972,5878,5871,5973,5833,5827,5852,5817,5641,5837,5656,5698,5637,5729,5651,5668,5794,5440,5520,5510,5577,5469,5564,5422,5617,5736,5525,5606,5459,5411,5402,5409,5366,5262,5296,5325,5418,5369,5167,5154,5184,5213,5014,5166,5244,5189,5147,4935,4912,4926,4932,4994,4938,4841,4806,4841,4938,4747,4780,4744,4630,4697,4581,4572,4700,4519,4598,4425,4426,4537,4497,4379,4316,4337,4211,4284,4358,4328,4319,4246,4181,4121,4117,4027,4103,3979,3943,3962,3864,3781,3693,3709,3578,3369,3180,3674,0,
5039,3559,3581,3508,3589,3507,3570,3618,3579,3781,3668,3706,3849,3851,3933,3813,3858,3886,4024,3960,3934,4061,4168,4002,4233,4240,4169,4166,4386,4400,4501,4320,4538,4465,4579,4584,4664,4479,4680,4721,4702,4849,4926,4861,4768,4924,4949,5003,4910,5073,5162,5192,5269,5235,5207,5352,5416,5327,5411,5503,5424,5446,5455,5561,5646,5576,5633,5532,5611,5647,5718,5570,5582,5643,5819,5827,5700,5821,5809,5776,5785,5821,5797,5814,5952,5873,5995,5868,5939,5951,5824,5798,5825,5904,6027,5910,5921,5780,5858,5974,5840,5746,5981,5874,5934,5871,5795,6033,5909,5795,5883,5812,5745,5663,5638,5627,5791,5680,5659,5901,5469,5706,5534,5455,5639,5586,5404,5675,5423,5403,5552,5353,5410,5400,5277,5267,5280,5372,5272,5107,5314,5156,5171,5249,5116,4966,5082,5117,4970,5030,4988,4968,5003,4961,5021,4782,4829,4913,4770,4818,4774,4800,4708,4681,4648,4723,4711,4596,4614,4596,4504,4581,4346,4451,4546,4393,4373,4258,4297,4302,4423,4339,4329,4187,4123,4080,4008,4012,4007,3995,3818,3966,3771,3735,3701,3447,3371,3148,3658,0,
5060,3529,3402,3578,3556,3596,3587,3671,3544,3675,3810,3852,3667,3844,3846,3841,3929,3833,3808,3935,3994,4113,4047,4164,4095,4224,4353,4367,4413,4340,4378,4381,4441,4533,4695,4615,4676,4560,4601,4782,4745,4806,4825,4817,4960,4957,5027,5063,5045,5081,5117,5067,5113,5266,5319,5330,5289,5316,5527,5416,5501,5427,5571,5520,5549,5620,5638,5543,5574,5580,5599,5641,5766,5855,5713,5777,5690,5799,5800,5817,5723,5762,5625,5833,5850,5769,5790,5837,5783,5804,5888,5947,5870,5755,5855,5867,5829,5755,5720,5715,5921,5830,5852,5850,5784,5813,5969,5582,5881,5702,5718,5834,5731,5682,5769,5669,5582,5671,5566,5580,5543,5599,5744,5623,5622,5599,5628,5441,5523,5611,5500,5468,5397,5300,5265,5356,5405,5277,5524,5336,5192,5131,5177,5098,5084,5104,5139,5055,5034,5002,4872,4952,4816,4950,4871,4824,4722,4831,4866,4800,4770,4613,4679,4787,4670,4725,4572,4534,4600,4572,4473,4452,4455,4582,4407,4408,4480,4327,4377,4377,4254,4265,4223,4169,4171,4205,4104,4199,3865,3952,3843,3797,3801,3656,3610,3522,3346,3146,3689,0,
5052,3571,3498,3467,3502,3550,3567,3770,3697,3662,3712,3796,3815,3727,3823,3891,3873,3966,4031,4046,4081,4140,4204,4158,4321,4172,4246,4336,4327,4256,4361,4526,4525,4372,4578,4703,4706,4717,4766,4694,4827,4874,4889,4785,4919,4923,4952,4981,5085,5041,5119,5137,5234,5179,5282,5417,5301,5371,5322,5457,5394,5354,5574,5483,5583,5534,5568,5585,5882,5517,5633,5865,5736,5694,5784,5680,5749,5755,5829,5794,5785,5806,5850,5948,5831,5874,5691,5913,5925,5742,5766,6001,5849,5944,5813,5849,5869,5889,5948,5790,5719,5627,5846,5709,5852,5759,5835,5853,5710,5740,5791,5708,5810,5613,5725,5718,5718,5627,5694,5697,5600,5645,5596,5462,5591,5565,5560,5458,5624,5391,5374,5310,5466,5368,5412,5422,5364,5297,5267,5225,5252,5246,5221,5106,4937,5160,5003,4937,5180,5028,4870,4969,4942,4889,4761,4907,4951,4772,4789,4693,4762,4627,4762,4743,4699,4624,4699,4639,4567,4480,4524,4399,4337,4462,4261,4369,4362,4349,4307,4230,4316,4241,4234,4267,4074,4180,4010,3926,4061,3912,3970,3897,3769,3648,3657,3432,3284,3057,3579,0,
5047,3488,3540,3514,3543,3538,3600,3468,3546,3645,3690,3601,3766,3745,3737,3803,3912,3887,3933,4045,3954,4122,4079,4243,4117,4183,4233,4315,4272,4580,4321,4356,4487,4550,4615,4570,4572,4678,4863,4767,4822,4755,4985,4898,4929,4914,4841,4860,4931,5145,5292,5234,5223,5285,5137,5302,5224,5253,5333,5370,5499,5614,5465,5490,5657,5421,5631,5625,5695,5557,5648,5641,5617,5534,5604,5737,5674,5779,5647,5683,5596,5755,5748,5558,5719,5792,5944,5883,5737,5945,5859,5827,5797,5813,5886,5986,5869,5933,5882,5880,5777,5913,6072,5783,5689,5753,5846,5777,5830,5988,5612,5630,5800,5646,5767,5674,5706,5683,5568,5571,5585,5685,5762,5468,5642,5651,5667,5572,5507,5520,5377,5516,5379,5426,5416,5383,5215,5294,5247,5068,5279,5153,5145,5131,5025,5005,4925,5101,5128,4927,4949,5075,5032,4961,4850,4821,4657,4836,4755,4947,4758,4779,4689,4666,4769,4512,4628,4519,4542,4584,4433,4408,4399,4460,4464,4442,4333,4372,4356,4361,4123,4182,4217,4205,4129,4079,4018,4038,4020,3872,3917,3811,3737,3774,3667,3472,3334,3108,3567,0,
5061,3460,3523,3454,3568,3512,3513,3630,3504,3582,3583,3696,3588,3854,3635,3842,3928,3849,3871,3880,3984,3908,3979,4036,4091,4167,4209,4330,4259,4357,4378,4376,4442,4433,4420,4542,4710,4606,4705,4697,4672,4645,4779,4801,4985,4968,4912,5047,5080,5026,5100,5288,5110,5203,5237,5267,5137,5377,5322,5451,5456,5537,5392,5451,5477,5616,5584,5477,5552,5644,5705,5720,5785,5642,5639,5766,5697,5739,5673,5772,5665,5761,5736,5691,5601,5848,5694,5769,5763,5844,5636,5634,5905,5831,5745,5767,5800,5766,5659,5804,5824,5678,5776,5799,5767,5580,5933,5748,5797,5620,5666,5697,5532,5534,5642,5618,5638,5606,5673,5565,5631,5439,5370,5565,5587,5615,5496,5384,5465,5455,5213,5363,5362,5302,5359,5359,5352,5302,5287,5257,5081,5285,5210,5133,5194,5151,5133,5057,4997,5227,5021,4936,5024,4824,5009,4682,4962,4792,4852,4786,4737,4628,4544,4726,4530,4576,4442,4430,4552,4609,4508,4459,4461,4306,4367,4269,4498,4376,4161,4370,4142,4164,4284,4174,4141,4072,3991,4127,3978,3802,3896,3859,3847,3682,3533,3539,3301,3142,3635,0,
4980,3470,3434,3530,3422,3540,3642,3736,3591,3771,3618,3723,3661,3761,3923,3862,3869,3923,4053,4084,4071,4042,4128,4068,4243,4128,4203,4262,4344,4320,4351,4378,4439,4445,4488,4418,4510,4606,4716,4539,4640,4696,4744,4816,4739,4920,4911,4921,4944,5066,5096,5202,5161,5125,5082,5205,5176,5240,5358,5256,5350,5299,5607,5456,5543,5643,5531,5532,5620,5615,5643,5685,5517,5648,5748,5770,5607,5546,5892,5664,5661,5713,5832,5735,5778,5830,5819,5866,5709,5852,5634,5756,5599,5779,5796,5758,5825,5707,5639,5651,5682,5812,5791,5803,5874,5764,5710,5637,5900,5660,5636,5761,5605,5571,5817,5585,5620,5737,5608,5519,5588,5499,5548,5562,5552,5535,5472,5450,5427,5277,5377,5408,5355,5397,5262,5355,5221,5252,5226,5190,5123,5131,5210,5242,5077,5049,4987,5060,5022,4990,4965,4921,4872,4908,4916,4792,4727,4814,4787,4764,4701,4765,4633,4545,4516,4496,4574,4553,4493,4502,4430,4512,4347,4403,4523,4331,4293,4338,4340,4177,4269,4152,4154,4293,4136,4064,4038,3938,3778,3873,3669,3756,3630,3520,3534,3454,3327,3013,3556,0,
4990,3435,3463,3514,3488,3569,3511,3542,3610,3574,3645,3687,3653,3676,3753,3837,3846,3829,3840,4011,4054,4077,4014,4094,4061,4075,4210,4293,4256,4378,4398,4433,4418,4481,4479,4515,4689,4638,4733,4694,4729,4791,4767,4843,4914,4975,4974,5003,4792,5076,5083,5107,5170,5211,5234,5188,5285,5270,5282,5428,5286,5402,5313,5483,5531,5463,5537,5468,5498,5624,5780,5555,5589,5562,5590,5578,5581,5544,5587,5550,5780,5768,5695,5756,5736,5764,5575,5651,5949,5652,5743,5720,5699,5747,5706,5846,5827,5783,5674,5661,5749,5788,5749,5824,5723,5727,5586,5715,5728,5747,5671,5627,5604,5631,5723,5632,5615,5529,5597,5562,5519,5487,5405,5479,5510,5508,5342,5466,5365,5474,5427,5376,5372,5222,5172,5140,5247,5180,5147,5102,5151,4999,5186,5190,5032,5081,4989,4956,5080,4877,4872,4850,4909,4892,4836,4874,4800,4854,4732,4769,4600,4714,4701,4627,4654,4715,4537,4574,4476,4504,4480,4346,4404,4326,4432,4322,4224,4243,4227,4177,4186,4140,4131,4122,3948,4013,3939,3808,3829,3795,3840,3641,3551,3716,3455,3357,3266,3104,3470,0,
4998,3420,3409,3437,3480,3572,3436,3490,3545,3576,3558,3666,3707,3735,3781,3847,3872,3788,4016,3914,3820,3981,4063,4021,4120,4193,4209,4252,4201,4096,4352,4510,4327,4500,4345,4396,4603,4565,4607,4739,4739,4744,4845,4717,4740,4945,4919,4923,5008,4979,5048,5022,4972,5239,5121,5285,5178,5073,5340,5336,5287,5316,5454,5486,5522,5381,5562,5460,5658,5570,5449,5547,5599,5716,5588,5506,5585,5685,5622,5617,5613,5585,5598,5721,5717,5583,5683,5814,5805,5662,5707,5776,5784,5807,5722,5744,5728,5684,5737,5798,5597,5800,5850,5714,5666,5725,5484,5641,5725,5631,5662,5670,5678,5582,5507,5608,5660,5405,5633,5489,5513,5472,5446,5424,5450,5437,5424,5287,5348,5305,5321,5255,5357,5349,5132,5192,5157,5112,5203,5042,5009,5071,5005,5145,5014,4992,4974,4891,5083,4896,4853,4874,4914,4950,4713,4780,4847,4817,4630,4604,4690,4648,4662,4613,4689,4528,4569,4395,4472,4446,4406,4456,4410,4339,4299,4140,4212,4222,4221,4193,4281,4099,4007,4005,4004,4141,3953,3772,3910,3812,3757,3774,3724,3586,3590,3454,3409,3084,3510,0,
4949,3406,3415,3520,3366,3500,3503,3560,3512,3502,3645,3604,3585,3691,3756,3810,3696,3812,3827,3770,3843,4010,3897,4096,4097,4159,4146,4099,4206,4231,4291,4303,4405,4469,4425,4536,4516,4587,4610,4572,4740,4608,4839,4690,4664,4900,4943,4913,4974,4928,4931,5102,5032,5114,5069,5347,5136,5270,5375,5368,5273,5326,5598,5410,5250,5370,5269,5379,5380,5407,5412,5481,5523,5431,5480,5597,5551,5440,5647,5513,5530,5640,5751,5544,5500,5721,5726,5700,5738,5666,5848,5630,5537,5675,5575,5679,5595,5614,5760,5650,5621,5672,5733,5594,5593,5718,5641,5762,5666,5573,5576,5454,5506,5528,5457,5437,5446,5435,5533,5401,5386,5508,5277,5392,5454,5376,5573,5393,5275,5110,5260,5274,5254,5272,5036,5233,5130,5080,5174,5091,5016,4958,5030,5127,5004,4952,4914,5025,4862,4996,4968,4774,4825,4833,4883,4829,4705,4738,4687,4597,4545,4679,4574,4399,4424,4489,4319,4380,4398,4346,4236,4376,4245,4287,4116,4161,4188,4093,4227,4070,4082,4017,3966,4018,4111,3900,4029,4024,3845,3801,3676,3761,3567,3696,3578,3371,3225,2920,3591,0,
4843,3307,3276,3268,3377,3420,3439,3492,3482,3405,3502,3554,3621,3664,3682,3589,3799,3769,3727,3761,3767,3896,3948,4019,4013,4101,4023,4109,4174,4143,4282,4276,4240,4331,4391,4448,4395,4621,4554,4541,4660,4557,4586,4776,4762,4795,4906,4797,4740,4973,4947,4988,5025,4963,5100,5082,5076,5239,5133,5366,5221,5229,5418,5250,5291,5360,5363,5353,5478,5564,5409,5399,5385,5317,5511,5359,5414,5326,5628,5581,5509,5517,5553,5616,5487,5498,5585,5588,5588,5662,5529,5628,5654,5712,5618,5571,5557,5670,5729,5583,5622,5586,5490,5647,5576,5518,5562,5607,5513,5520,5563,5584,5509,5500,5371,5415,5437,5349,5446,5525,5350,5360,5279,5405,5336,5254,5412,5330,5271,5305,5143,5142,5190,5164,4978,5195,5076,5188,4951,5015,4996,5149,5084,5054,4814,4936,4865,4916,4896,4866,4798,4729,4702,4841,4832,4624,4639,4675,4729,4689,4546,4404,4595,4532,4520,4424,4343,4312,4319,4314,4262,4201,4257,4337,4347,4223,4183,4175,4259,4254,4088,3923,4016,4007,4038,4077,3903,3932,3774,3872,3834,3685,3627,3554,3518,3305,3238,3023,3501,0,
4953,3310,3354,3391,3465,3441,3457,3413,3431,3482,3535,3458,3444,3673,3655,3654,3647,3684,3814,3835,3829,3825,3875,3878,4013,3966,4141,4023,4053,4114,4154,4360,4255,4400,4305,4373,4416,4382,4544,4596,4607,4470,4672,4689,4742,4751,4637,4718,4772,4851,4924,4884,4996,4992,4949,4959,5177,4980,4982,5082,5053,5236,5270,5185,5296,5169,5241,5297,5263,5508,5311,5471,5386,5368,5367,5306,5527,5468,5495,5521,5471,5480,5302,5440,5379,5413,5583,5518,5477,5405,5550,5398,5425,5455,5522,5491,5507,5504,5588,5457,5529,5418,5530,5344,5406,5536,5524,5448,5465,5471,5433,5434,5467,5505,5257,5426,5357,5374,5340,5311,5349,5270,5128,5291,5178,5268,5403,5073,5131,5211,5220,5205,5135,5096,5125,5004,5061,5074,5050,5021,4955,4954,4951,4763,4743,4808,4925,4865,4838,4772,4655,4803,4671,4594,4674,4656,4608,4583,4571,4494,4549,4557,4484,4491,4331,4401,4314,4275,4317,4261,4219,4112,4232,4169,4035,4202,4049,4124,3949,3929,4008,4062,3946,3869,3936,3910,3806,3662,3703,3749,3721,3578,3470,3505,3396,3207,3194,2956,3522,0,
4830,3208,3332,3364,3346,3250,3341,3440,3318,3377,3368,3449,3481,3588,3515,3573,3687,3553,3703,3605,3715,3804,3799,3864,3809,3883,3956,4061,4172,4168,4162,4150,4156,4255,4246,4368,4334,4273,4427,4426,4420,4513,4508,4638,4638,4559,4650,4770,4654,4750,4840,4786,5016,4966,4886,4928,4975,4928,5038,4960,5061,5003,5156,5239,5340,5196,5193,5304,5332,5250,5311,5299,5355,5254,5319,5224,5356,5427,5259,5464,5507,5287,5329,5399,5392,5601,5429,5476,5419,5557,5464,5478,5376,5459,5536,5313,5423,5383,5374,5400,5413,5476,5399,5319,5399,5340,5264,5437,5665,5304,5402,5345,5471,5367,5270,5413,5211,5366,5148,5181,5263,5218,5103,5119,5170,5059,5147,5192,5044,5116,5093,5042,5108,5059,5030,5009,4972,4935,4966,5026,4920,4956,4799,4741,4919,4749,4619,4641,4707,4794,4636,4548,4537,4562,4595,4480,4602,4472,4392,4459,4529,4379,4416,4276,4348,4448,4174,4231,4163,4195,4172,4079,4159,4099,4067,4148,4110,4062,3821,3969,3807,3850,3874,3840,3830,3744,3768,3738,3569,3751,3553,3628,3393,3492,3391,3234,3148,2889,3492,0,
4655,3219,3384,3291,3211,3277,3228,3469,3328,3296,3400,3411,3409,3478,3580,3544,3576,3815,3752,3818,3706,3678,3755,3825,3855,3821,3897,3961,3952,4023,4165,4120,4135,4227,4133,4227,4269,4325,4338,4346,4488,4372,4421,4447,4657,4461,4520,4560,4594,4729,4724,4876,4726,4881,4817,4869,4826,5016,4897,4882,4948,4934,5011,5061,4956,5095,5260,5188,5174,5089,5198,5235,5278,5194,5279,5225,5236,5297,5254,5327,5348,5400,5439,5325,5364,5302,5332,5339,5253,5349,5332,5273,5339,5356,5378,5296,5386,5312,5391,5408,5322,5333,5379,5355,5354,5458,5221,5405,5157,5335,5326,5331,5182,5240,5275,5250,5249,5109,5127,5258,5109,5151,5104,5039,5027,5102,5094,5081,5053,5037,4967,5156,5016,5084,4969,4920,4932,4942,4818,4976,4833,4774,4811,4643,4532,4742,4696,4560,4633,4593,4656,4581,4555,4458,4515,4464,4465,4411,4399,4389,4410,4318,4319,4303,4238,4170,4139,4137,4070,4032,4121,4039,4040,4010,4021,3913,4000,3928,3956,3857,3841,3795,3846,3833,3746,3683,3678,3731,3589,3657,3402,3452,3553,3390,3271,3153,3008,2894,3364,0,
4670,3094,3187,3258,3206,3210,3230,3331,3353,3400,3444,3402,3346,3477,3596,3478,3517,3578,3599,3637,3721,3727,3705,3812,3890,3876,3832,3888,3878,4009,3975,4014,4096,4021,4245,4135,4339,4148,4258,4289,4404,4410,4485,4393,4488,4494,4666,4643,4575,4529,4707,4719,4747,4742,4713,4677,4789,4924,4764,4799,4967,4786,4867,5021,4960,4969,5086,5015,4994,5065,5036,5160,5081,5139,5073,5100,5128,5177,5239,5316,5272,5168,5117,5149,5196,5173,5131,5237,5162,5282,5327,5270,5226,5301,5290,5209,5252,5250,5319,5179,5216,5265,5320,5110,5125,5126,5243,5067,5221,5049,5128,4980,5143,5085,4956,5116,5064,4988,5082,5056,5068,5085,5059,5163,4968,5149,4908,4973,4937,5072,4920,4967,4889,4817,4868,4745,4759,4893,4728,4802,4733,4841,4674,4815,4669,4607,4631,4670,4598,4530,4498,4539,4515,4359,4398,4357,4380,4159,4286,4261,4244,4200,4221,4254,4094,4090,3971,4133,4217,4158,4114,3950,4131,4006,3904,3997,3905,3839,3757,3775,3714,3743,3734,3728,3817,3838,3573,3630,3628,3637,3474,3453,3449,3261,3268,3165,3054,2844,3265,0,
4510,3184,3190,3152,3270,3069,3180,3316,3237,3225,3292,3309,3197,3425,3398,3434,3372,3454,3524,3576,3642,3674,3621,3561,3703,3669,3670,3847,3913,3989,3867,3804,3934,3874,4102,4100,4103,4149,4157,4068,4122,4263,4268,4354,4290,4334,4513,4379,4392,4531,4588,4568,4628,4718,4653,4599,4743,4877,4774,4709,4826,4870,4778,4794,4967,4899,4958,5077,4861,4907,4923,4968,4988,5063,5043,5004,5049,5087,5037,4986,5240,4989,5145,5084,5033,5105,5207,5011,5045,5151,5100,5123,5164,5187,5096,5197,5203,5173,5210,5118,5312,5059,5166,5239,5042,5224,4984,5069,5092,5157,5036,5018,4934,5021,4884,4920,5076,4832,5031,4816,4928,4942,4946,4813,4747,4841,4835,4732,4789,4700,4852,4664,4731,4723,4800,4732,4689,4708,4736,4553,4712,4658,4624,4514,4510,4467,4475,4409,4443,4397,4466,4333,4397,4195,4357,4431,4311,4207,4230,4321,4259,4219,4042,4095,4011,4062,4121,4045,3968,4073,4102,3938,3940,3951,3871,3813,3799,3767,3886,3677,3791,3708,3763,3651,3604,3535,3557,3482,3527,3662,3419,3384,3360,3293,3143,3070,3052,2820,3270,0,
4374,3153,3068,3136,3110,3108,3141,3183,3212,3273,3265,3153,3119,3417,3369,3373,3366,3417,3340,3542,3426,3478,3494,3626,3563,3613,3710,3786,3919,3805,3818,3812,3909,3900,3924,4077,4062,4045,4052,4151,4180,4172,4275,4343,4344,4296,4423,4472,4543,4620,4531,4532,4493,4580,4495,4540,4572,4625,4647,4741,4730,4624,4674,4847,4745,4819,4678,4746,4901,4947,4721,4818,4898,4840,4835,4903,4879,5009,4837,4844,4914,4915,4998,5049,5063,5027,5158,5131,4916,5010,5007,5009,5051,5113,5030,5052,4990,5019,5103,4942,5070,5105,4853,5043,4933,4974,4884,4963,5111,4917,4946,4946,5012,4781,4945,4853,4822,4869,4890,4867,4941,4779,4789,4740,4794,4790,4642,4773,4763,4687,4812,4650,4605,4691,4557,4593,4644,4572,4520,4413,4463,4432,4546,4554,4305,4256,4347,4491,4454,4375,4255,4298,4248,4223,4219,4154,4194,4226,4284,4125,4050,4026,4136,4062,4018,3891,4058,4100,4034,3882,4052,3930,3762,3929,3750,3703,3775,3730,3724,3662,3711,3666,3531,3483,3536,3514,3538,3469,3420,3318,3363,3330,3369,3164,3255,2978,2902,2675,3150,0,
4430,3056,3063,3064,3035,3063,3131,3077,3093,3207,3099,3202,3217,3287,3319,3383,3353,3368,3375,3452,3479,3478,3516,3548,3540,3517,3420,3638,3661,3754,3818,3675,3780,3828,3874,3924,3943,3966,4033,3947,4010,4035,4141,4059,4257,4316,4344,4222,4248,4459,4254,4378,4398,4427,4435,4442,4403,4566,4498,4612,4514,4658,4729,4695,4698,4659,4718,4688,4832,4736,4656,4605,4777,4797,4800,4837,4992,5000,4893,4862,4865,4817,4888,4987,4783,4934,4796,4936,4807,4899,4701,4745,4910,4914,5003,4889,4981,5024,4918,4960,5028,4876,5015,4854,4827,4887,4854,4916,4845,4890,4827,4900,4733,4815,4765,4672,4816,4851,4636,4757,4740,4696,4558,4754,4536,4536,4623,4698,4567,4754,4604,4670,4482,4498,4627,4507,4402,4488,4582,4361,4472,4470,4358,4331,4297,4403,4269,4185,4311,4275,4140,4169,4217,4212,4237,4196,4045,4060,3975,4051,4019,4027,4029,3999,3980,4009,3890,3968,3942,3787,3798,3862,3775,3848,3659,3657,3630,3600,3546,3746,3529,3616,3506,3545,3428,3393,3475,3322,3360,3244,3263,3269,3167,3127,3083,2985,2827,2683,3063,0,
4224,2900,2881,2917,2900,3019,3030,3019,2983,3006,2968,3173,2973,3222,3135,3201,3287,3215,3360,3342,3354,3325,3422,3279,3462,3520,3506,3499,3594,3638,3534,3779,3772,3744,3782,3809,3814,3959,3961,3981,4055,3971,3985,4006,4015,4056,4082,4128,4120,4269,4249,4362,4225,4342,4350,4374,4361,4430,4414,4379,4463,4443,4593,4590,4552,4566,4562,4586,4716,4654,4644,4579,4613,4735,4770,4748,4596,4530,4639,4654,4640,4645,4607,4725,4698,4731,4834,4714,4671,4666,4863,4619,4804,4764,4793,4799,4692,4652,4797,4683,4727,4680,4756,4687,4607,4637,4697,4697,4681,4714,4583,4669,4713,4624,4819,4603,4482,4455,4419,4665,4652,4568,4541,4532,4531,4313,4471,4542,4556,4519,4442,4375,4419,4369,4277,4390,4245,4353,4405,4370,4231,4323,4226,4193,4195,4151,4231,4174,4058,4214,4044,4064,3985,4129,4076,4088,3992,4027,3958,3887,3931,3922,3963,3894,3803,3826,3889,3797,3885,3780,3769,3746,3692,3560,3662,3658,3633,3531,3644,3632,3551,3349,3434,3388,3422,3260,3323,3235,3312,3204,3146,3160,3101,3130,2874,2846,2757,2565,2911,0,
4242,2928,2776,2991,2934,2877,2896,2890,2946,2981,2991,2983,3048,2949,3048,3090,3136,3084,3182,3233,3280,3325,3339,3269,3424,3316,3296,3463,3515,3437,3586,3562,3583,3672,3630,3666,3763,3737,3760,3830,3778,3803,3785,3886,4010,4031,4023,3971,3936,3900,4129,4057,4187,4240,4211,4193,4140,4119,4226,4203,4238,4282,4409,4445,4452,4212,4350,4259,4421,4467,4521,4544,4598,4504,4628,4602,4573,4554,4517,4702,4485,4572,4552,4457,4668,4622,4541,4446,4614,4580,4493,4434,4589,4441,4544,4611,4577,4512,4520,4549,4699,4569,4644,4671,4606,4510,4512,4685,4547,4720,4479,4526,4450,4494,4456,4378,4607,4611,4429,4404,4373,4482,4458,4420,4381,4349,4401,4289,4365,4365,4347,4289,4238,4207,4267,4281,4262,4256,4157,4099,4189,4163,4104,4178,4081,4110,3986,4052,4030,3966,3966,3971,3989,3881,3852,3839,3799,3862,3688,3700,3768,3767,3843,3675,3697,3863,3706,3722,3754,3608,3666,3603,3513,3580,3555,3604,3390,3465,3416,3332,3366,3361,3470,3189,3354,3310,3211,3257,3291,3187,3158,2962,3067,2857,2799,2891,2675,2418,2891,0,
3952,2747,2739,2682,2865,2854,2879,2885,2837,2862,2845,2891,2866,2981,2910,3006,3002,3023,3089,3107,3163,3113,3174,3218,3304,3287,3306,3459,3447,3424,3428,3498,3391,3519,3525,3603,3588,3628,3547,3618,3710,3755,3719,3762,3882,3645,3916,3868,3898,3970,3995,3996,3980,3993,4056,4076,4057,4146,4137,4248,4128,4357,4198,4199,4284,4227,4265,4298,4259,4303,4425,4335,4487,4325,4449,4385,4415,4436,4397,4416,4472,4391,4477,4429,4494,4451,4463,4418,4515,4499,4490,4395,4449,4454,4553,4414,4550,4415,4398,4376,4467,4422,4521,4325,4355,4498,4512,4345,4381,4512,4396,4476,4425,4343,4417,4373,4316,4283,4266,4282,4269,4307,4215,4188,4240,4229,4299,4152,4160,4105,4125,4226,4081,4034,4176,4048,3936,4084,4081,4021,4051,4008,3845,4012,3959,4093,3942,3952,3883,3893,3949,3892,3886,3901,3821,3720,3775,3748,3610,3706,3662,3657,3590,3581,3672,3601,3607,3613,3592,3606,3530,3546,3598,3404,3502,3560,3270,3403,3345,3314,3253,3287,3367,3258,3295,3174,3121,3115,3037,3059,3020,3002,3006,2889,2805,2776,2507,2364,2780,0,
3906,2688,2636,2778,2814,2818,2841,2790,2775,2904,2749,2661,2926,2879,2866,2924,2906,3017,2977,2990,3162,3067,3034,3065,3208,3166,3298,3294,3336,3323,3385,3369,3370,3412,3340,3554,3457,3526,3523,3541,3509,3512,3651,3788,3741,3686,3841,3700,3735,3890,3849,3860,3927,3832,3893,3945,3830,3998,4121,3917,4109,4047,4038,4009,4076,4078,4200,4209,4133,4064,4214,4192,4233,4143,4305,4196,4237,4242,4233,4316,4220,4259,4202,4121,4311,4346,4375,4349,4412,4203,4340,4321,4355,4336,4365,4434,4288,4138,4297,4196,4221,4203,4195,4322,4221,4287,4315,4200,4292,4193,4309,4260,4318,4165,4129,4217,4159,4057,4136,4220,4085,4036,4026,4167,4145,4084,4118,4166,3975,3930,4005,4112,4069,3956,3900,3989,3878,3897,3880,3909,3945,3861,3829,3924,3803,3759,3768,3744,3646,3870,3781,3765,3713,3644,3659,3717,3670,3629,3655,3558,3495,3563,3597,3615,3555,3480,3561,3514,3506,3515,3356,3435,3564,3365,3359,3379,3340,3321,3163,3144,3134,3131,3158,3085,3104,3041,3042,3084,2969,2975,2995,2901,2945,2821,2753,2590,2567,2329,2748,0,
3715,2582,2520,2565,2689,2684,2717,2723,2638,2818,2719,2742,2783,2830,2663,2781,2879,2821,2873,2906,2894,2934,2970,2903,2978,3147,3196,3203,3115,3043,3113,3203,3240,3329,3341,3235,3408,3361,3396,3406,3455,3394,3572,3500,3518,3504,3587,3662,3617,3663,3716,3646,3662,3831,3927,3876,3916,3766,3836,3783,3979,3847,3856,3818,3920,3921,3980,3980,3954,3976,3893,4145,3908,4066,3998,4061,4048,4247,4146,4158,4008,4162,4076,4127,4103,4081,4168,4214,4080,4126,4144,4183,4158,4115,4208,4091,4149,4087,4103,4094,4165,4068,4065,4087,4190,4090,4009,4113,4046,4053,4122,4111,3933,3972,4062,3980,4001,3956,3841,3987,4008,4070,4017,3916,4041,3907,4079,3972,3770,3754,3936,3905,3835,3773,3779,3792,3825,3641,3801,3733,3762,3753,3810,3778,3680,3660,3642,3798,3534,3662,3618,3525,3674,3585,3568,3524,3521,3504,3454,3399,3325,3324,3426,3321,3295,3389,3361,3159,3306,3284,3233,3296,3312,3191,3256,3084,3161,3279,3134,3279,3190,3051,3032,3021,2909,2864,3032,2933,2889,2852,2831,2827,2743,2706,2609,2428,2484,2317,2572,0,
3605,2540,2462,2401,2490,2455,2437,2570,2490,2543,2653,2402,2648,2690,2657,2693,2704,2738,2670,2747,2741,2818,2698,2760,2863,2854,2968,2931,2969,3005,3005,3212,2998,3115,3149,3198,3134,3194,3221,3286,3331,3195,3221,3257,3276,3371,3520,3376,3436,3418,3339,3464,3445,3481,3548,3511,3681,3555,3612,3644,3572,3710,3808,3602,3808,3732,3670,3735,3693,3727,3836,3936,3872,3715,3795,3705,3888,3931,3829,3885,3864,3920,3945,3880,3956,3852,3772,3865,3822,3866,3937,3996,3842,3874,3927,4010,3894,4044,3929,3933,4007,4011,3961,3927,3880,3883,3831,3898,3843,3857,3879,3834,3878,3824,3924,3881,3816,3711,3712,3787,3778,3840,3819,3791,3885,3787,3764,3742,3779,3687,3656,3706,3692,3738,3625,3626,3512,3661,3539,3532,3664,3564,3501,3559,3465,3447,3450,3445,3500,3515,3539,3495,3512,3401,3316,3508,3398,3252,3254,3361,3428,3219,3160,3197,3224,3203,3280,3243,3264,3221,3145,3138,3136,3143,3044,3024,3042,3035,2920,2961,2999,2897,2936,2887,2808,2861,2755,2698,2766,2687,2633,2674,2512,2510,2499,2448,2345,2125,2529,0,
3301,2366,2350,2338,2368,2412,2299,2496,2451,2380,2500,2446,2532,2612,2565,2534,2476,2617,2615,2621,2686,2626,2682,2679,2726,2709,2772,2745,2747,2740,2866,2914,2832,2980,2906,2953,3072,2951,3028,3132,3049,3142,3120,3218,3108,3306,3259,3247,3305,3342,3290,3311,3279,3396,3321,3313,3314,3323,3477,3375,3349,3594,3430,3476,3503,3546,3469,3531,3550,3552,3570,3486,3463,3635,3613,3631,3570,3634,3638,3725,3578,3657,3613,3752,3658,3763,3779,3711,3717,3694,3544,3703,3673,3675,3619,3867,3651,3874,3779,3644,3760,3776,3760,3692,3688,3638,3626,3770,3600,3686,3606,3730,3716,3564,3721,3691,3621,3583,3551,3501,3622,3587,3723,3605,3623,3455,3560,3551,3632,3513,3600,3546,3507,3560,3566,3480,3462,3450,3394,3399,3254,3484,3484,3312,3336,3443,3393,3420,3369,3307,3229,3362,3275,3453,3267,3259,3355,3258,3122,3157,3265,3175,3084,3070,3222,3110,3028,3052,3130,3202,3008,2967,2904,2946,2905,2983,2913,2851,2927,2894,2815,2841,2903,2944,2639,2716,2692,2628,2687,2612,2567,2442,2497,2476,2367,2308,2290,2089,2389,0,
3164,2205,2235,2179,2166,2281,2208,2229,2329,2239,2389,2346,2366,2408,2348,2332,2436,2462,2582,2356,2435,2491,2509,2670,2493,2625,2608,2694,2700,2628,2637,2761,2767,2692,2703,2920,2765,2753,2918,2853,2896,2992,2994,2965,2990,2955,3089,3028,3093,3088,3241,3205,3154,3270,3187,3054,3139,3192,3189,3170,3280,3199,3289,3357,3334,3241,3240,3278,3336,3291,3303,3333,3421,3374,3335,3428,3326,3439,3443,3517,3482,3515,3457,3575,3523,3397,3560,3285,3463,3440,3415,3493,3574,3445,3479,3536,3490,3428,3522,3591,3497,3499,3553,3485,3576,3601,3504,3563,3518,3498,3551,3542,3525,3558,3441,3437,3484,3404,3438,3395,3359,3390,3525,3504,3377,3455,3471,3467,3487,3288,3338,3449,3287,3376,3380,3287,3247,3307,3291,3283,3267,3233,3217,3173,3268,3161,3126,3126,3264,3080,3159,3091,3174,3169,2984,3180,3156,3076,3110,3051,3014,2881,2942,2952,2898,2968,2981,2958,2944,2877,2914,2868,2795,2880,2796,2821,2812,2756,2690,2726,2756,2719,2729,2691,2757,2665,2720,2568,2518,2529,2485,2426,2466,2441,2398,2206,2136,2090,2179,0,
2861,2077,2062,1967,2050,2073,2017,2108,2073,2066,2142,2072,2190,2231,2172,2253,2288,2208,2330,2193,2298,2275,2327,2270,2352,2460,2345,2433,2338,2446,2420,2477,2429,2506,2483,2594,2602,2594,2568,2740,2613,2751,2724,2696,2735,2851,2803,2719,2807,2848,2829,2857,2989,2936,3004,2819,2955,2994,3024,3070,3064,3096,3110,3034,3049,3053,3132,3207,3096,3173,3226,3206,3139,3217,3108,3287,3302,3248,3268,3344,3184,3285,3353,3297,3313,3260,3245,3293,3245,3220,3319,3306,3230,3247,3222,3326,3229,3276,3346,3320,3240,3227,3292,3293,3225,3310,3338,3202,3190,3269,3195,3342,3235,3296,3327,3289,3405,3265,3216,3179,3347,3219,3202,3144,3201,3267,3230,3252,3270,3214,3204,3197,3150,3209,3253,3051,3034,3155,3225,3146,3119,3063,3052,3078,3023,2954,2941,2980,3005,2960,2995,2926,2986,2953,2973,2948,2882,2804,2793,3039,2870,2823,2833,2790,2752,2786,2867,2703,2786,2629,2765,2790,2660,2706,2617,2717,2721,2675,2601,2632,2558,2608,2643,2507,2551,2534,2504,2440,2447,2456,2410,2325,2208,2251,2182,2163,1936,1948,2142,0,
2731,1842,1898,1783,1820,1850,1824,1865,1923,1968,1931,1961,1975,1947,2049,2047,2071,2105,2124,2059,2087,2194,2114,2250,2169,2197,2085,2313,2249,2358,2243,2346,2315,2318,2292,2365,2368,2416,2381,2366,2461,2525,2452,2451,2453,2521,2501,2646,2688,2625,2595,2510,2618,2599,2669,2630,2737,2735,2757,2793,2805,2814,2762,2822,2839,2942,2807,2797,2849,2836,2769,2930,2833,2964,2980,2995,2970,2908,3053,2976,3030,2982,3079,3074,2974,3033,3073,3056,3068,3162,3101,3023,3052,3019,3115,3059,2990,3119,3025,3078,3043,3062,3047,3137,3127,3154,2956,3092,3118,2985,2969,3049,3071,2945,2990,3003,3182,2950,3169,3025,2976,3035,2939,3048,2942,2970,3021,3019,3046,2945,2998,3064,2961,2916,2923,2908,2979,2920,2875,2965,2772,2833,2907,2830,2781,2734,2906,2715,2905,2815,2771,2717,2845,2695,2720,2699,2737,2731,2684,2795,2626,2717,2714,2712,2741,2625,2587,2532,2672,2625,2553,2641,2574,2654,2601,2564,2605,2547,2597,2465,2446,2438,2538,2424,2387,2418,2351,2327,2277,2279,2348,2235,2266,2114,2124,2007,1920,1806,2143,0,
2425,1581,1705,1752,1681,1703,1710,1731,1670,1717,1705,1724,1795,1824,1823,1827,1902,1844,1849,1806,1950,1872,1876,1978,2002,1963,2013,1926,2088,2016,2014,1990,2049,2025,2107,2044,2127,2154,2184,2187,2140,2258,2235,2246,2221,2334,2262,2301,2323,2291,2312,2395,2363,2360,2460,2314,2440,2404,2412,2596,2536,2574,2497,2506,2482,2632,2591,2596,2616,2586,2614,2582,2598,2732,2694,2657,2728,2724,2819,2697,2772,2733,2716,2762,2770,2703,2768,2796,2784,2773,2725,2725,2777,2916,2894,2786,2888,2876,2793,2821,2728,2837,2911,2809,2806,2855,2965,2856,2787,2726,2925,2797,2800,2821,2833,2710,2822,2785,2781,2827,2809,2763,2874,2950,2861,2798,2749,2727,2758,2807,2739,2824,2782,2746,2747,2647,2794,2771,2782,2668,2765,2648,2700,2561,2793,2719,2734,2589,2574,2614,2742,2623,2556,2623,2456,2523,2517,2646,2505,2615,2512,2493,2593,2568,2523,2441,2475,2513,2535,2441,2364,2431,2400,2393,2452,2421,2396,2343,2464,2242,2415,2350,2346,2251,2282,2215,2339,2274,2288,2170,2131,2133,2021,1935,2061,1933,1757,1774,1901,0,
1934,1342,1413,1405,1399,1446,1355,1432,1407,1364,1445,1504,1498,1485,1483,1468,1444,1556,1551,1509,1635,1571,1555,1567,1610,1678,1659,1614,1683,1731,1724,1755,1782,1745,1867,1870,1825,1893,1898,1860,1917,1936,1920,1920,1926,1963,1969,1944,2028,2058,2038,2005,2103,1918,2146,2107,2122,2175,2245,2130,2221,2317,2360,2224,2240,2236,2300,2258,2301,2240,2437,2303,2373,2355,2397,2336,2388,2441,2413,2360,2347,2538,2427,2463,2471,2407,2457,2536,2552,2536,2484,2554,2510,2641,2647,2631,2556,2500,2607,2519,2660,2622,2606,2620,2604,2633,2638,2676,2691,2623,2626,2686,2678,2632,2560,2568,2492,2499,2532,2578,2594,2534,2578,2591,2613,2562,2636,2515,2651,2632,2567,2591,2571,2593,2497,2519,2516,2616,2535,2425,2533,2524,2487,2617,2474,2457,2496,2443,2530,2382,2581,2501,2503,2493,2280,2396,2299,2403,2373,2358,2369,2404,2425,2409,2371,2377,2265,2363,2298,2366,2167,2313,2194,2323,2211,2288,2220,2184,2204,2211,2285,2172,2165,2242,2160,2142,2121,2116,2083,1985,2051,1962,1860,1901,1871,1779,1696,1576,1734,0,
1500,1072,1102,1124,1098,1113,1124,1135,1133,1116,1166,1195,1155,1170,1209,1131,1247,1233,1181,1219,1245,1155,1233,1333,1343,1256,1310,1323,1342,1387,1367,1405,1424,1378,1401,1455,1481,1481,1558,1512,1587,1496,1531,1610,1677,1641,1649,1707,1613,1780,1718,1688,1755,1737,1755,1819,1845,1799,1881,1797,1881,1974,1913,2016,2020,1925,1950,2020,1921,2019,1952,1980,2106,2107,2054,2135,2079,2046,2142,2115,2132,2111,2194,2047,2196,2148,2248,2216,2211,2196,2272,2298,2256,2329,2144,2333,2236,2312,2274,2238,2399,2251,2292,2315,2250,2353,2421,2336,2396,2327,2356,2292,2345,2377,2409,2434,2374,2274,2362,2360,2418,2451,2367,2369,2410,2388,2408,2372,2425,2383,2384,2480,2370,2355,2426,2442,2373,2308,2309,2386,2326,2301,2424,2388,2347,2306,2275,2300,2326,2279,2248,2388,2240,2286,2140,2206,2206,2164,2182,2221,2207,2209,2242,2185,2249,2164,2154,2209,2129,2064,2248,2098,2128,2133,2171,2125,2163,2104,2116,2097,2099,2045,2016,2084,2017,1963,1989,1944,1939,1926,1877,1876,1887,1738,1723,1768,1490,1488,1698,0,
913,615,615,628,661,633,635,656,662,678,709,706,722,705,710,711,723,744,793,762,751,848,823,882,901,843,895,997,971,956,999,999,984,1039,981,1073,1094,1165,1182,1113,1205,1163,1234,1249,1255,1256,1281,1337,1365,1405,1379,1433,1432,1537,1417,1437,1481,1508,1509,1496,1587,1556,1509,1646,1645,1641,1680,1721,1684,1756,1740,1751,1787,1802,1828,1742,1803,1893,1826,1815,1840,1900,2029,1915,1931,1906,2012,1928,1973,1976,2019,1996,2019,2016,2000,2080,1979,2034,2076,2073,2067,2129,2126,2212,2216,2098,2126,2111,2140,2107,2136,2227,2122,2155,2121,2079,2103,2131,2171,2167,2251,2253,2208,2118,2156,2277,2130,2162,2213,2241,2192,2230,2146,2265,2149,2184,2136,2108,2157,2179,2158,2175,2196,2183,2211,2088,2181,2092,2089,2068,2005,2174,2156,2055,2100,2076,1968,2063,2035,2154,2033,2065,2044,1962,2046,2032,2008,1962,2005,1953,2007,2007,1922,2042,1994,1997,1953,1877,2053,1985,1948,1924,1865,1920,1950,1838,1826,1819,1805,1876,1756,1764,1753,1658,1552,1519,1533,1324,1577,0,
42,28,34,50,75,85,79,104,112,122,156,165,201,216,212,261,271,322,310,368,365,364,318,414,438,445,482,528,584,562,622,611,663,671,661,767,733,782,782,806,796,821,869,940,980,911,940,958,1011,1018,992,1111,1082,1072,1123,1185,1176,1225,1249,1222,1238,1303,1306,1327,1301,1380,1361,1330,1370,1419,1534,1515,1488,1533,1583,1576,1558,1647,1578,1710,1676,1632,1640,1687,1671,1696,1638,1706,1730,1722,1789,1759,1747,1723,1695,1820,1810,1865,1833,1919,1838,1830,1811,1884,1933,1914,1896,1966,1943,1948,1957,1960,2002,2003,2027,1898,2022,1966,2003,1948,2018,2031,2011,2023,1983,2007,2027,2009,2022,1984,1985,2043,1983,1977,1991,1921,1955,2063,1954,2091,2008,1948,2039,1958,2048,2011,1977,1985,1936,2026,1889,1936,1862,1936,2025,2065,1921,1933,1963,1907,1972,1874,1891,1928,1852,1881,1897,1826,1875,1801,1783,1769,1806,1890,1851,1783,1870,1834,1849,1826,1821,1799,1738,1764,1803,1787,1714,1672,1687,1671,1614,1666,1558,1632,1543,1546,1377,1357,1520,0,
23,25,36,39,38,53,57,53,74,79,94,119,120,127,123,145,160,168,193,186,238,234,221,310,324,334,345,366,394,400,413,435,470,437,524,491,540,520,547,569,597,608,651,727,734,693,751,761,805,833,881,883,912,926,900,965,974,996,1060,1054,1057,1093,1085,1198,1082,1084,1163,1166,1145,1230,1245,1271,1260,1343,1362,1360,1362,1318,1394,1468,1475,1423,1504,1468,1508,1473,1525,1546,1482,1533,1589,1560,1539,1611,1533,1643,1590,1613,1646,1671,1631,1669,1682,1728,1683,1679,1757,1710,1755,1719,1787,1778,1765,1819,1791,1746,1703,1760,1846,1764,1749,1881,1768,1792,1824,1871,1835,1903,1839,1750,1843,1940,1872,1882,1927,1758,1806,1763,1777,1726,1886,1748,1837,1820,1836,1885,1857,1856,1846,1811,1818,1821,1846,1910,1815,1825,1763,1881,1784,1887,1757,1685,1800,1774,1790,1766,1752,1766,1752,1773,1742,1670,1681,1680,1814,1719,1675,1726,1696,1663,1657,1724,1677,1638,1671,1658,1652,1639,1631,1485,1524,1595,1516,1451,1433,1428,1304,1230,1425,0,
32,34,20,29,43,25,42,52,64,66,82,85,106,89,86,120,110,141,154,150,161,181,192,190,209,226,232,236,281,310,340,371,390,351,353,400,413,449,478,515,472,532,486,530,575,597,640,628,681,676,700,727,753,761,763,811,781,789,811,861,877,973,889,936,950,969,1010,1046,1022,1061,1081,1140,1081,1038,1086,1144,1157,1186,1319,1189,1234,1221,1189,1205,1318,1307,1306,1404,1314,1329,1381,1405,1360,1407,1449,1493,1466,1476,1480,1443,1410,1405,1523,1470,1433,1528,1598,1503,1564,1620,1550,1638,1630,1637,1579,1723,1585,1614,1627,1654,1632,1708,1605,1652,1634,1597,1645,1710,1661,1690,1724,1603,1604,1654,1671,1639,1637,1636,1663,1662,1645,1681,1670,1639,1675,1599,1658,1684,1687,1666,1652,1668,1703,1704,1659,1706,1691,1675,1618,1641,1617,1596,1597,1699,1665,1595,1617,1532,1680,1641,1606,1577,1577,1568,1598,1648,1648,1594,1498,1558,1514,1527,1504,1440,1543,1620,1510,1493,1474,1467,1419,1458,1380,1412,1308,1331,1233,1128,1194,0,
29,20,21,32,28,36,43,56,51,50,57,51,71,87,95,82,88,84,111,155,135,150,163,148,177,206,210,197,251,224,247,274,279,307,289,388,383,353,408,386,409,413,434,406,497,498,511,515,543,561,587,544,632,655,684,668,652,697,715,696,755,728,763,806,828,792,858,865,906,930,938,933,942,1001,1011,985,1033,1058,996,1098,1057,1133,1154,1146,1167,1216,1181,1177,1184,1287,1112,1328,1292,1245,1204,1273,1318,1345,1329,1339,1296,1379,1389,1377,1293,1323,1416,1408,1423,1401,1388,1385,1369,1476,1540,1508,1470,1539,1465,1475,1538,1500,1439,1495,1524,1540,1452,1523,1536,1477,1471,1524,1621,1554,1484,1468,1523,1543,1484,1596,1515,1576,1557,1566,1567,1486,1447,1474,1551,1501,1609,1522,1563,1531,1609,1492,1532,1590,1555,1481,1558,1515,1584,1489,1535,1531,1542,1523,1525,1596,1557,1506,1458,1488,1467,1467,1508,1428,1437,1446,1434,1464,1484,1503,1441,1426,1363,1382,1390,1367,1384,1309,1332,1317,1244,1219,1195,1084,1240,0,
21,17,19,19,33,33,31,32,25,37,44,48,60,68,86,72,104,98,125,95,129,117,133,128,150,148,183,189,203,234,235,256,245,232,235,281,272,317,319,341,385,330,411,364,399,369,420,429,467,515,493,506,600,512,551,577,604,618,618,598,596,653,689,699,737,724,740,756,798,800,792,793,866,895,818,896,848,893,922,953,934,952,984,1032,1039,1051,1049,1026,1081,1069,1064,1090,1077,1106,1155,1222,1157,1163,1198,1223,1266,1166,1260,1240,1226,1326,1248,1190,1238,1289,1271,1381,1281,1264,1374,1300,1397,1281,1322,1357,1329,1321,1348,1344,1413,1402,1312,1390,1371,1400,1440,1435,1412,1349,1430,1427,1365,1479,1458,1438,1428,1433,1390,1412,1429,1423,1490,1430,1369,1393,1378,1433,1421,1435,1532,1497,1490,1423,1481,1409,1385,1425,1507,1425,1446,1414,1436,1463,1449,1438,1396,1432,1434,1353,1379,1363,1323,1370,1331,1383,1316,1377,1395,1321,1326,1339,1338,1346,1209,1288,1261,1276,1238,1210,1199,1186,1060,952,1123,0,
17,20,13,26,13,28,45,34,34,38,41,54,54,50,51,73,94,76,105,94,99,99,106,112,131,138,147,154,160,192,181,208,250,209,213,232,258,286,285,291,306,307,330,336,341,365,382,377,411,422,435,428,452,481,458,469,517,497,551,551,533,612,593,634,598,596,643,667,667,759,726,716,708,729,743,760,802,824,823,842,854,871,897,852,900,937,941,940,992,949,967,953,941,1008,994,998,1112,1068,1029,1081,1115,1152,1060,1122,1085,1109,1179,1179,1205,1163,1128,1153,1207,1228,1254,1280,1218,1236,1223,1258,1235,1246,1170,1310,1208,1258,1259,1266,1317,1235,1295,1305,1295,1262,1304,1279,1222,1271,1330,1341,1290,1328,1313,1328,1259,1359,1335,1387,1285,1353,1320,1318,1325,1301,1325,1395,1306,1374,1285,1338,1274,1282,1328,1371,1344,1281,1244,1314,1417,1313,1262,1315,1342,1254,1288,1380,1277,1303,1281,1271,1269,1280,1252,1267,1297,1272,1243,1277,1251,1214,1293,1170,1185,1153,1080,1096,1026,913,1018,0,
29,16,14,17,23,28,23,22,21,33,40,51,53,41,38,64,65,78,85,70,90,94,99,92,110,123,130,128,158,159,170,181,186,183,185,219,230,250,224,262,252,275,267,270,274,312,313,359,373,326,349,385,419,454,427,448,422,424,493,482,584,547,570,538,531,533,639,590,629,654,636,686,670,704,634,689,725,710,750,670,759,776,816,817,816,793,815,898,866,902,898,898,916,902,902,946,923,907,979,933,1010,987,990,992,1037,1071,1038,1036,1040,1111,1066,1062,1053,1067,1139,1140,1106,1105,1128,1135,1179,1057,1177,1190,1120,1167,1195,1222,1212,1176,1162,1197,1218,1156,1150,1153,1206,1186,1272,1200,1164,1165,1205,1175,1197,1190,1254,1188,1185,1182,1225,1179,1241,1264,1149,1244,1254,1292,1319,1227,1203,1253,1271,1250,1133,1234,1219,1168,1264,1261,1199,1226,1217,1239,1243,1227,1215,1220,1227,1104,1122,1173,1164,1206,1263,1192,1197,1135,1176,1113,1128,1127,1117,1121,1069,995,990,833,994,0,
21,16,15,18,14,26,27,36,28,27,32,33,42,46,54,48,55,62,60,61,88,78,103,76,99,106,108,109,111,134,139,149,127,167,182,217,184,209,237,217,227,247,254,281,273,243,285,322,320,347,338,349,372,385,386,415,368,405,450,482,448,464,443,468,488,566,482,520,537,573,538,591,604,606,604,629,663,647,714,695,683,665,697,708,761,756,722,693,790,785,759,793,879,799,826,860,812,822,878,881,896,948,849,894,890,982,932,972,1003,926,972,1053,982,964,950,983,1045,1001,1019,968,1034,1051,1070,1047,1085,1070,1103,1059,1054,1068,1106,1085,1056,1096,1065,996,1136,1099,1096,1063,1087,1180,1178,1102,1114,1118,1173,1086,1111,1109,1114,1108,1060,1038,1232,1140,1148,1113,1129,1210,1106,1173,1069,1164,1110,1098,1187,1152,1111,1139,1122,1118,1146,1223,1133,1174,1094,1131,1050,1087,1113,1095,1089,1056,1075,1061,1100,1063,1016,1032,1015,1034,1075,990,972,953,876,818,904,0,
32,14,15,11,19,22,32,21,29,29,30,36,45,40,40,53,55,70,63,64,67,74,71,79,86,92,96,101,114,117,131,140,136,155,156,158,160,167,179,218,194,221,198,228,228,246,273,262,254,318,326,315,299,346,329,353,385,358,392,378,379,406,470,419,485,419,459,490,469,529,483,499,501,574,579,572,513,564,597,626,599,654,661,662,633,699,661,692,691,709,735,727,724,716,752,735,740,784,787,817,798,813,815,894,902,892,878,871,845,916,903,920,911,950,934,916,925,880,922,940,945,963,922,926,948,1039,989,1002,1046,1007,956,1027,1025,1008,1010,996,985,1083,1037,1034,1033,1023,1030,1061,1010,1079,1099,1085,1050,1081,1048,1102,1046,1088,983,1034,1069,999,1075,1015,1046,1036,1048,1029,1039,1078,1036,1098,1017,1031,1085,1045,990,1005,1025,1066,1055,1018,1059,1067,984,1082,1048,966,987,1023,1049,974,1031,962,986,945,926,917,936,936,877,760,823,0,
22,21,17,16,19,21,20,29,23,26,26,22,26,31,51,45,48,54,51,47,57,66,71,63,91,88,82,115,111,107,119,128,140,128,154,133,147,178,169,198,189,207,196,214,202,257,241,220,243,287,276,312,273,283,327,318,339,342,313,367,358,332,360,414,391,430,435,443,490,472,459,447,446,532,524,493,513,524,496,577,544,555,558,603,601,652,599,594,647,649,600,602,656,689,706,696,679,742,721,705,701,784,755,791,800,779,798,772,808,788,816,856,802,847,823,809,869,871,907,874,885,943,848,843,861,956,934,928,958,938,943,960,871,984,951,934,984,945,983,944,959,985,949,945,911,963,984,1003,1024,983,962,941,961,982,940,999,937,1001,1059,968,971,1023,1007,984,1037,1019,968,973,983,1002,953,990,1056,962,905,953,969,918,1009,1002,977,984,1016,1006,952,955,1007,914,895,932,961,944,887,837,828,845,791,669,788,0,
17,13,12,17,21,11,11,19,26,20,26,30,26,40,39,44,39,41,45,51,50,72,72,53,65,88,81,93,91,81,108,112,109,112,143,153,134,138,146,167,197,164,162,198,199,186,212,202,229,221,221,247,267,278,321,263,274,342,296,329,327,356,331,384,354,362,375,394,387,392,409,444,451,418,475,459,474,442,462,524,494,470,502,497,557,529,576,555,531,569,627,594,609,587,610,632,610,637,637,685,655,686,672,712,767,702,745,683,696,773,774,687,748,756,732,735,784,822,777,805,796,800,841,784,774,786,802,845,807,793,891,852,826,847,841,862,834,886,876,879,868,943,902,872,865,899,869,868,913,944,888,884,874,856,911,901,953,881,944,901,919,935,907,881,916,971,952,889,884,885,905,841,875,881,987,965,888,928,880,880,845,903,854,851,865,865,934,865,872,903,856,785,769,756,779,688,753,659,680,0,
6,7,11,15,17,15,20,19,28,23,25,34,34,25,51,36,39,37,56,42,45,65,56,55,64,76,76,77,75,123,102,103,101,95,101,111,126,142,134,160,174,144,173,194,172,178,177,186,182,209,211,232,261,214,235,241,246,290,275,293,308,312,303,348,333,327,338,337,361,403,378,376,389,373,381,395,382,407,391,408,472,492,437,481,524,508,475,532,512,514,502,593,544,587,554,614,527,602,559,641,629,631,618,669,651,615,674,672,704,646,669,667,679,685,687,728,686,699,726,725,717,702,734,778,798,799,817,747,777,804,764,805,748,817,769,785,803,850,821,818,866,850,852,857,788,880,775,837,870,836,794,872,853,863,773,827,806,854,840,837,822,849,841,844,789,825,839,885,840,856,826,839,830,842,836,841,888,856,836,822,839,798,837,801,786,822,859,854,817,805,788,817,781,759,699,725,641,586,612,0,
21,12,12,12,11,15,24,19,17,16,21,28,22,10,28,43,24,29,48,39,55,51,66,56,52,63,64,69,80,60,68,86,101,88,106,102,121,80,101,161,103,137,145,143,154,155,185,174,215,174,180,214,220,203,230,240,237,236,224,258,252,285,272,296,296,299,327,307,296,337,324,380,336,371,370,378,391,412,419,408,458,419,468,427,461,428,465,472,482,494,479,481,507,554,477,485,509,557,569,569,552,565,579,588,570,576,614,599,625,613,586,592,610,678,669,665,654,625,659,654,711,711,675,675,681,660,728,717,723,740,708,793,746,763,782,706,793,780,710,741,768,731,775,747,725,772,733,804,784,790,750,790,780,794,769,797,820,768,779,821,802,784,832,753,780,767,770,770,804,826,777,759,813,796,761,786,802,821,770,773,763,779,759,780,720,776,746,801,750,767,729,712,754,689,704,668,668,539,578,0,
13,10,10,13,14,27,17,18,24,17,29,26,19,19,30,33,34,36,41,36,46,43,40,52,54,51,54,70,84,67,58,64,99,82,99,80,91,107,97,98,115,119,134,129,124,141,134,161,161,177,169,181,192,194,205,208,219,213,215,235,239,244,272,288,250,254,290,297,291,290,287,282,301,309,364,331,375,343,394,358,400,369,384,386,410,384,431,441,427,481,443,452,454,446,425,443,427,490,510,497,505,523,532,532,540,552,537,511,570,600,587,559,517,610,583,577,630,612,595,613,617,610,600,589,633,663,697,668,651,688,620,716,691,691,703,688,717,678,684,695,706,655,703,706,699,706,735,727,707,722,714,748,742,721,755,729,707,717,738,740,678,669,709,749,700,756,759,740,706,725,694,722,733,766,737,708,736,779,720,763,739,681,709,696,712,721,755,676,689,685,685,703,715,687,640,597,579,497,558,0,
12,9,14,10,12,7,7,19,25,17,18,21,18,13,25,20,18,34,33,42,33,34,44,49,53,56,60,79,61,57,69,82,78,77,85,77,94,107,98,100,89,115,124,137,127,145,123,150,164,159,158,176,167,175,186,218,191,197,204,209,244,176,214,243,251,266,251,245,261,281,239,302,291,297,272,320,321,325,322,330,336,355,338,357,343,370,353,370,375,406,421,402,407,444,423,396,454,448,494,513,488,486,499,469,480,495,526,488,434,540,502,558,529,508,534,597,539,578,602,561,513,571,548,595,583,577,581,574,620,618,565,626,648,647,629,621,620,588,626,662,596,636,604,579,625,634,621,628,670,662,676,669,674,661,653,650,645,679,731,683,704,646,695,681,713,674,680,678,699,719,647,672,669,667,684,683,757,682,673,650,744,658,654,684,644,668,634,683,634,646,651,616,634,641,599,608,557,493,558,0,
12,9,11,15,13,12,21,18,11,7,25,22,14,17,25,29,31,15,29,35,37,45,36,40,44,54,59,58,63,68,69,53,62,63,71,70,74,105,98,100,93,103,86,128,110,113,143,113,142,131,119,156,151,155,178,194,151,154,195,163,184,180,199,223,212,228,223,235,220,262,224,270,271,234,269,274,275,269,315,290,264,300,326,329,351,350,311,320,333,343,339,368,356,352,381,376,400,402,401,404,422,419,443,426,438,444,437,467,473,474,460,485,464,493,470,503,503,480,515,515,520,502,525,495,539,533,558,569,561,566,503,514,489,567,588,609,580,551,578,589,579,524,577,578,550,589,566,609,591,580,569,587,591,584,631,609,617,610,603,626,583,553,621,610,660,642,569,636,601,657,641,627,625,569,633,610,585,659,609,625,605,622,603,589,606,619,595,632,612,555,606,552,588,591,613,562,496,444,475,0,
13,14,6,7,10,7,6,14,10,14,12,23,9,27,19,23,25,33,29,23,33,27,32,34,44,32,40,38,69,48,51,48,47,65,65,78,58,82,65,88,71,77,93,81,93,100,98,111,107,140,130,144,143,127,167,132,148,179,150,160,158,198,178,181,175,195,215,210,197,204,247,218,230,271,237,239,273,255,240,236,293,289,291,274,271,332,307,311,334,332,344,356,336,364,318,381,379,363,376,347,347,341,413,397,362,373,421,457,398,446,447,386,414,424,450,449,441,440,465,478,479,424,532,522,471,511,488,489,488,483,465,495,559,520,513,510,494,478,519,534,509,493,529,547,557,516,490,508,533,577,550,550,503,535,516,542,565,521,542,525,571,535,546,576,542,530,546,529,586,575,535,587,592,591,583,544,539,555,531,568,580,538,541,563,529,528,518,536,551,521,495,535,554,524,518,482,485,386,432,0,
12,8,9,3,5,5,8,9,12,15,16,9,16,27,20,28,19,23,19,29,22,27,23,37,41,32,35,32,42,39,47,44,44,59,51,65,56,57,67,62,68,91,86,85,86,104,85,85,99,91,93,120,125,128,150,123,125,159,137,157,177,164,144,146,163,201,167,169,186,201,201,207,215,196,215,245,217,222,239,242,247,244,239,249,276,249,270,254,278,333,305,287,284,308,318,341,296,303,307,358,329,321,360,344,306,353,377,359,381,362,397,377,379,394,416,395,384,416,426,400,390,443,429,448,405,439,483,423,449,431,420,423,440,455,443,423,462,441,435,499,496,483,474,459,481,448,464,473,460,465,473,475,471,491,503,522,477,477,460,480,494,466,489,486,484,513,470,456,526,502,523,477,472,489,498,505,439,479,501,502,525,493,507,488,479,460,543,497,499,474,467,489,466,489,435,434,429,382,396,0,
14,5,7,9,9,7,6,4,16,8,11,7,15,21,12,9,15,23,23,19,28,24,20,25,30,20,28,36,34,35,35,40,36,37,52,42,63,51,52,60,65,72,75,68,74,61,94,73,93,81,83,107,111,96,109,105,132,122,102,132,144,112,134,141,141,142,158,162,176,163,177,177,196,183,181,168,198,189,208,189,201,204,198,221,233,234,241,248,248,232,228,250,248,244,258,270,294,273,286,272,287,298,303,318,283,316,296,301,310,327,295,283,336,314,326,325,358,364,334,342,363,297,348,401,341,370,361,375,397,397,369,361,369,377,357,370,393,393,428,402,399,389,387,388,393,393,394,411,386,387,361,395,423,418,432,419,406,392,414,403,398,404,411,407,428,416,430,421,405,454,440,426,432,424,398,435,434,430,437,388,437,428,461,420,412,389,465,409,394,422,413,418,365,420,401,384,382,318,381,0,
8,7,10,4,7,7,9,7,4,16,10,6,19,16,11,12,16,12,16,23,23,21,34,22,28,20,28,39,23,27,42,32,44,43,42,51,49,38,57,70,74,73,79,82,77,67,63,71,84,76,104,87,81,93,104,110,122,115,99,122,133,137,134,141,137,159,148,140,151,148,147,182,169,135,182,167,181,201,233,216,173,176,200,223,212,213,223,245,253,265,237,226,214,236,244,280,260,263,278,254,265,322,241,238,287,330,307,278,305,308,289,283,335,319,323,323,325,338,392,318,313,338,343,378,332,331,369,344,359,392,346,376,336,370,340,342,376,365,397,377,402,408,384,375,359,367,383,385,374,342,418,394,395,410,397,374,357,393,429,413,399,387,423,383,407,398,379,441,382,452,396,402,372,427,413,407,405,374,378,417,415,418,345,397,385,392,390,376,390,372,399,328,375,362,395,364,337,335,329,0,
