163,123,123,111,126,138,130,127,120,136,147,142,133,127,140,132,124,120,114,140,159,141,135,166,169,169,154,156,179,161,157,164,153,179,190,179,168,167,173,176,172,169,176,164,202,210,200,180,184,200,189,180,184,198,205,214,203,203,209,220,226,236,247,225,205,223,214,196,216,231,235,233,233,239,258,240,217,209,223,227,218,232,229,240,247,243,276,282,260,273,244,260,263,281,270,267,265,254,260,279,266,247,222,254,256,257,249,272,258,272,265,247,254,258,258,246,259,261,281,279,259,243,239,222,238,248,246,240,245,247,251,242,242,236,249,222,227,245,257,238,244,262,245,229,233,229,231,221,249,239,253,251,243,251,234,211,233,211,215,222,202,219,220,220,232,233,229,220,235,242,235,215,212,208,203,190,203,191,190,197,181,191,183,189,170,171,193,188,190,193,196,190,193,193,182,187,175,172,171,172,
115,73,85,83,84,83,83,79,87,76,96,87,87,105,93,98,91,96,77,86,101,94,96,113,100,103,117,98,120,131,125,120,108,125,125,143,129,150,126,135,127,119,138,121,154,161,149,132,136,124,151,143,135,144,147,163,151,154,167,154,175,141,172,154,167,147,139,171,156,179,166,158,187,164,158,149,148,143,159,156,159,156,167,178,181,170,174,189,165,174,159,194,184,183,159,164,195,181,158,175,144,163,167,177,172,180,193,171,163,161,158,149,168,156,174,186,177,177,172,155,163,183,155,140,166,165,152,150,153,171,181,160,158,170,157,152,149,131,143,150,166,167,135,131,145,153,159,143,145,168,164,152,141,153,154,138,133,133,134,152,140,134,143,138,122,142,148,135,163,144,120,117,125,125,127,130,123,119,113,124,117,103,115,118,115,133,128,111,104,126,139,120,109,97,102,101,112,112,115,115,
107,62,79,92,91,87,73,89,85,102,86,96,101,95,95,86,113,94,84,99,99,100,89,105,106,111,111,101,114,107,130,135,109,128,123,126,117,134,144,140,133,120,145,125,141,154,149,147,153,121,142,138,149,154,157,159,142,160,192,156,174,156,169,144,170,169,138,172,174,172,149,167,187,161,163,165,158,157,164,156,164,170,173,192,174,184,169,195,169,151,176,198,184,172,199,183,196,155,169,185,173,181,158,172,173,197,178,162,184,177,168,145,164,174,181,193,166,157,166,170,171,168,151,172,161,153,168,147,166,183,172,177,175,159,167,144,144,141,145,157,168,154,159,140,135,145,156,172,168,143,146,171,162,148,142,125,139,154,151,133,137,134,137,132,138,157,152,158,143,126,121,134,127,122,123,146,127,127,124,124,125,123,117,127,126,126,115,120,126,114,129,113,99,99,104,112,112,104,109,109,
110,67,67,69,86,101,77,98,81,95,94,90,101,112,96,85,120,84,107,109,103,109,109,111,93,117,122,99,114,123,116,138,108,137,138,132,118,145,142,136,136,125,133,132,151,150,140,152,145,143,154,148,155,145,151,168,140,160,171,178,181,182,173,151,169,161,174,200,163,157,147,180,186,174,181,182,142,164,165,177,141,177,180,192,175,175,199,189,158,184,190,197,197,167,191,185,182,168,173,168,161,191,179,185,181,197,175,194,156,185,143,160,188,176,179,174,179,166,178,169,170,170,156,148,155,157,175,185,181,161,188,163,172,172,161,126,144,145,135,155,169,154,159,150,151,149,161,147,158,155,171,173,144,152,145,146,162,139,128,138,146,148,142,155,145,141,140,133,123,129,136,126,127,136,138,138,117,122,118,126,121,123,127,126,114,131,128,121,107,118,105,101,89,98,113,116,104,108,117,106,
117,66,79,84,83,101,85,72,100,87,98,90,94,114,93,84,119,95,115,105,105,105,107,104,104,107,124,117,112,129,135,131,117,133,139,134,128,145,135,151,159,130,136,136,155,144,125,167,143,136,153,156,144,134,146,170,168,168,159,178,194,186,161,162,187,161,191,179,147,163,162,192,165,176,178,168,165,171,196,187,159,171,170,183,187,182,198,181,190,179,179,194,184,192,199,182,180,179,185,185,189,204,180,175,175,201,190,184,179,142,169,181,189,190,190,171,181,179,156,150,179,178,176,174,179,182,172,154,163,165,183,182,158,162,138,138,145,151,141,156,155,153,164,150,149,172,159,161,164,168,178,163,145,155,153,135,130,142,143,149,167,166,132,144,143,139,142,140,139,136,137,135,142,128,131,125,128,143,141,135,112,112,121,123,130,134,104,101,112,120,96,120,100,128,118,111,116,114,99,115,
135,82,75,70,86,100,88,85,89,90,86,98,91,97,104,90,95,115,102,117,103,111,105,104,114,108,117,127,118,129,131,117,126,136,147,161,135,140,135,156,144,158,139,147,153,158,143,145,148,161,126,165,144,146,159,161,171,160,165,190,164,173,179,172,199,177,203,175,161,176,186,174,174,196,173,169,140,162,194,193,181,189,179,187,201,189,201,215,190,192,198,190,189,185,200,191,172,187,190,184,166,185,194,193,194,182,180,169,179,187,188,187,187,198,182,173,173,163,166,187,177,178,192,198,179,166,162,179,179,172,176,166,159,135,154,143,135,169,161,144,172,167,169,161,150,157,166,162,165,184,170,145,138,126,139,150,157,149,166,171,139,140,151,149,136,136,148,133,123,144,127,135,136,131,140,135,126,135,134,117,122,129,125,139,123,113,120,122,124,122,127,116,125,119,109,112,118,109,101,103,
130,92,89,88,80,96,80,80,93,92,95,92,83,103,93,92,93,115,105,130,103,112,112,103,106,100,109,108,133,134,131,121,136,126,151,162,154,151,140,137,140,165,142,161,161,154,148,174,160,141,134,155,147,168,168,154,160,163,175,184,165,172,171,189,215,184,182,179,181,178,193,173,188,202,162,173,155,178,208,183,202,203,188,191,204,182,198,200,203,192,191,182,170,194,202,184,188,198,188,180,175,199,195,192,196,176,189,195,185,186,180,187,180,176,175,197,175,182,184,188,172,182,182,182,190,170,146,187,184,179,181,159,155,134,157,151,162,186,164,182,166,166,168,179,159,166,164,147,165,164,159,136,146,143,135,162,150,150,172,144,140,148,152,148,138,141,136,150,144,158,149,141,142,149,139,132,125,141,134,116,126,127,131,142,121,116,120,123,119,121,113,122,124,109,113,114,115,108,101,105,
111,86,92,104,104,126,99,80,95,89,87,98,98,99,97,95,86,95,113,120,134,114,103,103,116,115,134,111,114,132,133,134,143,146,147,156,158,161,168,144,136,167,160,147,179,144,152,174,176,156,147,142,140,152,180,163,164,162,182,184,173,169,189,205,169,178,198,187,189,180,190,185,184,198,198,174,168,190,197,169,178,207,212,193,201,189,220,197,205,189,189,192,183,204,201,194,194,200,193,202,189,184,202,208,209,210,179,181,164,175,190,180,204,207,198,183,182,187,183,172,147,168,190,182,166,168,182,181,166,178,169,146,155,170,163,181,185,170,161,191,182,155,156,162,152,152,140,150,171,173,147,153,144,145,159,149,157,157,181,160,147,152,159,165,155,142,156,151,156,146,142,139,141,135,135,123,124,142,138,132,136,148,141,131,107,128,120,127,117,126,120,119,106,115,111,110,110,113,102,99,
103,76,95,82,91,109,127,97,114,97,94,99,95,113,105,109,98,118,110,107,125,115,105,127,125,112,129,112,131,115,129,123,117,168,148,140,161,159,156,157,160,155,154,156,156,143,173,170,175,161,167,163,162,168,182,161,178,163,186,174,173,172,214,173,168,185,207,172,203,180,198,214,177,192,189,187,213,201,181,189,170,174,224,207,201,210,213,195,189,209,201,198,191,219,172,177,195,195,189,205,180,193,221,201,210,192,164,176,184,205,198,193,203,206,201,199,179,182,163,161,171,197,189,214,190,190,181,180,179,164,175,189,193,164,172,180,156,169,157,178,166,161,171,158,129,140,149,176,170,182,143,145,163,158,172,164,176,171,158,161,156,153,146,138,150,157,146,158,156,142,156,141,129,138,132,132,148,143,143,151,151,118,131,122,117,124,130,121,131,122,128,136,120,111,120,119,119,106,105,123,
111,79,76,86,88,88,127,114,103,114,100,112,90,110,104,104,108,101,115,119,118,112,100,116,123,120,130,138,124,131,142,144,120,143,160,152,157,166,139,143,187,167,162,140,178,168,159,185,175,166,171,150,186,166,180,174,173,183,192,161,178,193,174,164,204,180,206,181,186,198,208,180,200,193,204,197,213,197,183,195,192,206,191,189,204,237,206,227,212,205,198,178,199,223,195,186,200,200,207,185,215,210,213,232,214,172,178,197,206,197,210,203,201,221,198,173,168,187,172,171,179,194,202,187,191,191,187,192,188,181,182,199,188,172,178,181,165,192,186,177,164,158,163,162,156,163,179,186,154,166,175,164,184,173,172,153,165,160,157,157,161,157,142,163,154,151,136,136,147,156,151,136,137,143,154,135,122,130,133,168,128,136,122,116,127,122,115,133,123,121,130,128,109,128,122,112,108,121,110,130,
116,73,83,81,84,82,110,122,95,109,110,113,105,97,101,114,111,109,123,134,132,105,107,125,98,123,124,146,123,124,140,158,134,134,152,159,168,172,140,152,170,187,159,176,163,168,159,182,185,188,187,165,194,185,187,173,176,188,193,168,172,216,184,164,208,176,194,170,197,225,182,183,194,214,219,188,201,209,194,179,196,212,200,214,214,214,212,230,222,195,197,176,213,201,225,198,192,191,209,191,197,218,222,224,213,196,208,237,211,195,164,193,201,200,174,180,188,181,188,202,190,186,220,196,195,204,182,186,189,195,196,200,175,179,176,178,174,183,174,160,162,169,154,165,162,177,176,177,174,184,172,172,152,159,160,157,165,173,181,177,151,158,153,150,152,136,159,157,149,136,129,149,144,140,130,146,152,170,160,133,133,117,116,117,138,124,125,126,143,127,128,132,123,118,119,113,118,111,102,124,
131,65,87,81,91,90,93,109,107,108,121,108,107,107,91,115,118,109,111,135,131,126,119,137,105,115,109,132,141,146,145,137,152,156,133,159,152,159,155,161,167,190,154,153,188,152,171,188,176,198,198,170,205,210,188,174,174,173,195,179,185,175,172,184,202,202,206,176,224,203,193,222,193,204,219,203,216,208,192,186,209,208,216,200,225,229,220,243,214,195,215,206,215,191,210,212,217,219,211,197,214,211,229,211,203,226,225,225,185,185,195,201,201,192,189,202,192,202,219,215,186,196,205,205,208,184,174,198,189,192,171,184,181,180,186,191,206,193,166,157,168,170,156,183,189,190,178,192,182,167,175,176,168,162,182,176,174,158,158,148,135,142,167,179,151,140,142,142,146,145,176,161,137,150,160,165,162,142,118,122,123,116,134,145,136,139,142,139,117,130,127,117,116,109,116,108,100,112,123,134,
137,76,82,91,88,99,104,109,112,112,110,117,117,93,106,111,116,112,105,135,120,130,123,132,114,128,133,136,128,156,151,138,145,144,159,177,161,152,171,167,167,165,171,152,186,171,172,186,183,195,194,217,204,179,188,207,202,188,196,191,215,173,185,199,196,202,178,204,215,180,201,209,181,216,198,240,230,194,205,198,241,226,199,198,227,226,205,222,214,204,220,189,206,230,230,208,236,240,237,222,185,225,221,205,200,221,218,197,191,206,200,205,213,199,197,194,217,193,208,220,189,202,196,210,202,173,214,184,161,198,198,201,185,193,189,213,202,183,157,171,170,162,169,198,197,174,187,183,196,173,170,179,173,153,140,169,167,158,169,160,146,133,169,173,142,162,144,172,154,154,136,147,151,159,154,156,144,136,126,123,151,153,147,154,147,134,145,125,129,130,101,118,128,110,119,115,135,135,135,142,
137,88,82,91,92,86,103,114,120,120,111,120,143,130,124,119,138,132,109,140,121,124,133,124,114,137,127,155,134,153,155,141,150,148,150,165,190,182,184,180,171,167,177,171,190,189,182,190,154,204,189,199,190,204,207,189,205,202,203,194,211,167,189,195,185,187,198,243,196,203,218,206,182,229,235,223,221,196,221,242,238,200,205,232,216,214,207,213,202,215,215,197,237,222,219,229,236,211,226,232,217,225,205,197,222,241,206,194,213,200,226,200,218,226,205,207,218,187,194,191,219,208,223,184,188,222,187,190,193,206,193,182,193,208,199,180,185,184,180,161,170,178,201,202,194,202,168,188,190,180,151,163,162,172,182,161,162,167,167,145,152,161,187,181,153,158,165,176,145,142,166,167,152,156,168,147,136,133,139,163,154,146,152,159,137,133,124,121,123,114,118,149,135,114,139,134,129,129,119,120,
153,93,88,97,97,95,97,117,108,122,112,120,112,125,136,147,146,125,107,141,138,127,126,120,126,131,129,166,151,169,138,138,159,160,163,144,172,179,184,189,172,188,174,177,196,193,187,208,182,191,173,207,185,191,208,196,196,209,206,200,219,210,201,214,187,188,209,222,200,188,213,214,217,236,225,182,222,233,246,242,216,225,240,228,210,204,220,208,240,223,232,242,248,208,216,236,220,229,240,222,237,221,218,215,233,232,229,206,232,213,194,194,234,236,232,211,194,216,199,209,211,190,209,210,214,201,193,189,198,186,179,201,207,200,211,191,209,199,183,186,194,176,201,178,195,191,177,175,160,148,167,177,186,181,167,144,175,177,183,158,156,179,186,164,181,146,136,143,147,169,150,157,170,157,149,140,132,163,163,155,149,153,149,115,115,130,122,117,128,132,127,135,112,128,140,137,134,114,104,123,
138,90,93,94,91,111,102,118,125,127,113,116,118,105,123,128,149,135,120,123,146,158,139,134,123,133,145,149,147,164,158,148,166,178,179,158,188,201,208,185,168,174,176,190,212,208,213,221,170,195,202,211,183,206,205,203,211,242,209,222,227,197,231,209,181,210,218,223,207,205,209,222,225,224,211,209,232,249,245,242,221,230,252,240,215,232,235,230,234,227,236,247,244,203,220,234,237,263,239,220,233,244,241,226,240,237,239,228,210,200,220,232,231,222,212,210,210,232,214,207,193,204,212,242,214,238,212,205,201,192,185,208,216,191,188,192,202,198,190,194,190,173,181,191,207,172,167,160,170,182,194,195,202,163,167,179,193,164,164,161,161,178,169,161,153,138,156,167,151,166,172,171,160,146,146,159,165,151,156,151,136,125,119,133,141,138,137,140,149,139,136,148,152,132,133,117,113,120,131,157,
150,90,98,102,93,101,104,123,118,131,126,132,135,131,125,134,150,151,141,133,133,165,131,130,142,140,141,166,151,151,169,153,144,173,179,181,208,201,201,203,183,192,206,182,214,208,214,205,220,216,223,192,202,223,212,202,212,229,219,221,213,228,227,225,209,220,206,169,210,219,235,221,213,226,255,235,252,245,242,234,229,210,237,236,224,230,271,229,211,242,242,259,230,226,239,231,213,227,233,248,254,254,237,235,255,234,238,204,198,205,218,216,208,217,237,222,216,212,198,218,193,224,237,229,231,206,214,205,198,182,208,214,201,222,186,203,187,191,187,179,191,192,192,205,184,178,161,176,183,190,178,189,182,190,171,164,157,149,161,170,174,193,182,172,159,161,158,154,166,175,151,156,145,168,170,149,137,163,151,146,145,140,155,157,160,147,134,136,135,140,141,137,136,122,135,135,143,137,146,150,
125,94,94,89,91,92,98,116,137,137,131,123,159,134,132,118,149,172,154,152,148,150,157,130,149,146,149,151,160,149,175,160,144,174,172,179,194,199,218,205,213,205,190,195,206,198,202,217,225,240,221,202,230,236,215,212,213,230,255,227,206,221,222,249,235,224,200,196,221,251,235,248,242,230,246,264,231,234,250,241,253,248,273,224,220,250,241,246,235,255,248,246,230,220,246,242,257,228,230,233,236,235,238,256,243,207,217,214,216,238,249,208,231,229,231,222,206,223,223,214,216,232,253,241,223,206,235,209,206,211,225,221,211,195,200,190,184,190,193,203,217,188,192,180,176,190,196,187,197,200,166,163,184,190,164,167,186,178,180,182,184,183,171,159,170,161,183,185,188,158,164,185,174,182,170,151,162,169,169,165,159,165,148,142,145,143,132,147,146,138,142,161,152,152,141,137,142,135,128,136,
146,90,94,96,101,100,99,106,124,140,131,128,139,143,146,132,142,163,146,159,168,153,162,135,170,156,174,167,168,171,176,173,151,166,183,185,194,197,183,212,202,200,204,202,200,222,225,188,191,232,211,225,223,229,228,223,232,237,241,250,227,236,227,239,230,228,237,256,249,241,250,222,235,237,260,255,249,246,273,259,253,255,275,241,272,260,248,230,253,249,237,266,257,237,267,243,283,259,252,244,267,252,261,252,213,218,221,228,236,232,218,243,248,234,234,235,235,237,237,219,230,234,237,214,211,207,227,224,214,221,213,213,198,186,183,193,214,210,231,199,204,190,193,209,214,198,184,198,208,180,193,186,200,185,170,189,197,164,158,190,202,182,170,167,181,189,182,183,179,158,156,173,183,162,166,160,164,155,157,151,146,157,146,145,154,153,144,172,145,148,157,151,142,134,121,130,122,127,140,148,
157,101,110,109,106,95,93,95,128,141,143,145,137,133,141,122,144,158,188,171,158,158,175,153,156,177,152,169,193,187,180,191,168,181,184,214,230,207,197,202,213,212,209,222,221,230,243,201,200,214,222,239,235,236,248,217,241,277,261,247,239,230,222,236,255,238,251,248,260,278,264,231,217,254,266,272,264,247,255,217,237,272,295,266,287,272,270,242,246,251,261,279,263,256,262,254,254,250,267,265,241,250,236,239,223,225,242,223,253,230,235,245,244,250,227,246,240,248,234,226,220,243,233,234,237,251,228,222,227,249,202,195,206,193,180,214,198,213,193,206,219,223,222,202,199,208,199,169,180,203,208,167,201,200,194,213,188,167,163,193,204,197,188,160,174,174,169,180,170,159,173,158,162,174,191,171,170,158,146,133,129,145,144,158,180,166,145,150,156,150,138,154,150,134,137,125,125,119,132,148,
152,109,87,111,110,120,120,112,119,135,154,146,151,140,137,138,135,145,175,178,173,182,193,183,180,194,160,166,193,195,184,206,175,181,206,234,225,223,206,200,217,211,223,215,245,247,243,231,213,218,223,257,267,254,256,264,260,276,255,259,248,242,243,234,230,272,277,250,293,266,268,271,247,243,274,280,279,258,256,251,278,287,295,293,262,252,253,250,253,272,271,292,267,255,264,285,299,266,258,262,234,257,264,226,245,235,262,243,255,243,265,259,265,237,237,259,243,238,250,252,250,266,255,260,229,242,215,230,230,201,207,196,203,216,194,215,222,222,215,205,198,207,204,203,193,199,190,199,212,196,197,185,197,211,210,202,173,172,173,184,185,169,198,184,191,167,208,204,173,166,183,157,200,208,185,160,150,152,175,153,165,171,158,156,171,160,162,162,148,134,154,143,142,128,126,136,128,153,137,130,
140,104,120,94,99,102,107,117,119,128,141,161,160,142,144,156,142,138,177,197,195,172,189,196,178,178,177,171,203,191,185,190,204,190,213,241,224,242,225,214,232,206,230,222,251,246,249,235,212,231,245,260,255,253,268,260,273,269,259,275,242,245,244,244,267,272,274,280,266,255,245,283,249,256,242,272,278,279,279,270,308,315,288,274,283,278,269,253,258,266,263,264,289,265,282,290,306,277,263,260,283,278,254,236,226,251,266,245,256,257,273,247,241,254,241,273,274,247,244,257,255,258,228,237,228,242,210,208,215,222,209,217,227,231,224,233,225,229,200,188,206,189,218,220,226,211,199,196,193,204,202,236,200,208,199,207,178,195,186,202,201,210,202,194,194,206,179,169,181,189,172,175,177,172,160,166,186,178,159,161,146,139,139,167,172,165,152,146,140,146,145,146,139,128,140,154,133,135,133,106,
150,102,106,117,109,104,113,112,132,143,145,146,149,150,152,163,163,162,171,172,180,201,213,214,187,160,166,189,183,192,202,229,215,215,225,235,229,232,210,222,229,226,238,247,240,228,210,223,261,249,245,258,274,255,279,277,294,285,285,308,286,273,250,233,268,269,266,290,275,271,283,302,259,285,275,305,302,285,317,290,308,291,276,279,286,296,284,261,263,268,263,288,283,282,300,271,278,278,244,258,279,266,283,266,271,268,267,265,247,271,281,267,267,261,265,248,230,254,247,267,234,265,250,238,225,209,220,221,249,228,251,253,222,238,236,223,240,238,231,209,217,220,221,210,201,214,190,208,205,229,213,231,215,225,214,212,205,221,202,205,210,204,210,213,216,196,173,183,181,176,174,166,160,160,176,161,156,150,163,153,145,161,166,171,156,162,178,170,164,161,142,156,146,145,146,133,129,127,140,155,
132,100,104,100,115,119,135,131,125,143,152,144,149,170,168,162,170,171,198,210,182,183,197,211,206,192,187,210,204,203,205,228,216,243,253,245,230,232,229,244,263,267,284,244,250,242,262,251,253,270,277,257,261,274,308,309,330,296,301,295,282,287,302,270,288,287,265,289,271,272,298,283,293,320,326,301,294,294,323,301,323,287,307,304,296,305,296,293,271,281,291,293,295,286,287,290,286,291,263,280,282,264,293,281,262,259,280,261,266,276,282,271,288,272,284,270,265,263,253,250,252,261,237,226,239,234,240,232,263,228,212,235,239,236,247,241,255,231,215,225,204,213,200,209,226,237,212,226,236,218,225,220,231,234,230,209,217,215,215,227,235,204,204,216,208,183,176,196,184,165,175,178,186,169,182,173,194,193,189,176,153,169,179,173,170,188,172,146,170,155,150,149,167,143,139,154,151,141,146,141,
132,105,116,119,115,121,127,127,139,155,145,157,148,164,154,170,172,178,199,211,208,174,209,218,209,215,228,233,226,214,195,233,235,250,255,254,234,236,237,259,250,287,287,263,242,257,259,296,276,279,296,290,284,301,298,286,315,318,334,298,289,269,299,279,279,284,284,312,293,293,321,272,290,308,352,335,329,329,320,332,339,302,317,304,285,314,302,280,265,303,287,306,299,289,280,289,312,313,291,304,285,287,289,278,285,273,294,291,285,265,277,271,277,264,268,276,250,251,271,241,252,245,252,256,266,244,243,231,234,216,232,253,259,250,245,260,264,229,224,219,223,211,211,215,231,212,212,209,210,231,214,205,218,214,221,235,209,198,210,213,221,186,209,198,183,180,190,175,175,177,169,175,175,178,189,199,203,188,167,164,194,185,187,178,172,145,166,150,135,157,173,162,163,142,173,151,147,150,139,144,
136,99,103,106,99,123,130,132,133,144,144,160,146,169,134,156,169,172,189,203,220,192,196,253,257,229,246,232,226,233,240,246,260,266,260,264,260,257,241,245,263,284,296,294,284,249,275,303,286,278,256,303,269,299,292,312,311,323,333,322,293,263,276,298,275,290,286,292,303,315,315,307,312,328,331,330,334,339,303,340,294,288,322,291,288,312,314,309,306,296,286,292,321,313,295,307,299,291,268,287,292,304,271,284,290,310,288,295,301,285,301,280,256,299,301,279,278,293,272,243,246,258,282,255,254,250,259,275,253,260,241,231,256,255,265,264,263,238,237,210,225,234,244,246,234,245,221,216,209,229,257,271,235,248,247,229,224,219,248,227,204,216,195,200,200,183,190,191,188,174,200,202,204,206,196,177,176,186,181,190,182,171,184,160,151,184,153,161,157,159,152,132,147,154,147,151,146,143,130,143,
125,105,100,113,106,113,123,121,138,142,137,167,160,174,165,184,177,185,174,191,188,197,199,219,247,231,240,244,225,238,208,225,259,231,253,261,261,281,261,274,286,296,308,320,282,278,282,281,296,293,288,303,279,291,291,310,307,321,333,312,312,314,318,295,300,304,300,280,285,321,316,320,308,289,318,340,316,326,313,311,294,335,312,307,277,309,307,336,307,312,304,302,327,335,312,300,308,334,281,287,300,293,305,302,295,291,308,311,300,280,302,320,288,299,273,281,271,250,266,261,263,265,263,268,257,286,268,250,254,253,242,237,246,243,228,237,248,241,237,225,229,246,242,260,242,233,237,223,261,250,241,243,238,233,237,238,228,237,212,210,212,211,218,204,203,216,206,184,209,199,209,203,201,205,196,180,185,172,174,185,168,173,187,158,172,161,157,158,172,173,156,148,144,159,152,157,148,141,140,136,
130,94,108,122,126,137,145,142,144,135,145,165,165,179,179,182,198,201,195,202,221,206,211,224,246,247,237,256,240,249,243,232,231,233,259,257,262,279,288,294,301,292,305,320,282,302,311,294,295,304,326,337,321,328,338,292,337,332,323,332,313,312,302,302,313,312,321,310,327,325,315,322,303,330,318,325,319,339,299,308,320,330,325,313,299,334,310,318,315,298,315,356,341,322,318,308,295,293,302,323,285,300,312,289,290,302,310,308,295,300,309,309,279,278,291,276,269,271,279,289,255,268,274,278,277,262,249,252,264,246,236,259,239,230,241,272,283,275,240,244,259,258,242,247,241,220,227,216,234,231,241,240,220,236,237,225,201,201,180,182,211,212,207,200,200,218,229,219,214,203,210,184,174,193,195,191,193,187,192,178,193,191,173,173,177,192,184,172,169,169,165,153,168,170,160,166,165,144,136,151,
129,101,105,110,116,112,141,130,162,148,153,168,185,176,184,199,195,184,182,210,213,203,210,232,232,249,257,258,268,275,247,270,281,277,279,265,260,286,299,311,281,295,317,312,305,303,321,326,335,307,300,315,343,328,354,315,315,317,308,318,328,312,336,329,318,332,356,343,344,341,321,294,315,328,324,339,327,326,320,371,347,353,335,314,334,345,325,308,325,327,333,349,295,317,329,293,311,341,326,359,291,290,319,329,319,302,277,280,306,303,313,285,315,291,291,291,311,283,262,285,279,273,261,286,278,270,262,260,282,262,276,250,250,259,288,263,253,242,240,240,241,241,228,243,219,227,249,234,224,227,227,213,236,235,228,194,218,211,210,207,228,212,206,213,209,232,228,195,203,192,190,190,191,176,194,187,194,186,177,181,162,168,169,176,165,174,154,160,155,154,162,143,149,164,152,142,128,120,130,142,
157,109,93,118,121,135,140,128,141,149,171,161,164,164,157,196,195,187,184,195,229,213,203,241,227,241,256,270,247,270,289,285,308,281,288,285,279,299,288,259,286,280,282,293,311,331,300,295,315,333,326,343,336,318,332,335,324,294,306,322,324,322,318,309,354,330,340,343,319,320,331,334,337,365,323,335,362,361,364,352,358,374,363,307,319,315,354,339,347,330,364,350,309,345,324,327,328,332,325,319,303,318,311,322,328,304,312,304,319,302,304,309,305,288,307,301,311,273,283,302,284,275,287,306,295,295,271,268,279,279,283,259,264,271,280,260,244,271,259,256,238,225,226,236,225,250,230,233,220,238,230,243,255,233,225,243,235,227,206,204,249,238,224,216,238,216,209,218,191,179,191,201,208,186,182,181,192,203,190,187,192,194,190,173,183,176,174,182,175,170,150,140,162,165,145,145,139,162,152,166,
165,122,127,119,135,128,140,127,140,134,150,176,169,174,174,193,212,191,201,220,233,235,247,237,252,256,256,250,231,271,268,285,281,307,299,285,288,308,313,299,302,292,286,311,303,310,326,332,302,314,342,353,351,327,326,356,343,338,328,335,362,366,357,328,321,319,333,315,358,345,365,341,359,361,336,340,361,336,324,332,330,363,353,346,313,335,344,358,347,368,359,357,357,318,318,318,331,347,301,282,280,328,321,319,326,336,343,322,317,330,351,324,295,324,318,299,304,293,276,281,281,277,276,290,252,259,298,295,302,296,319,288,289,291,273,291,285,253,250,254,225,230,260,282,253,246,253,269,270,246,242,235,256,233,226,234,245,242,226,231,233,224,239,225,221,199,210,214,222,209,193,196,189,204,193,185,174,175,176,189,197,180,170,167,180,178,168,175,170,172,158,168,156,157,138,158,178,167,143,143,
139,111,122,105,134,132,146,129,154,154,165,174,176,197,196,205,222,211,224,241,224,266,260,260,249,276,261,269,262,259,289,281,265,267,311,305,307,328,316,321,295,276,296,333,352,322,332,320,307,304,318,336,305,320,338,337,306,337,316,332,338,356,340,368,355,338,346,325,331,365,355,345,332,352,353,325,344,327,370,326,344,346,329,334,347,370,370,365,321,342,347,357,353,322,348,340,332,311,321,338,322,312,298,320,338,311,320,304,308,339,322,334,340,316,291,302,320,278,260,286,276,274,275,301,295,313,331,322,323,289,293,284,287,275,277,279,274,272,260,249,266,245,259,259,226,225,258,252,257,247,249,241,243,230,236,260,221,239,229,245,246,231,233,209,202,200,206,218,228,200,197,184,216,214,210,214,190,192,207,184,174,155,159,168,158,162,160,169,168,170,168,165,163,169,170,163,157,154,145,137,
146,97,111,127,131,140,143,143,159,171,185,178,175,181,187,191,209,203,231,233,235,234,221,250,235,249,257,284,265,297,283,317,292,313,297,270,302,335,329,309,328,310,341,334,358,347,334,354,352,329,334,363,321,323,341,356,324,341,326,326,362,369,373,389,371,377,343,351,318,345,333,359,372,334,333,351,364,361,343,344,332,335,330,328,333,346,370,342,356,354,363,363,315,312,301,302,321,313,348,343,350,328,314,354,352,286,310,305,321,353,316,324,312,320,320,301,324,307,322,326,289,295,312,332,325,311,311,302,289,265,278,286,303,291,283,261,257,230,237,261,277,276,275,274,265,274,258,236,243,237,249,255,226,257,253,244,244,260,255,245,261,230,213,220,235,238,207,205,204,205,204,197,198,220,197,207,206,207,213,192,203,188,179,191,165,194,188,181,162,170,172,168,189,188,173,162,153,160,163,171,
129,103,106,134,131,137,142,129,155,167,176,172,181,185,213,203,204,200,196,225,250,228,251,250,251,262,263,300,284,288,300,310,293,303,291,300,333,319,329,356,338,351,354,313,327,327,343,323,340,345,378,337,365,342,357,377,345,346,343,349,369,366,371,404,394,376,355,317,343,324,340,375,362,354,330,366,338,346,338,343,351,352,353,353,335,344,378,410,391,379,391,358,324,362,316,326,307,326,337,343,348,324,323,369,323,314,330,337,335,355,353,324,315,298,339,340,334,310,296,296,305,290,308,296,312,328,309,292,293,266,301,276,278,277,260,268,267,257,264,260,254,266,231,252,260,254,232,231,227,256,238,238,235,286,280,262,251,246,238,281,264,260,217,226,220,217,188,209,203,197,205,201,206,200,189,185,181,211,212,180,169,218,222,218,186,215,192,182,165,183,179,165,166,178,162,168,168,145,162,147,
129,93,101,105,121,142,160,152,166,162,207,201,191,176,208,236,201,218,213,228,242,242,256,255,274,281,269,284,285,322,313,314,321,313,328,312,291,314,356,325,351,332,350,335,355,329,345,344,358,378,383,364,385,375,351,357,338,346,373,379,378,357,347,388,370,376,380,348,388,361,375,391,366,359,373,339,340,363,385,366,384,399,349,351,357,364,380,377,375,372,372,347,376,368,322,342,321,364,330,338,334,335,344,355,344,341,346,365,352,359,363,336,326,318,330,332,323,313,312,317,323,317,326,309,328,318,298,285,289,264,283,290,305,313,286,282,264,282,253,276,298,266,297,276,265,259,259,267,265,254,279,249,273,279,287,252,253,246,266,236,208,205,207,231,242,246,225,216,234,229,223,199,207,183,197,179,182,204,193,198,193,206,221,199,191,187,182,166,186,206,184,167,184,173,166,169,157,145,146,157,
148,116,122,124,140,153,185,149,165,171,208,199,201,221,213,234,228,223,223,248,257,272,272,274,284,294,297,337,303,282,333,311,302,319,293,336,298,341,312,333,357,358,350,354,332,332,368,370,364,365,387,395,348,357,365,376,371,350,346,377,390,404,388,399,396,378,389,367,378,344,342,364,353,324,343,338,366,347,362,370,374,402,359,332,370,378,371,322,359,371,343,353,340,377,366,344,312,321,341,347,353,340,362,382,394,353,356,367,357,332,347,355,329,353,332,329,350,327,323,296,297,329,329,294,306,308,307,312,294,284,276,289,329,312,302,307,283,291,281,268,264,263,273,249,254,253,262,267,272,286,262,264,236,251,248,231,243,241,229,240,223,215,227,208,221,233,237,233,229,218,209,207,224,194,194,203,202,215,215,210,211,195,184,208,174,191,191,196,186,183,180,190,168,166,155,158,168,155,173,174,
135,110,109,123,120,124,148,166,164,170,169,173,206,196,224,240,225,233,228,222,223,269,263,264,273,296,292,296,302,319,320,308,313,308,304,303,316,344,319,348,337,335,329,322,323,344,367,371,395,397,378,367,360,369,382,356,346,343,353,376,368,407,393,379,398,357,378,354,374,357,380,344,369,359,377,379,382,350,356,390,373,401,379,358,345,325,336,352,362,355,346,330,352,386,351,326,350,363,358,330,355,354,376,398,365,360,379,369,357,334,344,328,329,358,323,311,336,325,328,301,324,336,316,305,305,334,317,293,312,306,295,299,284,276,291,256,256,281,278,259,250,248,288,269,260,268,271,279,273,245,236,269,250,252,239,245,227,250,236,209,211,221,233,235,239,237,212,206,226,213,226,228,221,215,216,210,205,209,221,205,207,179,202,205,210,212,198,166,195,187,181,163,170,178,179,182,173,180,180,174,
135,100,105,109,133,149,154,172,181,171,183,190,216,193,206,239,224,233,243,251,215,259,260,268,262,303,306,293,295,294,291,295,326,291,323,316,351,348,340,348,354,344,361,323,308,349,372,346,358,388,367,395,340,353,358,340,354,330,355,370,381,359,387,406,378,364,354,384,396,369,384,355,371,383,381,373,364,384,374,367,389,396,361,381,372,349,361,358,377,343,382,370,346,363,348,373,362,374,356,368,370,358,362,361,348,349,371,375,376,356,330,318,305,323,341,301,300,311,322,308,298,294,307,332,320,331,320,318,332,324,279,280,279,271,289,274,281,245,256,281,279,274,265,232,257,260,286,268,257,279,272,271,270,269,265,264,250,248,253,227,225,214,216,238,222,216,232,217,216,216,228,225,212,210,203,215,231,225,212,236,216,215,229,209,203,198,199,182,186,196,194,181,168,165,168,182,171,166,158,176,
161,115,112,129,122,119,139,135,146,175,182,181,182,220,209,223,210,221,252,249,252,254,259,239,264,310,292,283,301,326,315,299,324,314,302,317,348,357,388,347,359,323,329,311,332,358,368,402,389,380,366,382,382,386,371,371,342,354,390,386,379,368,394,374,358,361,349,354,359,383,384,389,394,375,347,371,366,400,420,400,384,379,381,358,392,400,383,393,398,413,419,435,387,407,405,393,386,371,342,366,373,361,354,371,358,364,340,346,348,335,330,332,327,308,329,328,305,327,310,302,277,285,283,302,319,323,311,301,337,315,301,289,295,286,304,264,286,287,289,308,288,290,274,289,291,284,294,266,269,280,258,269,249,263,254,248,237,217,222,214,241,222,231,260,230,217,241,223,226,237,210,223,223,194,202,228,218,215,205,211,202,204,218,203,211,205,190,190,177,178,167,179,184,181,171,172,153,157,164,176,
153,120,120,129,143,148,142,134,137,155,181,180,180,193,217,198,222,224,231,260,241,247,247,266,276,275,290,283,317,301,323,320,313,325,321,359,367,347,352,348,370,376,363,365,339,335,365,376,380,348,343,382,379,346,388,392,374,340,364,385,390,359,362,391,413,390,371,404,392,379,386,386,367,400,376,396,380,401,395,419,399,387,369,413,401,396,364,375,372,392,411,389,364,361,358,397,410,400,380,372,355,362,357,372,363,366,392,378,372,357,316,319,347,349,321,315,329,328,324,309,351,337,332,317,321,305,299,311,312,307,320,292,298,272,294,274,293,298,279,291,285,282,285,294,265,265,293,285,285,285,265,278,271,263,260,261,259,258,242,253,224,224,229,220,218,199,186,208,213,206,223,222,218,216,215,210,203,198,204,199,179,177,194,183,168,174,195,184,164,163,175,163,175,159,175,176,167,135,156,164,
126,113,116,138,134,138,158,149,182,173,158,208,207,185,199,223,233,244,261,268,305,274,233,258,274,275,297,293,291,281,318,326,343,316,347,325,356,364,369,361,356,362,364,369,327,344,376,380,385,393,389,363,374,412,372,403,384,348,344,372,364,354,366,386,381,392,404,424,390,389,393,399,365,396,388,419,417,366,404,420,388,404,417,376,360,372,392,372,368,391,408,401,379,373,389,373,375,352,342,346,366,362,369,345,354,393,379,367,371,360,364,343,338,347,339,334,347,353,332,314,304,333,322,315,288,312,302,315,318,322,353,312,305,313,319,289,280,284,297,296,304,300,285,276,266,285,260,258,289,274,275,246,266,286,272,254,251,261,251,235,238,243,251,216,232,232,248,231,218,211,227,205,222,228,218,199,205,206,199,196,191,202,179,183,187,180,187,173,160,169,157,165,173,169,160,158,151,155,171,157,
142,128,132,135,133,147,154,180,179,172,179,216,198,214,232,216,207,233,268,264,278,264,276,279,281,295,316,287,319,309,295,329,318,335,363,343,342,355,372,371,338,358,344,362,388,381,381,333,383,376,399,353,402,404,388,413,413,389,399,373,362,409,413,405,393,390,406,415,406,376,382,396,364,381,349,347,369,391,420,375,370,380,401,385,403,409,381,379,364,385,413,392,378,362,375,367,381,365,379,375,390,364,357,346,364,362,354,333,327,348,333,335,348,352,349,329,311,311,313,339,317,327,318,325,308,311,325,339,309,287,302,295,301,300,319,312,317,301,289,312,299,307,309,302,285,296,273,288,314,277,256,268,272,270,284,278,280,245,272,254,242,243,230,243,244,240,241,256,243,234,237,241,234,230,212,231,230,230,226,225,200,205,215,194,201,210,186,199,189,174,167,177,170,183,181,161,155,159,151,159,
155,117,122,140,148,161,159,172,167,173,195,221,218,192,220,218,226,219,251,254,256,249,268,273,298,298,290,274,289,297,319,298,307,313,354,342,352,360,349,378,394,379,340,370,396,406,389,351,356,389,395,399,409,421,401,385,389,402,381,389,376,404,406,391,377,370,372,414,389,368,400,383,398,382,378,376,409,336,375,370,359,377,398,402,397,418,435,405,401,425,422,400,361,384,372,388,372,375,350,367,356,378,355,356,349,343,336,343,359,376,354,338,338,339,372,359,343,340,352,310,313,303,315,312,337,290,317,333,314,332,328,342,328,340,327,310,289,293,277,279,265,298,290,295,295,286,307,307,285,279,274,261,266,244,276,237,262,262,254,266,233,241,229,235,246,256,255,221,229,231,238,210,211,205,210,220,212,215,219,220,210,196,197,200,199,187,196,182,170,170,171,191,185,181,175,177,171,163,152,134,
152,116,115,130,139,140,132,146,175,193,184,199,228,195,200,223,222,237,250,252,248,275,268,269,293,288,274,294,321,326,337,313,318,349,346,337,356,368,378,379,357,354,339,354,376,365,407,379,362,392,403,392,386,395,387,382,397,424,392,394,422,383,379,413,405,402,422,388,403,417,395,361,381,396,389,383,375,366,406,368,377,385,379,370,359,401,414,401,353,386,397,392,386,375,399,414,391,375,356,359,374,341,364,338,352,364,365,378,361,370,385,399,355,339,350,356,350,350,348,334,321,313,339,340,326,300,331,322,344,351,335,316,301,285,315,320,314,294,305,294,290,279,282,282,286,307,295,283,282,281,267,299,271,262,258,252,240,243,250,264,263,263,241,258,237,240,224,220,236,223,233,212,215,224,226,237,230,245,237,209,209,201,209,192,202,199,192,196,192,194,186,183,172,164,191,179,182,166,149,167,
157,127,141,156,161,149,140,183,191,177,177,191,196,219,252,243,242,252,246,264,293,277,293,281,287,294,297,302,308,332,325,341,335,365,335,330,326,358,324,356,392,351,338,334,359,368,374,383,403,388,395,380,363,345,362,422,397,409,421,394,410,419,399,397,383,392,412,395,390,375,390,416,399,371,358,352,361,371,374,385,393,359,395,385,388,399,412,373,374,379,393,397,386,375,396,426,417,438,395,388,374,360,336,355,400,388,375,378,353,354,361,366,372,357,346,324,332,333,349,344,343,359,363,337,324,323,324,328,322,326,312,295,300,306,315,306,319,304,292,297,311,288,297,273,275,277,278,278,278,278,289,286,273,285,270,257,265,255,256,252,261,240,220,230,230,240,229,212,222,241,244,233,226,205,222,220,207,213,232,214,208,212,189,193,192,189,188,184,185,194,205,196,186,199,207,190,187,179,167,156,
165,126,124,127,124,138,154,171,155,186,192,206,208,207,226,225,252,258,271,274,277,273,285,280,285,301,295,304,316,338,371,355,340,334,302,347,324,363,334,363,360,335,379,391,357,375,382,361,395,397,416,367,356,415,378,404,408,401,375,357,382,384,387,407,404,387,386,420,397,380,413,423,411,398,401,373,389,366,397,402,420,394,406,389,408,395,423,388,383,411,392,382,408,408,410,397,400,398,401,394,368,361,348,364,365,379,387,375,357,339,369,342,347,335,354,345,365,363,348,343,343,376,369,336,350,340,366,350,338,327,324,316,316,333,344,313,315,294,289,298,276,268,269,261,252,257,299,299,276,257,264,271,253,253,257,276,301,268,275,261,256,237,225,229,222,205,203,198,183,209,192,193,200,194,230,216,228,213,216,218,227,205,213,178,185,168,192,183,186,187,177,185,190,167,170,191,188,173,169,155,
153,114,116,133,145,146,153,168,168,184,191,206,198,234,206,200,228,253,250,245,270,280,280,292,264,279,305,308,317,327,347,369,356,366,347,383,343,372,344,337,356,354,368,351,366,375,365,366,368,373,414,415,401,408,413,421,421,407,394,385,378,404,398,383,366,379,414,419,378,389,415,404,378,381,425,420,417,398,405,440,426,415,450,413,410,408,404,404,376,409,407,412,405,388,392,401,386,369,360,394,374,372,379,387,399,384,355,373,342,349,355,338,331,349,350,375,345,349,367,336,347,349,326,315,325,323,311,318,310,309,320,309,328,330,315,295,317,310,284,293,303,271,257,274,272,308,301,286,273,269,272,265,287,267,275,271,252,263,257,246,233,236,239,231,224,219,224,219,202,206,222,196,193,213,206,212,214,212,217,189,202,201,233,227,204,192,190,191,183,198,189,215,204,181,186,174,179,178,179,182,
136,115,132,125,124,150,151,162,175,168,191,206,208,224,235,225,240,238,229,241,273,272,252,279,275,268,274,263,294,321,353,309,364,351,381,376,356,351,346,336,361,377,373,374,395,376,397,396,363,384,422,426,416,373,362,403,418,440,413,405,394,399,395,372,367,417,400,378,371,372,379,420,419,415,418,416,417,397,417,430,401,439,443,412,409,431,397,399,375,382,369,358,411,387,394,399,416,389,400,405,405,391,431,403,391,360,374,345,348,327,318,375,351,342,348,351,351,333,318,334,338,329,305,322,305,302,317,316,310,316,305,316,326,294,318,315,313,300,310,294,294,272,282,271,292,300,295,271,287,264,273,265,267,264,260,256,259,257,264,259,226,239,242,231,228,213,218,225,214,215,222,235,219,210,220,221,228,231,219,225,210,219,207,209,201,196,216,197,182,194,184,174,178,184,194,192,177,170,173,166,
138,121,125,143,154,154,173,179,192,195,186,216,208,233,237,208,230,243,229,236,263,258,268,313,277,281,293,335,332,348,352,332,347,330,348,333,336,343,373,351,358,360,368,383,367,388,378,387,376,378,401,428,394,414,397,405,414,437,415,427,403,377,424,412,409,404,415,408,408,410,451,451,412,409,408,403,429,404,397,421,440,441,422,430,404,418,417,386,379,389,395,352,372,381,393,392,390,417,388,378,376,412,418,409,386,372,363,358,350,346,349,373,363,353,342,356,342,345,324,341,336,326,310,316,318,319,320,318,334,321,336,309,289,310,304,296,293,285,297,283,261,250,276,260,275,304,285,248,275,276,280,273,268,268,272,237,253,254,265,287,277,260,271,249,243,224,250,236,233,235,257,244,234,209,200,226,216,224,240,204,195,203,207,197,205,202,209,185,209,191,181,171,168,181,192,176,168,151,140,122,
148,110,125,144,140,135,147,161,162,173,169,190,197,233,214,213,228,238,230,269,248,248,276,295,287,272,281,289,286,313,346,356,331,367,335,349,347,374,381,374,342,341,348,369,373,375,391,363,367,373,409,445,410,412,391,425,440,415,418,442,404,387,408,396,397,399,403,410,415,382,415,389,420,437,412,430,403,412,409,412,419,411,394,415,418,404,368,379,391,389,404,376,388,424,431,419,410,401,391,364,346,361,365,345,358,335,354,349,354,359,380,365,383,339,345,324,337,363,345,327,311,331,315,321,324,328,333,329,337,320,319,328,288,303,316,305,309,318,291,289,284,271,265,271,283,280,280,294,277,277,259,242,270,263,254,239,248,248,257,248,241,256,247,248,239,249,244,239,215,231,235,222,239,236,235,252,238,235,230,206,210,201,203,194,210,225,211,206,194,186,181,165,173,168,182,176,179,182,170,175,
163,122,127,136,160,165,179,184,199,215,199,191,206,222,217,197,210,233,262,223,237,226,268,265,271,278,273,262,294,324,318,328,331,329,330,348,368,384,358,357,389,355,373,417,374,388,375,384,373,384,405,422,429,414,415,443,433,417,422,411,404,386,416,433,406,432,430,395,410,430,431,414,408,453,413,407,397,410,414,426,443,452,414,413,391,390,400,383,363,386,354,380,383,379,404,378,374,349,358,388,377,372,356,358,331,339,369,359,354,385,403,364,341,340,345,344,352,348,341,326,306,340,334,321,338,339,324,321,309,286,309,312,311,312,335,320,299,320,326,345,329,293,310,310,291,286,288,289,263,253,242,245,251,257,276,261,256,241,251,236,248,262,237,242,242,242,234,227,220,232,211,206,205,201,230,260,234,229,215,207,201,223,222,213,187,202,216,201,195,180,191,186,193,188,185,179,191,175,167,195,
145,124,146,153,164,176,174,172,180,174,195,218,215,199,195,200,204,224,243,229,246,260,300,291,298,266,304,319,302,325,312,330,347,336,348,370,370,349,376,380,375,346,381,383,403,380,401,412,392,390,389,365,403,432,423,406,423,416,417,398,414,390,365,404,414,426,396,422,401,390,419,428,404,395,398,395,445,398,444,405,396,396,411,415,403,407,410,370,378,381,407,398,408,400,401,369,339,366,358,366,358,359,379,381,388,398,378,358,366,346,355,363,357,385,414,409,380,358,345,344,345,344,329,339,329,332,320,307,284,301,298,306,287,297,304,300,308,302,322,332,330,335,303,288,298,274,249,279,265,277,267,253,250,266,223,241,246,250,241,244,239,236,215,234,201,217,216,243,227,211,214,216,223,225,229,224,218,215,226,193,186,192,207,208,204,208,198,192,188,190,183,174,166,153,159,153,160,158,179,174,
164,128,126,135,150,156,154,166,172,165,206,199,212,235,200,218,237,237,243,251,271,272,274,280,282,277,295,314,300,342,327,343,341,352,329,344,389,365,354,358,361,415,400,392,398,387,374,361,364,365,391,380,411,404,393,406,429,437,419,440,415,403,388,394,371,423,444,424,406,392,395,397,432,418,408,417,401,390,398,406,402,422,402,396,385,396,378,380,366,391,389,380,424,405,373,379,390,408,357,358,355,324,338,369,382,384,380,383,393,352,353,342,359,368,362,363,372,379,368,347,294,321,324,322,304,293,337,307,288,296,276,298,325,304,273,283,314,292,298,271,269,271,291,288,305,301,262,281,270,264,255,243,247,249,252,251,259,248,266,262,248,235,217,236,227,243,218,233,229,223,207,198,218,218,220,224,201,202,218,222,205,206,195,209,203,168,166,158,154,156,158,176,176,164,165,161,153,170,158,154,
126,119,125,122,124,140,152,160,158,156,194,205,201,174,184,200,202,204,228,250,271,246,266,295,291,300,309,328,315,328,314,318,315,345,344,356,335,342,376,362,386,391,365,377,418,363,338,363,359,383,408,405,415,361,379,405,419,406,421,446,413,411,394,393,395,417,402,383,396,398,386,376,401,392,415,401,433,404,415,396,407,410,391,393,374,358,368,389,403,398,380,409,374,389,373,376,343,361,350,374,335,358,350,380,404,383,363,345,348,330,349,371,351,368,359,352,360,378,360,347,347,330,337,344,329,323,327,325,296,285,296,278,292,311,300,312,304,315,303,292,291,289,289,271,297,322,287,280,257,264,257,268,244,223,238,242,212,231,244,223,236,218,229,239,230,246,239,227,228,227,219,219,215,217,217,204,222,212,218,203,203,188,193,214,210,207,172,190,178,168,175,171,179,180,170,162,161,165,161,153,
159,133,114,133,140,152,149,162,147,153,191,187,204,202,200,220,204,246,242,260,240,268,259,274,276,267,289,310,298,324,318,318,351,368,343,362,342,339,366,372,365,372,375,388,399,396,347,370,380,368,366,373,425,398,367,387,410,394,423,400,412,404,399,439,400,401,393,401,396,375,366,407,405,389,396,406,418,400,419,390,386,417,417,396,393,398,404,393,412,422,397,357,364,389,349,359,390,386,363,370,361,354,344,332,362,372,380,364,364,339,346,350,367,391,372,342,323,331,332,334,337,348,345,360,334,305,305,312,310,285,304,316,300,324,335,329,310,334,321,291,282,294,300,262,264,298,301,290,287,263,262,271,280,249,259,260,255,246,244,236,242,231,245,232,222,224,241,243,245,235,231,224,236,209,192,215,210,229,208,185,180,192,178,190,185,183,202,191,180,164,151,170,172,163,174,179,184,179,162,171,
153,103,110,112,139,155,167,142,174,192,188,198,205,193,180,191,211,227,220,223,235,255,276,270,275,274,290,312,307,323,309,331,338,355,337,339,358,377,358,376,371,353,385,358,367,380,400,384,412,346,349,392,403,394,371,396,397,410,411,403,405,390,407,424,413,380,384,373,361,381,386,387,403,408,383,412,399,389,394,392,384,388,404,405,393,391,405,410,420,408,405,399,378,390,403,423,409,368,371,390,410,392,382,357,372,381,362,369,389,372,373,358,386,376,323,334,348,328,343,342,326,321,318,336,320,322,330,294,278,310,328,316,307,340,302,293,292,292,280,274,263,276,282,281,267,273,300,279,294,262,274,297,280,289,267,281,280,258,258,224,207,222,233,243,223,242,233,223,235,233,229,230,215,216,212,222,227,204,199,199,203,194,192,186,176,186,189,200,198,154,163,181,164,162,159,171,170,166,149,157,
155,121,132,138,136,155,150,163,175,181,199,200,190,210,193,213,223,194,205,216,248,246,262,261,272,277,277,272,302,305,320,333,323,334,342,354,357,358,358,360,366,365,357,369,380,390,392,401,355,337,367,385,375,397,346,358,404,424,385,393,380,398,434,430,428,449,427,390,382,372,372,405,445,409,387,403,409,402,431,406,414,414,395,378,370,399,398,400,418,376,381,385,395,402,383,411,401,408,358,382,373,358,412,382,356,370,361,368,338,341,354,378,383,360,346,368,352,329,333,318,341,294,305,316,318,327,321,327,300,306,360,296,305,289,280,274,273,304,276,287,276,266,254,269,272,280,290,269,306,296,279,280,273,277,269,249,258,248,234,240,225,244,225,216,214,215,228,221,212,227,223,221,194,197,190,199,194,214,227,222,210,193,217,224,194,173,164,178,182,190,209,191,198,183,177,175,169,167,168,176,
147,117,122,124,139,130,136,138,159,179,194,177,189,205,207,184,211,209,223,226,241,232,239,259,290,271,278,278,291,297,313,313,320,315,303,327,343,358,351,378,364,364,360,390,365,366,387,387,361,365,373,409,391,394,388,380,366,376,376,386,370,398,404,371,401,396,405,390,388,382,366,383,394,431,411,425,418,411,398,396,383,387,397,382,359,385,414,413,411,380,403,396,383,396,377,369,378,400,360,358,361,360,353,358,365,353,377,349,364,350,350,338,343,361,364,352,335,332,335,327,310,310,320,333,314,326,324,328,300,303,302,290,306,295,302,304,289,280,289,266,282,274,267,269,281,287,272,277,275,310,302,258,252,247,241,253,243,247,261,250,231,229,260,246,242,239,237,216,221,215,212,213,198,208,219,204,200,203,206,202,201,188,195,197,204,187,186,191,190,183,171,174,164,170,168,161,168,175,161,159,
160,120,116,121,121,130,132,143,157,159,165,171,230,219,200,197,228,235,235,245,254,241,255,273,283,279,291,273,298,318,318,328,314,302,308,343,349,334,349,366,365,378,344,380,352,354,364,358,372,379,394,385,363,396,436,388,372,419,434,387,376,401,408,402,428,413,390,407,421,443,450,436,420,418,415,444,428,409,397,411,383,399,399,378,411,398,388,437,398,369,370,361,342,384,351,372,338,367,351,350,342,362,343,349,372,376,374,354,366,331,334,351,319,347,351,348,331,326,295,313,317,316,329,340,308,327,328,293,297,318,306,314,310,319,293,289,259,279,282,281,273,270,281,256,264,282,271,270,304,270,270,247,259,247,258,274,249,245,229,219,226,230,219,238,247,230,230,239,220,228,203,212,217,224,225,229,230,215,214,208,209,217,204,198,202,201,185,182,173,169,176,188,164,184,184,194,173,166,161,178,
157,130,137,121,132,132,137,149,167,153,174,174,194,192,216,231,215,215,214,240,248,245,251,270,289,310,297,279,329,328,317,295,314,340,335,341,344,316,329,352,330,374,362,383,390,369,358,389,374,384,394,414,349,432,406,402,405,460,410,416,399,400,393,407,429,430,412,386,417,392,410,421,413,401,430,455,423,402,384,385,390,399,383,377,407,392,406,422,409,418,402,388,365,397,375,380,376,387,388,375,361,374,344,364,363,390,376,364,334,345,343,372,386,340,327,329,350,298,307,299,283,277,295,303,322,327,305,307,288,273,267,290,281,301,291,294,286,266,270,283,294,279,302,294,277,268,310,277,265,263,264,284,284,281,268,272,264,264,261,268,230,242,235,227,224,244,217,229,245,234,225,201,210,207,193,204,205,203,217,214,211,192,203,195,189,193,197,192,184,194,184,179,176,179,162,175,165,164,166,164,
135,118,117,134,136,150,148,159,160,170,176,195,208,225,217,195,198,200,221,236,235,225,262,273,290,288,299,316,310,314,292,322,314,364,331,343,341,328,355,352,303,366,365,363,381,360,360,338,406,405,380,372,401,395,386,402,379,420,409,384,411,427,412,403,419,419,396,378,385,381,387,382,369,390,399,410,439,441,409,374,380,401,409,390,427,398,374,400,380,374,369,386,394,384,366,360,363,357,370,397,393,380,370,368,332,353,379,359,346,341,322,308,339,317,331,295,303,304,314,311,306,301,282,286,301,314,319,317,304,300,314,303,281,296,261,269,283,287,281,313,275,259,272,286,282,278,267,256,254,266,261,242,273,263,247,232,253,254,268,251,241,220,207,208,225,226,240,237,242,225,229,226,200,204,210,213,208,200,200,217,223,195,221,203,212,199,205,189,184,193,187,169,173,176,165,155,164,156,151,160,
141,116,120,126,125,122,143,151,154,165,195,194,186,194,209,187,203,203,220,222,223,233,261,246,239,294,306,304,304,295,299,308,323,329,319,336,339,333,341,333,328,356,367,358,379,354,363,357,382,386,391,370,378,399,368,396,422,425,420,402,388,386,383,413,418,451,375,394,390,414,387,366,392,385,375,391,435,415,417,422,392,416,393,381,409,409,400,397,383,357,371,364,412,425,396,410,348,366,401,368,381,374,371,362,353,342,334,361,310,321,328,331,329,353,360,345,333,311,321,322,309,337,295,291,310,320,323,328,311,305,304,298,290,262,287,279,269,253,269,270,243,256,277,265,267,257,249,251,260,241,239,233,262,277,259,227,252,240,249,251,237,216,213,232,237,240,205,206,232,204,204,219,226,211,221,208,209,201,211,210,199,185,200,190,221,209,205,191,173,166,172,182,176,195,167,181,162,169,163,164,
150,120,135,126,133,153,155,170,171,175,177,169,174,188,194,200,215,228,236,222,252,251,246,255,265,260,298,262,276,269,274,310,303,310,334,333,350,360,320,357,364,350,333,348,393,387,367,372,385,369,375,369,365,361,389,398,376,355,376,378,375,342,373,407,389,378,372,367,393,408,386,363,375,379,381,346,387,413,412,400,385,393,401,391,392,350,415,410,387,390,412,399,405,413,401,379,365,370,388,374,376,386,396,364,372,376,364,372,347,362,362,359,344,350,351,350,343,314,315,327,296,307,319,322,304,309,268,286,268,281,278,301,287,296,289,268,278,277,265,280,278,280,255,254,225,242,251,249,237,250,243,249,236,244,243,228,238,262,251,258,236,230,232,249,263,273,258,250,239,207,213,201,207,219,216,197,218,234,211,203,206,183,216,203,213,187,193,182,180,184,177,179,190,201,204,170,163,162,174,179,
147,123,122,128,137,135,155,179,162,167,158,172,180,177,186,210,202,213,232,245,241,260,252,258,250,240,281,276,268,279,263,314,305,304,321,298,322,349,332,328,412,396,343,340,358,387,387,366,351,374,368,371,367,352,359,349,352,336,357,393,381,359,362,378,376,360,373,388,392,370,391,368,397,376,363,359,389,363,405,410,369,379,401,383,408,416,396,388,371,409,400,397,377,401,387,389,396,389,371,362,356,377,376,352,336,347,347,377,369,360,353,363,331,344,347,343,317,325,334,348,321,316,321,313,317,315,319,310,286,302,291,290,285,287,283,292,299,286,286,276,305,266,279,263,222,253,270,266,247,242,239,242,259,247,256,246,269,280,275,248,255,237,236,233,230,239,240,238,258,230,222,226,202,194,196,196,191,209,187,181,214,193,204,192,180,172,193,174,188,182,177,176,194,172,161,168,148,147,157,157,
138,111,117,127,123,135,141,162,152,160,175,190,191,171,195,196,198,211,200,208,235,251,243,272,253,267,272,296,278,278,271,290,289,316,327,322,336,327,335,325,358,381,334,352,397,411,353,342,354,372,353,328,373,348,333,334,366,355,358,366,364,351,343,352,373,400,388,418,374,380,405,392,395,378,385,406,378,387,384,375,389,379,395,393,400,410,398,383,367,371,392,381,346,353,384,370,364,380,370,382,409,373,371,385,331,352,325,345,333,359,335,368,360,341,339,331,365,345,317,335,320,328,315,317,344,298,322,332,301,306,293,311,301,306,266,284,276,274,257,262,284,271,254,278,264,245,252,247,268,259,232,260,226,237,235,215,230,233,233,236,225,234,251,234,212,202,219,228,225,241,229,207,215,208,196,217,202,221,203,188,182,203,168,195,190,203,196,191,178,171,181,181,176,175,180,164,150,133,139,155,
140,103,109,111,128,120,125,131,146,160,169,192,198,183,193,209,198,225,209,219,220,238,225,262,263,263,269,270,261,271,288,315,280,325,337,293,312,313,318,306,342,354,356,330,338,370,355,320,354,387,361,375,389,354,368,353,351,348,357,370,358,331,332,329,355,399,375,391,370,371,383,387,379,382,380,351,355,375,366,356,373,359,396,371,367,373,386,347,365,379,334,370,353,334,371,350,333,343,351,334,362,354,336,316,340,341,327,358,338,340,346,336,336,300,320,311,338,340,327,330,335,304,300,289,310,284,290,307,330,332,305,322,338,330,312,309,259,283,277,275,283,289,274,271,267,245,221,233,237,249,244,231,224,235,246,218,211,231,230,215,230,233,232,222,221,226,188,197,204,188,194,204,195,186,181,198,216,197,202,198,180,203,201,179,182,188,198,187,198,200,182,179,168,173,177,168,165,166,167,166,
153,114,124,111,130,139,166,155,166,148,150,174,183,180,209,195,203,208,226,240,265,272,282,266,257,266,264,278,273,314,289,291,302,322,325,294,306,316,303,338,341,347,354,344,340,364,361,368,363,381,387,370,403,390,419,373,351,340,356,360,361,354,329,341,356,346,362,382,359,380,360,366,373,392,383,379,381,375,361,364,373,370,390,375,358,362,362,352,374,368,329,362,373,352,351,333,328,340,342,386,379,307,303,290,317,319,303,301,277,320,346,345,362,333,304,313,323,319,320,306,305,289,288,305,323,281,296,299,298,309,273,281,288,295,278,288,261,260,274,250,266,261,273,242,233,249,283,272,250,254,246,251,251,259,227,210,210,198,219,216,217,209,221,225,206,223,209,200,186,188,199,175,180,186,175,195,191,178,192,194,189,188,178,181,171,154,176,167,169,176,187,169,166,160,156,168,171,163,154,159,
140,109,101,127,143,138,147,151,148,155,156,166,182,181,195,185,181,187,210,210,228,223,250,261,249,246,257,278,285,291,283,307,308,307,308,300,313,325,336,333,352,359,346,349,337,344,344,348,367,361,356,375,386,386,359,352,334,321,335,353,351,336,339,358,396,347,369,344,379,345,363,384,365,340,348,352,362,373,351,360,389,390,367,356,384,371,346,343,370,363,334,369,380,359,343,354,311,321,354,367,380,331,353,310,321,298,293,319,334,292,323,355,320,318,315,321,314,346,338,312,298,269,278,284,316,308,296,300,287,302,289,274,271,248,250,265,261,264,276,263,234,260,260,250,246,255,242,256,233,242,262,261,253,257,258,242,249,220,213,223,227,216,215,216,210,214,224,216,233,211,207,214,180,199,199,189,208,197,206,196,188,211,177,174,169,164,180,152,154,160,156,158,149,148,162,144,156,151,155,167,
138,89,114,137,126,138,131,149,155,154,167,168,160,195,176,144,178,210,208,194,209,216,245,259,231,233,267,259,279,306,292,307,299,315,290,330,302,312,293,313,334,320,320,314,322,338,322,336,332,373,366,335,359,345,365,376,346,347,335,349,341,374,371,379,370,360,358,373,381,380,361,353,348,359,348,356,361,360,325,351,367,374,384,357,363,363,346,362,343,318,361,337,358,340,352,365,349,311,305,311,327,357,340,349,328,334,330,319,307,344,358,369,364,332,305,314,325,322,320,315,313,292,269,269,299,263,269,260,257,253,248,276,278,274,275,268,267,274,286,272,255,262,248,255,263,257,236,245,260,251,254,240,233,252,238,250,253,228,205,229,228,205,208,210,223,220,203,191,196,215,196,210,174,161,174,185,182,180,174,188,188,195,179,174,192,179,164,155,165,149,149,162,146,162,158,148,167,157,160,150,
115,86,105,97,113,113,137,139,137,138,153,158,164,177,192,169,197,219,220,205,240,242,233,243,241,247,264,254,269,293,295,319,282,275,287,309,290,274,272,286,320,329,315,308,286,323,310,331,336,366,334,318,344,331,331,356,367,349,319,313,335,370,347,351,338,352,362,336,337,342,382,361,350,346,356,346,346,358,341,348,344,373,363,363,348,343,348,341,360,327,332,344,321,311,317,335,322,340,327,312,326,340,326,332,339,298,322,321,303,294,294,284,295,316,313,308,322,323,305,324,288,274,277,282,312,294,298,291,296,263,292,286,256,281,254,240,236,263,250,238,245,258,258,256,259,243,239,249,249,246,261,259,250,244,202,195,200,223,212,187,216,233,229,222,202,225,229,220,189,187,177,184,189,188,186,178,156,185,185,159,167,174,174,198,185,179,148,142,156,162,148,147,156,143,140,131,120,137,142,150,
123,96,105,113,136,125,132,134,134,145,158,168,170,166,170,185,189,191,181,201,212,212,205,234,243,258,256,244,268,274,276,269,255,276,271,272,290,289,284,298,322,316,314,341,324,329,319,344,339,307,333,347,345,319,319,362,356,321,346,356,364,365,368,342,338,338,323,314,333,341,352,349,346,346,347,338,345,337,332,319,342,356,315,347,354,321,342,313,336,320,338,335,310,327,349,328,333,320,318,319,319,316,289,314,321,345,341,315,311,289,285,292,304,294,288,269,279,285,295,307,291,289,310,303,290,290,285,288,292,280,265,276,226,266,281,257,257,275,269,260,253,240,254,249,244,259,255,240,245,226,231,224,230,264,229,227,202,211,224,195,202,208,218,202,196,180,190,210,217,182,202,197,192,172,185,176,179,194,149,167,185,178,185,199,181,168,157,162,166,165,162,165,134,144,152,145,136,125,119,122,
148,109,102,124,116,120,110,128,146,152,149,158,173,170,171,165,172,207,197,201,195,218,229,232,266,272,241,218,268,243,260,266,262,281,290,280,284,254,289,296,280,280,276,302,336,310,342,326,310,335,322,328,345,331,317,345,317,351,363,351,365,343,353,353,334,332,328,330,321,345,347,329,307,331,334,334,342,342,365,358,326,330,317,328,305,306,295,299,316,325,312,323,328,342,324,356,337,309,328,306,316,286,283,300,280,312,301,304,290,283,308,288,294,264,283,275,273,291,291,291,310,289,286,303,295,281,281,273,273,269,261,270,244,239,257,253,244,264,279,247,241,245,247,247,218,241,242,261,253,264,262,240,258,232,237,231,217,206,214,218,194,205,214,208,206,195,203,183,200,204,197,182,180,172,153,174,164,185,174,162,164,151,155,190,188,183,171,169,164,160,157,157,145,159,157,158,159,151,148,144,
138,96,115,138,133,129,110,136,145,138,143,142,161,145,177,173,161,187,202,215,215,222,219,238,257,252,227,230,236,228,244,291,274,250,234,282,292,270,276,265,288,261,301,335,319,314,328,321,309,298,296,315,278,335,316,311,314,302,306,313,323,308,301,317,310,318,319,316,301,328,356,342,322,324,332,318,319,328,340,330,331,316,301,301,314,321,322,335,301,313,330,320,309,335,330,340,327,335,333,354,317,291,295,283,270,281,305,306,302,297,303,317,309,261,269,282,277,241,261,273,259,305,286,269,257,250,248,262,253,245,278,268,263,253,230,260,247,264,275,244,259,241,252,234,231,225,240,231,245,223,238,232,222,254,236,268,253,227,200,206,213,200,212,196,217,205,207,246,188,196,202,209,197,201,182,176,188,172,164,163,158,177,180,174,178,173,173,172,157,163,159,153,156,150,154,146,137,145,124,137,
126,100,108,125,116,115,140,130,130,130,144,147,162,183,198,161,184,182,211,206,225,228,197,213,236,229,229,214,227,228,252,276,272,265,244,269,278,277,271,269,295,289,299,294,279,340,302,282,325,292,301,317,341,320,335,325,301,281,296,301,291,312,307,317,313,321,324,290,289,300,320,336,333,329,300,319,330,325,294,294,323,318,320,307,319,277,315,316,306,322,299,303,300,319,333,336,334,289,293,342,310,317,316,300,298,236,264,296,283,272,287,261,268,260,262,288,270,257,273,278,259,276,270,272,268,255,231,265,257,257,254,267,278,267,235,235,241,242,259,261,232,231,247,243,233,227,219,206,228,244,245,217,216,226,208,245,255,202,204,204,195,203,206,213,198,186,192,219,202,192,194,173,164,175,187,172,190,166,163,174,145,155,172,173,172,172,177,159,160,165,163,151,144,135,142,140,144,133,131,126,
134,117,125,133,109,118,132,125,127,142,153,159,175,173,172,161,175,197,195,212,222,196,180,211,205,211,224,239,217,222,236,252,264,253,232,250,262,273,242,261,283,276,273,281,277,287,287,277,285,292,282,317,338,331,316,269,285,274,283,293,279,317,327,308,294,298,292,309,317,300,318,322,299,333,273,300,310,281,308,288,300,318,328,313,316,279,300,297,280,313,303,321,297,322,315,321,309,311,295,313,317,302,330,281,281,289,262,287,285,261,253,268,259,249,239,247,259,239,239,275,248,261,260,268,277,278,247,278,248,243,250,244,253,252,279,248,218,227,238,226,226,219,212,235,221,227,204,202,214,221,197,212,189,186,191,206,228,237,226,218,224,198,186,188,199,191,189,179,190,184,204,223,181,187,175,187,188,175,170,169,168,149,129,167,150,174,167,161,164,158,166,158,147,139,162,141,130,142,135,121,
157,121,101,94,108,132,131,135,143,147,140,147,162,181,192,164,187,182,204,208,193,188,182,200,203,204,199,210,205,212,219,221,267,255,242,245,281,254,248,242,271,281,288,280,301,262,264,294,269,274,278,288,298,302,310,283,284,282,299,292,292,280,286,303,299,299,293,307,300,292,318,320,310,289,293,270,295,293,276,272,266,295,308,325,307,291,282,275,259,293,299,273,296,287,284,333,347,300,306,310,296,279,299,259,266,286,274,268,271,254,276,280,264,252,247,241,241,248,259,252,258,247,240,253,280,273,256,248,237,247,243,254,246,228,226,255,258,229,242,222,225,227,227,215,231,242,247,211,217,222,228,208,203,190,181,184,185,216,235,220,197,205,199,182,180,199,171,193,187,180,188,210,186,194,183,195,190,175,172,170,155,162,158,147,132,138,142,151,160,143,143,146,145,154,137,133,135,135,142,133,
140,86,93,108,120,131,124,111,127,118,138,150,162,162,172,153,180,164,192,184,163,174,191,187,193,215,189,204,189,201,234,251,228,231,231,250,251,247,227,251,243,252,252,255,280,257,278,259,247,266,266,281,291,311,281,281,273,278,259,290,278,271,281,296,274,273,275,276,277,295,292,309,312,279,308,269,317,303,276,284,289,265,260,295,302,279,266,258,266,253,303,294,269,271,284,309,327,320,294,284,267,275,286,284,288,264,269,273,258,261,266,244,261,247,267,256,241,245,266,259,239,266,259,275,276,261,256,243,231,240,255,242,241,241,224,215,225,252,249,257,237,233,224,217,213,208,197,207,202,222,205,210,190,193,179,169,167,185,194,218,189,208,209,188,185,198,201,177,185,188,201,182,188,178,184,174,159,164,169,173,180,164,166,152,177,161,160,161,160,161,162,151,156,167,165,147,133,142,132,138,
125,83,101,113,130,126,123,119,115,129,148,164,156,146,165,160,180,184,176,187,170,167,171,184,191,189,203,217,205,210,231,223,227,246,241,237,242,246,236,240,221,247,232,227,265,253,265,256,264,265,260,278,267,278,298,293,266,289,276,291,290,273,289,285,278,255,248,257,250,258,290,294,297,285,285,287,284,272,266,295,267,273,256,280,307,301,279,281,267,260,283,284,285,273,258,262,267,303,288,269,286,272,280,274,261,236,266,265,251,281,272,261,268,269,240,239,234,228,263,249,241,237,242,261,254,230,255,229,233,230,245,281,276,251,245,223,210,210,223,242,232,232,241,225,218,208,205,220,199,208,220,194,203,222,214,185,190,194,205,199,195,185,187,195,200,182,182,180,175,190,197,177,172,188,172,183,187,184,194,171,164,169,174,149,148,144,160,154,138,156,169,162,150,145,163,150,156,145,140,144,
135,94,109,129,116,87,88,110,129,129,132,149,125,164,148,163,166,157,163,164,162,177,175,178,200,205,225,200,211,202,197,208,223,204,213,216,224,211,221,229,222,213,226,252,242,235,253,255,263,268,256,263,256,273,275,265,249,266,261,252,283,289,262,260,287,247,227,239,238,247,281,263,296,267,290,294,270,258,264,289,280,275,267,270,272,275,264,270,281,280,289,279,256,253,248,254,235,241,255,262,274,265,266,263,261,247,257,247,257,248,243,241,247,257,236,251,258,235,228,237,240,247,270,251,277,269,267,240,217,231,216,210,228,238,223,226,212,189,197,198,201,226,217,225,223,218,230,214,222,218,216,187,188,208,190,203,206,199,196,203,183,186,169,173,179,179,189,201,210,185,163,170,180,188,175,182,160,156,152,151,173,167,177,167,153,137,140,144,137,133,134,141,133,133,131,135,145,161,153,137,
117,95,107,100,98,90,104,115,136,130,116,138,136,145,142,157,167,138,151,150,174,186,167,189,166,179,212,195,206,208,223,216,188,195,206,199,211,220,208,208,213,235,230,269,243,250,247,234,260,288,250,265,243,249,258,284,251,251,243,255,264,277,251,228,267,237,233,257,251,249,278,267,315,253,234,270,291,287,288,270,270,262,267,264,241,252,262,264,285,272,249,268,243,276,265,231,221,216,224,240,249,270,263,270,259,263,263,265,251,256,254,234,222,220,235,210,216,242,230,208,261,235,245,257,242,251,241,228,214,225,217,209,217,234,233,224,202,196,190,214,218,220,220,200,199,215,208,212,213,188,220,193,159,200,165,174,198,205,200,197,160,152,183,194,177,165,180,166,187,186,188,198,178,167,156,187,173,166,178,159,164,151,147,148,159,142,125,132,156,139,130,151,149,143,130,126,119,125,127,129,
128,101,97,98,92,95,109,116,107,114,133,133,126,134,147,143,155,132,141,137,143,148,178,169,156,203,186,192,196,195,187,226,198,172,187,203,207,217,201,176,203,224,216,244,232,205,240,231,249,252,259,259,245,246,245,259,256,255,231,257,271,261,264,273,235,252,258,262,236,246,254,234,276,261,244,267,264,250,244,275,249,263,273,263,274,278,245,265,240,274,273,247,233,229,249,239,247,223,219,237,238,243,232,258,255,241,241,258,240,233,250,224,214,214,238,229,227,214,231,208,215,225,226,232,193,225,239,228,215,213,216,232,242,215,211,218,195,198,218,207,197,210,215,219,183,201,212,204,192,182,180,217,200,184,161,188,170,180,188,216,192,162,177,184,176,165,162,177,155,171,173,155,184,168,153,147,150,156,157,157,152,161,168,166,166,135,136,135,136,124,127,140,133,139,137,136,128,136,129,143,
139,90,94,99,91,94,109,113,128,121,121,140,128,126,129,132,132,139,142,123,154,157,185,167,183,183,190,188,186,184,192,205,175,185,176,189,203,210,200,175,192,213,234,229,227,209,219,239,245,236,257,251,226,229,219,258,255,242,208,221,251,260,282,254,246,242,263,258,236,242,253,247,258,240,253,245,264,233,238,242,225,238,267,232,279,272,253,231,235,238,264,251,268,232,250,249,259,232,229,250,240,252,240,243,213,242,249,257,240,231,245,250,240,222,210,237,224,207,221,225,213,219,217,242,197,204,211,202,234,233,209,225,239,235,241,244,204,197,199,193,199,188,219,217,205,205,220,224,242,211,198,178,180,191,177,161,160,166,163,187,196,183,182,174,173,157,130,138,154,162,180,176,183,162,165,161,179,168,147,141,131,164,158,163,167,155,152,148,141,133,118,122,128,132,125,133,146,130,129,126,
128,94,90,105,92,97,127,106,119,111,114,118,118,128,127,125,124,133,135,146,165,152,149,164,173,176,168,163,172,189,190,198,165,184,177,185,195,191,191,189,174,224,222,223,208,198,220,234,239,238,226,223,225,228,227,248,229,232,255,230,231,225,246,274,239,232,240,222,225,225,238,263,236,225,224,250,225,226,280,242,210,206,245,233,238,263,236,222,233,203,210,223,274,245,222,233,243,257,216,235,219,234,209,253,227,226,234,259,221,203,223,264,236,240,226,206,233,207,192,196,209,228,207,203,204,208,200,201,212,215,212,200,232,226,199,229,244,212,203,211,198,194,196,203,200,219,201,193,181,209,204,201,201,201,175,176,174,161,173,175,165,170,187,175,159,155,162,155,141,153,152,148,143,144,163,127,144,173,170,158,146,158,160,140,144,144,131,127,153,146,123,117,113,128,141,130,136,149,143,133,
141,88,91,102,86,105,111,118,105,112,126,120,127,117,135,137,119,143,132,129,151,144,166,170,165,165,154,158,156,178,165,153,161,170,162,187,191,188,184,189,177,195,201,200,221,227,217,210,217,204,217,214,216,221,234,247,239,238,217,235,212,224,242,272,248,239,245,230,226,210,216,231,251,257,233,208,234,224,247,231,222,219,219,212,223,250,268,237,231,236,228,233,238,241,245,235,227,229,205,230,221,217,223,240,209,225,201,250,251,247,242,225,226,231,231,185,213,221,195,190,187,212,236,224,203,214,196,208,223,224,202,177,201,217,216,186,219,207,196,210,188,196,211,191,196,198,201,205,203,192,178,204,183,184,168,163,166,179,178,181,170,163,154,152,149,158,176,137,131,156,143,161,151,143,141,146,147,135,151,134,138,149,157,151,141,145,138,128,134,128,130,123,126,126,139,125,126,123,145,130,
131,88,98,93,104,110,105,111,108,131,120,111,115,114,133,124,125,129,117,132,142,144,157,169,140,137,149,158,166,151,168,152,150,162,180,194,200,195,164,170,182,209,210,197,210,223,213,187,193,221,211,202,227,238,232,239,197,195,200,231,234,221,206,267,248,224,205,223,213,213,218,241,229,246,243,208,228,251,246,243,231,205,205,201,232,230,248,242,226,220,223,232,217,247,233,257,239,227,205,218,229,210,211,199,212,217,198,219,230,230,246,242,212,209,233,206,197,236,203,210,181,185,214,207,225,211,193,196,191,202,196,190,203,192,206,219,200,198,183,196,199,204,193,189,193,198,187,177,205,187,190,179,195,196,183,164,173,164,158,174,170,171,162,172,162,150,146,159,156,147,144,138,135,144,145,153,141,137,134,132,132,130,130,138,135,134,139,135,144,118,119,120,134,122,95,108,124,116,134,129,
132,83,70,96,88,97,105,115,116,110,97,103,108,102,116,127,116,125,129,138,128,131,141,137,138,156,155,148,164,149,169,170,164,161,161,179,173,165,178,184,179,195,194,190,202,188,208,208,207,207,217,223,208,211,214,220,212,190,204,243,236,230,223,223,247,218,218,216,205,216,212,231,210,227,236,218,198,227,235,221,233,205,216,199,219,230,228,222,247,232,221,231,217,218,220,220,248,227,209,204,207,208,222,217,200,213,219,220,197,199,223,211,203,197,206,202,206,216,256,209,198,185,195,179,202,209,207,189,185,179,189,202,204,186,182,206,204,203,178,190,179,187,183,207,185,167,194,184,194,189,190,188,187,194,183,177,188,175,169,166,156,164,173,163,155,149,147,149,150,150,133,155,136,129,124,144,146,145,134,125,139,145,145,125,130,136,139,144,156,135,115,117,113,130,121,110,108,119,98,111,
133,78,85,102,101,101,105,94,104,100,85,94,102,119,125,110,112,123,142,132,113,114,134,130,142,150,163,157,153,162,167,175,161,146,150,173,163,174,192,186,171,173,175,194,196,196,221,195,207,194,195,213,184,193,209,196,187,193,226,227,207,219,212,215,211,223,215,215,235,206,215,212,229,211,218,218,220,219,226,228,213,222,181,214,230,220,204,206,245,226,235,206,222,215,187,209,227,233,223,221,211,210,214,212,210,232,233,207,205,215,202,207,233,180,198,210,208,202,203,216,206,194,199,186,188,189,203,208,198,180,187,196,179,163,195,205,187,207,176,174,181,182,181,179,167,193,180,162,165,167,179,182,164,176,194,195,188,179,167,161,156,162,174,176,188,144,138,148,151,151,154,151,134,114,129,132,134,126,126,119,138,120,140,140,124,117,120,117,135,141,144,124,131,123,116,121,111,131,125,117,
112,90,74,105,93,98,98,99,97,96,95,103,100,100,114,115,125,139,129,100,120,126,143,144,158,140,158,156,159,156,170,151,129,166,152,149,171,172,172,164,163,189,178,192,198,177,215,190,198,215,198,183,196,201,200,213,195,195,210,219,218,198,211,210,197,216,226,200,212,206,223,215,209,210,230,202,220,230,222,222,201,218,204,210,220,200,217,219,183,200,221,233,220,218,212,224,210,216,215,215,193,211,188,188,216,195,198,225,218,222,214,206,210,215,201,190,176,194,234,223,203,201,173,181,189,175,188,183,183,200,183,197,182,176,184,212,195,187,180,177,196,173,179,177,164,181,166,178,182,183,173,177,161,161,167,169,180,185,191,184,150,167,168,172,172,156,159,158,153,149,153,142,153,137,134,144,144,138,152,141,126,128,118,110,117,120,123,113,114,139,140,117,113,112,109,110,111,119,113,114,
117,81,85,99,101,93,87,95,111,95,85,96,90,97,113,125,119,123,107,103,134,117,130,140,145,151,158,150,161,147,161,145,163,149,142,178,139,165,152,171,175,166,166,173,192,177,210,203,195,180,200,177,198,187,200,183,191,206,198,200,235,194,189,199,224,222,213,208,196,210,211,210,216,230,218,208,197,221,229,220,218,196,217,223,221,204,210,196,204,207,187,210,212,211,223,237,206,204,211,213,201,174,198,188,218,196,192,226,202,191,200,224,201,212,190,204,175,200,198,206,228,200,187,187,182,178,187,191,176,193,195,174,175,170,175,190,180,191,185,180,199,187,165,165,172,149,178,147,148,183,188,191,184,159,147,161,176,156,159,176,178,170,167,179,156,150,141,163,162,166,140,132,140,146,134,133,138,135,146,149,156,138,134,129,115,100,108,116,113,106,118,131,113,116,124,112,104,100,109,117,
119,73,85,100,89,97,90,101,99,86,83,92,93,103,121,112,101,116,112,106,124,119,152,142,155,150,162,140,147,166,132,149,148,148,135,156,136,145,176,169,159,165,181,168,194,179,203,182,181,162,191,190,176,182,194,189,178,190,190,231,212,198,207,206,204,211,211,195,188,197,191,208,211,201,203,210,201,192,213,210,207,195,216,223,206,219,208,183,209,190,194,212,217,208,201,216,215,201,200,200,213,197,207,178,192,214,194,191,178,192,177,187,210,212,178,191,196,188,195,187,213,224,214,169,196,182,172,175,182,209,206,187,182,173,170,181,193,159,158,174,184,190,189,177,171,159,147,167,157,170,163,151,187,180,165,157,173,159,153,165,169,161,155,164,177,167,151,147,154,154,148,157,144,142,135,129,124,149,127,154,134,141,154,145,138,109,113,122,124,118,117,126,118,114,107,128,119,113,109,114,
120,78,88,85,96,109,89,95,100,89,97,86,100,107,130,115,115,121,120,98,126,123,140,136,157,161,161,125,174,148,126,143,153,124,134,157,142,158,157,152,163,170,155,184,170,185,196,170,182,181,192,171,177,184,183,182,194,187,198,203,208,192,210,219,209,206,189,168,189,184,191,215,214,208,206,199,200,212,188,201,197,195,203,200,205,211,216,187,208,201,193,201,192,187,192,227,209,175,196,182,206,216,213,195,199,188,186,204,170,184,188,182,194,178,184,178,184,176,175,200,213,216,222,182,196,176,179,180,185,166,198,205,191,190,177,186,181,190,165,159,148,177,171,182,181,174,178,181,146,155,171,176,150,143,165,153,145,150,152,140,157,166,163,167,153,148,164,146,134,159,161,162,150,146,152,131,125,135,140,137,152,135,137,137,133,108,121,139,127,129,121,115,111,108,113,107,116,112,104,116,
121,83,95,99,117,83,68,86,92,93,92,101,107,112,105,96,102,115,111,109,122,123,133,149,152,143,133,125,147,127,131,146,144,135,140,141,149,150,154,152,154,169,150,194,177,170,167,171,185,174,172,182,182,174,180,178,185,199,183,211,215,199,191,214,182,184,176,189,193,208,193,197,189,208,194,195,179,209,217,181,180,198,186,188,205,204,224,209,206,194,187,217,194,166,189,217,205,194,202,199,185,212,198,185,195,184,182,189,196,161,169,192,193,199,163,175,179,162,166,189,183,186,192,193,199,201,173,203,182,179,183,185,161,176,179,185,181,191,176,182,154,154,173,158,146,166,154,165,169,160,179,157,157,156,144,153,148,166,146,128,150,133,148,166,156,141,169,145,142,129,125,133,167,159,166,138,128,111,140,121,117,131,141,132,144,120,112,106,114,129,122,117,126,127,129,112,112,111,99,113,
124,97,93,93,76,77,83,91,101,88,97,91,90,82,90,114,112,123,100,114,126,126,140,156,137,122,138,121,132,143,144,143,138,139,123,142,158,148,137,145,142,153,150,158,162,145,172,180,167,180,190,181,175,174,162,179,177,188,179,201,200,169,190,202,198,185,194,207,194,198,202,187,181,200,198,205,187,183,203,193,161,178,182,172,193,194,225,199,215,193,161,199,205,173,180,186,185,174,197,186,207,195,192,179,189,157,174,194,195,188,166,188,182,181,169,172,196,162,150,177,182,187,179,187,185,184,186,197,201,212,184,200,168,157,166,192,194,176,181,176,174,145,159,154,154,159,173,160,164,152,169,162,163,149,152,139,140,135,148,145,151,135,150,157,146,146,162,156,141,138,110,109,128,135,143,143,144,140,133,135,124,130,124,125,133,134,133,112,102,103,110,96,111,119,115,114,109,125,125,117,
137,86,77,87,88,65,80,95,96,93,88,90,98,83,119,126,107,105,105,125,122,118,136,142,133,118,111,117,138,157,137,136,125,141,141,122,140,147,130,135,145,151,146,169,182,154,174,185,168,194,186,161,173,175,177,185,187,189,179,174,198,181,169,198,204,202,191,188,192,187,203,191,173,185,189,184,210,192,195,204,166,172,174,178,197,186,199,200,216,206,183,164,164,207,189,186,178,170,184,186,187,206,203,168,166,184,167,177,191,174,171,184,181,179,184,173,187,174,141,141,163,167,174,169,186,167,195,182,182,195,171,174,191,194,172,179,166,165,179,194,158,149,146,146,144,150,163,166,187,159,152,171,165,142,147,155,139,143,132,150,130,146,139,140,153,148,158,143,137,137,154,124,126,125,140,131,128,142,144,128,119,114,130,125,116,112,121,131,130,108,122,95,93,96,110,117,101,101,101,119,
130,83,69,83,78,73,89,90,97,85,89,100,87,107,125,106,103,113,112,115,131,118,130,135,133,111,115,119,154,161,137,128,127,123,147,131,130,140,120,134,146,162,149,153,145,152,187,194,164,163,169,178,165,165,167,172,171,167,190,170,172,188,189,179,177,192,185,190,182,196,205,169,178,163,184,181,191,197,192,191,188,166,178,171,171,182,192,190,207,223,199,177,171,183,201,188,193,171,186,196,169,186,190,162,168,174,179,177,175,160,179,177,173,179,181,170,184,177,178,165,142,155,171,163,154,165,186,173,162,192,179,175,171,177,171,189,178,172,167,185,170,155,157,138,145,132,148,154,161,159,175,168,176,137,153,152,140,124,146,145,145,146,128,152,159,140,139,154,155,127,134,123,129,124,141,131,145,124,162,135,123,118,130,116,110,103,126,115,116,108,122,113,97,103,104,115,96,98,112,105,
119,74,87,74,80,85,95,83,104,87,97,102,93,106,101,100,99,104,99,119,121,115,123,119,111,113,118,141,134,148,126,120,125,120,139,120,131,135,135,121,136,157,147,156,143,163,171,176,139,163,169,193,151,190,165,168,152,166,181,179,187,196,162,182,160,177,171,196,169,179,209,187,179,154,185,191,195,182,193,176,185,175,178,196,178,156,202,180,195,220,198,150,192,172,192,202,195,187,159,174,168,175,192,188,141,172,176,190,167,162,175,181,162,171,174,162,176,180,164,178,163,148,167,179,185,149,161,180,157,182,160,190,171,164,177,153,161,173,172,183,148,145,166,146,147,147,143,140,143,166,153,169,168,163,143,141,126,135,130,148,135,146,140,127,139,154,149,154,170,142,146,132,130,133,120,120,118,130,150,149,142,131,128,122,119,116,100,126,122,123,118,110,93,103,105,116,115,102,97,97,
121,82,83,79,94,92,90,102,98,80,93,90,91,101,91,100,92,87,102,110,128,116,109,115,108,108,128,118,130,131,125,127,115,133,134,137,140,122,138,119,132,149,147,177,129,169,147,169,163,158,171,193,162,180,160,152,154,171,188,157,191,173,159,177,157,144,170,192,156,181,192,178,173,169,166,192,170,195,179,188,167,179,163,165,187,177,152,182,174,177,181,180,199,181,169,207,187,160,162,165,167,178,177,182,166,173,180,158,184,162,181,145,146,168,174,165,169,170,171,154,181,160,159,176,177,187,163,175,172,145,166,161,180,164,159,161,157,166,180,166,173,150,154,152,160,153,162,154,142,149,142,148,154,147,153,149,137,148,135,144,131,135,141,129,121,146,136,130,159,129,137,149,133,136,131,142,122,114,119,122,135,164,130,124,127,113,111,112,108,103,106,117,101,107,103,102,105,103,109,102,
123,85,78,82,91,87,98,88,80,86,86,85,72,104,95,87,92,98,107,124,124,108,105,112,122,96,124,120,118,133,117,114,133,131,142,127,118,128,127,130,132,155,143,146,133,155,144,164,152,167,145,187,165,170,154,163,149,174,162,181,171,189,169,195,177,158,152,153,146,174,176,187,179,166,159,166,180,181,190,172,175,181,170,152,185,176,176,161,182,166,158,174,177,185,178,192,190,164,178,179,172,175,174,158,158,188,174,169,157,157,168,147,146,137,170,170,177,156,174,167,153,165,164,166,164,169,185,173,168,172,157,159,163,169,169,160,152,166,158,153,160,171,166,148,151,149,139,140,166,151,154,137,129,164,146,131,147,126,139,128,127,127,140,134,117,123,133,129,132,137,138,136,150,127,107,122,143,129,132,126,111,135,136,147,126,133,134,121,112,102,97,113,101,90,107,105,102,109,102,101,
125,81,76,78,84,88,88,86,78,84,86,79,100,110,78,80,96,98,106,110,130,110,90,113,129,102,117,114,128,130,108,118,126,125,139,117,124,119,130,141,123,167,154,144,134,137,156,153,163,160,129,165,150,177,167,157,150,157,161,179,188,172,161,168,151,163,159,144,154,177,169,162,184,186,177,154,164,180,200,182,163,161,158,158,175,177,166,174,168,160,168,164,179,151,173,191,189,159,175,168,159,184,166,177,166,161,184,154,169,152,170,181,142,151,146,169,178,187,151,170,165,137,155,147,181,171,158,145,176,176,182,159,161,149,162,171,148,152,154,153,147,161,151,155,156,157,147,154,138,152,145,149,124,165,143,159,147,130,146,141,127,126,119,121,127,128,140,123,136,125,119,119,120,139,137,109,105,118,119,134,123,128,124,141,132,121,127,125,120,107,101,90,98,95,94,92,88,115,109,96,
130,74,76,88,102,87,87,72,83,85,84,81,110,73,73,93,109,103,111,123,115,111,96,133,122,100,103,120,122,119,106,123,140,120,126,132,123,134,158,129,136,176,164,156,141,150,155,143,171,162,141,162,171,161,174,165,163,156,167,188,162,180,171,173,167,162,178,181,166,176,155,155,177,192,194,176,175,191,200,173,162,174,171,170,186,164,187,178,165,169,180,177,165,159,186,172,175,194,190,176,162,170,172,176,186,162,185,162,196,151,159,183,172,166,162,168,158,176,184,181,173,152,148,171,147,166,172,169,165,160,179,167,181,175,172,185,168,150,146,155,163,170,168,163,161,153,156,171,136,147,152,147,133,145,148,164,172,139,128,151,138,137,139,118,118,137,138,151,127,120,134,138,116,124,130,131,145,128,116,117,134,128,117,115,135,137,122,132,133,136,131,108,108,98,95,90,90,97,111,108,
