0,0,0,0,0,0,0,0,0,0,0,0,0,0,0,0,0,0,0,0,0,0,0,0,0,0,0,0,0,0,0,0,0,0,0,0,0,0,0,0,0,0,0,0,0,0,0,0,0,0,0,0,0,0,0,0,0,0,0,0,0,0,0,0,0,0,0,0,0,0,0,0,0,0,0,0,0,0,0,0,0,0,0,0,0,0,0,0,0,0,0,0,0,0,0,0,0,0,0,0,0,0,0,0,0,0,0,0,0,0,0,0,0,0,0,0,0,0,0,0,0,0,0,0,0,0,0,0,0,0,0,0,0,0,0,0,0,0,0,0,0,0,0,0,0,0,0,0,0,340,321,362,360,399,419,404,428,442,428,462,508,499,513,513,561,600,637,617,653,671,670,703,806,773,776,788,815,876,895,907,954,972,971,1041,1020,1101,1075,1138,1174,1193,1240,1268,1300,1385,1395,1393,1390,1432,1559,1538,
0,0,0,0,0,0,0,0,0,0,0,0,0,0,0,0,0,0,0,0,0,0,0,0,0,0,0,0,0,0,0,0,0,0,0,0,0,0,0,0,0,0,0,0,0,0,0,0,0,0,0,0,0,0,0,0,0,0,0,0,0,0,0,0,0,0,0,0,0,0,0,0,0,0,0,0,0,0,0,0,0,0,0,0,0,0,0,0,0,0,0,0,0,0,0,0,0,0,0,0,0,0,0,0,0,0,0,0,0,0,0,0,0,0,0,0,0,0,0,0,0,0,0,0,0,0,0,0,0,0,0,0,0,0,0,0,0,0,0,0,0,0,0,0,0,0,0,0,0,347,333,315,368,381,410,410,405,446,450,531,471,519,519,523,531,570,626,652,592,634,666,714,744,802,703,805,823,836,889,955,941,946,955,1024,1058,1070,1071,1248,1210,1192,1264,1284,1275,1287,1381,1400,1445,1477,1589,1579,
0,0,0,0,0,0,0,0,0,0,0,0,0,0,0,0,0,0,0,0,0,0,0,0,0,0,0,0,0,0,0,0,0,0,0,0,0,0,0,0,0,0,0,0,0,0,0,0,0,0,0,0,0,0,0,0,0,0,0,0,0,0,0,0,0,0,0,0,0,0,0,0,0,0,0,0,0,0,0,0,0,0,0,0,0,0,0,0,0,0,0,0,0,0,0,0,0,0,0,0,0,0,0,0,0,0,0,0,0,0,0,0,0,0,0,0,0,0,0,0,0,0,0,0,0,0,0,0,0,0,0,0,0,0,0,0,0,0,0,0,0,0,0,0,0,0,0,0,0,358,341,382,356,365,383,444,462,461,430,467,505,585,561,564,576,568,609,647,648,697,670,785,784,806,796,838,906,919,948,979,973,1038,1098,1043,1096,1172,1205,1196,1293,1234,1361,1349,1394,1438,1450,1511,1596,1594,1597,1626,
0,0,0,0,0,0,0,0,0,0,0,0,0,0,0,0,0,0,0,0,0,0,0,0,0,0,0,0,0,0,0,0,0,0,0,0,0,0,0,0,0,0,0,0,0,0,0,0,0,0,0,0,0,0,0,0,0,0,0,0,0,0,0,0,0,0,0,0,0,0,0,0,0,0,0,0,0,0,0,0,0,0,0,0,0,0,0,0,0,0,0,0,0,0,0,0,0,0,0,0,0,0,0,0,0,0,0,0,0,0,0,0,0,0,0,0,0,0,0,0,0,0,0,0,0,0,0,0,0,0,0,0,0,0,0,0,0,0,0,0,0,0,0,0,0,0,0,0,0,357,374,369,417,379,442,420,449,464,491,537,551,540,545,648,636,634,663,682,706,724,739,733,831,860,884,909,934,966,1037,1040,1079,1089,1204,1141,1200,1263,1245,1283,1308,1331,1404,1450,1431,1515,1618,1614,1663,1682,1698,1793,
0,0,0,0,0,0,0,0,0,0,0,0,0,0,0,0,0,0,0,0,0,0,0,0,0,0,0,0,0,0,0,0,0,0,0,0,0,0,0,0,0,0,0,0,0,0,0,0,0,0,0,0,0,0,0,0,0,0,0,0,0,0,0,0,0,0,0,0,0,0,0,0,0,0,0,0,0,0,0,0,0,0,0,0,0,0,0,0,0,0,0,0,0,0,0,0,0,0,0,0,0,0,0,0,0,0,0,0,0,0,0,0,0,0,0,0,0,0,0,0,0,0,0,0,0,0,0,0,0,0,0,0,0,0,0,0,0,0,0,0,0,0,0,0,0,0,0,0,0,427,377,409,384,416,427,447,451,436,509,525,504,555,578,666,611,624,666,726,780,785,812,813,822,903,961,970,1008,1037,1072,1147,1131,1191,1188,1240,1296,1294,1308,1396,1447,1469,1564,1601,1543,1701,1645,1762,1739,1878,1837,1864,
0,0,0,0,0,0,0,0,0,0,0,0,0,0,0,0,0,0,0,0,0,0,0,0,0,0,0,0,0,0,0,0,0,0,0,0,0,0,0,0,0,0,0,0,0,0,0,0,0,0,0,0,0,0,0,0,0,0,0,0,0,0,0,0,0,0,0,0,0,0,0,0,0,0,0,0,0,0,0,0,0,0,0,0,0,0,0,0,0,0,0,0,0,0,0,0,0,0,0,0,0,0,0,0,0,0,0,0,0,0,0,0,0,0,0,0,0,0,0,0,0,0,0,0,0,0,0,0,0,0,0,0,0,0,0,0,0,0,0,0,0,0,0,0,0,0,0,0,0,347,384,407,387,441,431,465,468,496,506,553,587,642,622,669,676,649,737,732,733,785,845,846,909,918,1031,995,1056,1096,1106,1179,1207,1273,1326,1275,1306,1407,1435,1465,1495,1487,1620,1675,1742,1784,1733,1851,1921,2003,1904,1979,
0,0,0,0,0,0,0,0,0,0,0,0,0,0,0,0,0,0,0,0,0,0,0,0,0,0,0,0,0,0,0,0,0,0,0,0,0,0,0,0,0,0,0,0,0,0,0,0,0,0,0,0,0,0,0,0,0,0,0,0,0,0,0,0,0,0,0,0,0,0,0,0,0,0,0,0,0,0,0,0,0,0,0,0,0,0,0,0,0,0,0,0,0,0,0,0,0,0,0,0,0,0,0,0,0,0,0,0,0,0,0,0,0,0,0,0,0,0,0,0,0,0,0,0,0,0,0,0,0,0,0,0,0,0,0,0,0,0,0,0,0,0,0,0,0,0,0,0,0,410,427,414,415,452,492,453,533,533,585,567,608,654,728,683,741,735,763,791,841,868,893,926,937,1065,1061,1067,1151,1128,1184,1241,1235,1338,1351,1391,1496,1505,1556,1656,1727,1674,1751,1762,1788,1928,1979,2021,2103,2142,2051,2221,
0,0,0,0,0,0,0,0,0,0,0,0,0,0,0,0,0,0,0,0,0,0,0,0,0,0,0,0,0,0,0,0,0,0,0,0,0,0,0,0,0,0,0,0,0,0,0,0,0,0,0,0,0,0,0,0,0,0,0,0,0,0,0,0,0,0,0,0,0,0,0,0,0,0,0,0,0,0,0,0,0,0,0,0,0,0,0,0,0,0,0,0,0,0,0,0,0,0,0,0,0,0,0,0,0,0,0,0,0,0,0,0,0,0,0,0,0,0,0,0,0,0,0,0,0,0,0,0,0,0,0,0,0,0,0,0,0,0,0,0,0,0,0,0,0,0,0,0,0,401,365,407,452,440,488,527,546,551,593,647,631,654,670,741,769,751,839,865,868,912,977,967,1055,1096,1042,1138,1163,1199,1214,1289,1375,1351,1407,1411,1482,1551,1643,1745,1762,1811,1864,1951,2035,1960,2110,2130,2154,2280,2255,2502,
0,0,0,0,0,0,0,0,0,0,0,0,0,0,0,0,0,0,0,0,0,0,0,0,0,0,0,0,0,0,0,0,0,0,0,0,0,0,0,0,0,0,0,0,0,0,0,0,0,0,0,0,0,0,0,0,0,0,0,0,0,0,0,0,0,0,0,0,0,0,0,0,0,0,0,0,0,0,0,0,0,0,0,0,0,0,0,0,0,0,0,0,0,0,0,0,0,0,0,0,0,0,0,0,0,0,0,0,0,0,0,0,0,0,0,0,0,0,0,0,0,0,0,0,0,0,0,0,0,0,0,0,0,0,0,0,0,0,0,0,0,0,0,0,0,0,0,0,0,416,418,436,463,488,545,525,580,594,627,603,701,725,735,781,786,853,843,897,890,944,1023,1034,1073,1074,1176,1196,1215,1323,1368,1417,1519,1542,1603,1631,1667,1830,1802,1853,2015,1993,2019,2060,2112,2206,2357,2326,2374,2416,2557,2667,
0,0,0,0,0,0,0,0,0,0,0,0,0,0,0,0,0,0,0,0,0,0,0,0,0,0,0,0,0,0,0,0,0,0,0,0,0,0,0,0,0,0,0,0,0,0,0,0,0,0,0,0,0,0,0,0,0,0,0,0,0,0,0,0,0,0,0,0,0,0,0,0,0,0,0,0,0,0,0,0,0,0,0,0,0,0,0,0,0,0,0,0,0,0,0,0,0,0,0,0,0,0,0,0,0,0,0,0,0,0,0,0,0,0,0,0,0,0,0,0,0,0,0,0,0,0,0,0,0,0,0,0,0,0,0,0,0,0,0,0,0,0,0,0,0,0,0,0,0,482,452,481,523,515,527,551,598,628,658,672,716,737,795,802,901,878,938,994,1052,1082,1133,1068,1133,1221,1281,1408,1450,1427,1479,1547,1578,1597,1665,1831,1827,1915,1932,2125,2026,2113,2218,2328,2287,2451,2510,2604,2686,2774,2706,2934,
0,0,0,0,0,0,0,0,0,0,0,0,0,0,0,0,0,0,0,0,0,0,0,0,0,0,0,0,0,0,0,0,0,0,0,0,0,0,0,0,0,0,0,0,0,0,0,0,0,0,0,0,0,0,0,0,0,0,0,0,0,0,0,0,0,0,0,0,0,0,0,0,0,0,0,0,0,0,0,0,0,0,0,0,0,0,0,0,0,0,0,0,0,0,0,0,0,0,0,0,0,0,0,0,0,0,0,0,0,0,0,0,0,0,0,0,0,0,0,0,0,0,0,0,0,0,0,0,0,0,0,0,0,0,0,0,0,0,0,0,0,0,0,0,0,0,0,0,0,411,478,461,550,562,528,560,588,668,698,723,786,748,858,868,929,946,992,1064,1044,1172,1190,1248,1313,1375,1350,1416,1527,1510,1604,1709,1700,1857,1911,1902,1966,2048,2185,2189,2263,2374,2421,2438,2587,2610,2696,2742,2832,3016,3065,3166,
0,0,0,0,0,0,0,0,0,0,0,0,0,0,0,0,0,0,0,0,0,0,0,0,0,0,0,0,0,0,0,0,0,0,0,0,0,0,0,0,0,0,0,0,0,0,0,0,0,0,0,0,0,0,0,0,0,0,0,0,0,0,0,0,0,0,0,0,0,0,0,0,0,0,0,0,0,0,0,0,0,0,0,0,0,0,0,0,0,0,0,0,0,0,0,0,0,0,0,0,0,0,0,0,0,0,0,0,0,0,0,0,0,0,0,0,0,0,0,0,0,0,0,0,0,0,0,0,0,0,0,0,0,0,0,0,0,0,0,0,0,0,0,0,0,0,0,0,0,504,467,500,503,577,595,649,679,681,710,756,793,845,862,943,1004,1039,1070,1106,1186,1255,1249,1336,1399,1503,1513,1646,1674,1617,1779,1956,1877,2004,2123,2112,2259,2310,2339,2517,2510,2610,2665,2730,2809,2878,3054,3184,3195,3281,3356,3472,
0,0,0,0,0,0,0,0,0,0,0,0,0,0,0,0,0,0,0,0,0,0,0,0,0,0,0,0,0,0,0,0,0,0,0,0,0,0,0,0,0,0,0,0,0,0,0,0,0,0,0,0,0,0,0,0,0,0,0,0,0,0,0,0,0,0,0,0,0,0,0,0,0,0,0,0,0,0,0,0,0,0,0,0,0,0,0,0,0,0,0,0,0,0,0,0,0,0,0,0,0,0,0,0,0,0,0,0,0,0,0,0,0,0,0,0,0,0,0,0,0,0,0,0,0,0,0,0,0,0,0,0,0,0,0,0,0,0,0,0,0,0,0,0,0,0,0,0,0,493,521,555,561,592,635,691,690,727,825,807,848,875,917,1035,1016,1032,1225,1210,1302,1248,1443,1446,1480,1565,1626,1651,1774,1898,1896,2029,2125,2205,2318,2390,2481,2497,2651,2742,2811,2945,3066,3066,3170,3325,3415,3553,3745,3684,3763,3962,
0,0,0,0,0,0,0,0,0,0,0,0,0,0,0,0,0,0,0,0,0,0,0,0,0,0,0,0,0,0,0,0,0,0,0,0,0,0,0,0,0,0,0,0,0,0,0,0,0,0,0,0,0,0,0,0,0,0,0,0,0,0,0,0,0,0,0,0,0,0,0,0,0,0,0,0,0,0,0,0,0,0,0,0,0,0,0,0,0,0,0,0,0,0,0,0,0,0,0,0,0,0,0,0,0,0,0,0,0,0,0,0,0,0,0,0,0,0,0,0,0,0,0,0,0,0,0,0,0,0,0,0,0,0,0,0,0,0,0,0,0,0,0,0,0,0,0,0,0,530,558,581,595,663,672,682,696,727,813,873,957,992,1026,1049,1171,1258,1294,1297,1387,1496,1526,1611,1736,1778,1840,1942,1993,2040,2184,2248,2347,2515,2549,2710,2763,2859,2939,3059,3106,3288,3349,3590,3653,3755,3777,3897,4279,4314,4331,4333,
0,0,0,0,0,0,0,0,0,0,0,0,0,0,0,0,0,0,0,0,0,0,0,0,0,0,0,0,0,0,0,0,0,0,0,0,0,0,0,0,0,0,0,0,0,0,0,0,0,0,0,0,0,0,0,0,0,0,0,0,0,0,0,0,0,0,0,0,0,0,0,0,0,0,0,0,0,0,0,0,0,0,0,0,0,0,0,0,0,0,0,0,0,0,0,0,0,0,0,0,0,0,0,0,0,0,0,0,0,0,0,0,0,0,0,0,0,0,0,0,0,0,0,0,0,0,0,0,0,0,0,0,0,0,0,0,0,0,0,0,0,0,0,0,0,0,0,0,0,557,542,568,610,654,737,755,834,828,925,942,984,1021,1144,1205,1296,1409,1407,1451,1538,1589,1627,1728,1999,2009,2189,2183,2257,2373,2552,2687,2641,2817,2946,3043,3121,3224,3378,3287,3643,3769,3965,4084,4197,4351,4441,4781,4809,4734,5062,5141,
0,0,0,0,0,0,0,0,0,0,0,0,0,0,0,0,0,0,0,0,0,0,0,0,0,0,0,0,0,0,0,0,0,0,0,0,0,0,0,0,0,0,0,0,0,0,0,0,0,0,0,0,0,0,0,0,0,0,0,0,0,0,0,0,0,0,0,0,0,0,0,0,0,0,0,0,0,0,0,0,0,0,0,0,0,0,0,0,0,0,0,0,0,0,0,0,0,0,0,0,0,0,0,0,0,0,0,0,0,0,0,0,0,0,0,0,0,0,0,0,0,0,0,0,0,0,0,0,0,0,0,0,0,0,0,0,0,0,0,0,0,0,0,0,0,0,0,0,0,588,557,663,698,723,783,806,792,894,915,1019,1137,1176,1160,1341,1448,1519,1552,1604,1719,1748,1899,2038,2126,2237,2373,2495,2560,2748,2838,2950,3126,3277,3378,3635,3610,3862,4042,4268,4414,4577,4735,4936,5091,5347,5432,5578,5966,5914,6235,6355,
0,0,0,0,0,0,0,0,0,0,0,0,0,0,0,0,0,0,0,0,0,0,0,0,0,0,0,0,0,0,0,0,0,0,0,0,0,0,0,0,0,0,0,0,0,0,0,0,0,0,0,0,0,0,0,0,0,0,0,0,0,0,0,0,0,0,0,0,0,0,0,0,0,0,0,0,0,0,0,0,0,0,0,0,0,0,0,0,0,0,0,0,0,0,0,0,0,0,0,0,0,0,0,0,0,0,0,0,0,0,0,0,0,0,0,0,0,0,0,0,0,0,0,0,0,0,0,0,0,0,0,0,0,0,0,0,0,0,0,0,0,0,0,0,0,0,0,0,0,587,554,705,671,751,770,914,926,1035,1092,1130,1240,1253,1406,1556,1642,1705,1790,1979,2049,2226,2302,2437,2633,2701,2926,3010,3162,3313,3555,3631,3944,4086,4267,4358,4585,4904,5072,5248,5535,5693,5882,6194,6346,6732,6900,7134,7568,7796,7987,8320,
0,0,0,0,0,0,0,0,0,0,0,0,0,0,0,0,0,0,0,0,0,0,0,0,0,0,0,0,0,0,0,0,0,0,0,0,0,0,0,0,0,0,0,0,0,0,0,0,0,0,0,0,0,0,0,0,0,0,0,0,0,0,0,0,0,0,0,0,0,0,0,0,0,0,0,0,0,0,0,0,0,0,0,0,0,0,0,0,0,0,0,0,0,0,0,0,0,0,0,0,0,0,0,0,0,0,0,0,0,0,0,0,0,0,0,0,0,0,0,0,0,0,0,0,0,0,0,0,0,0,0,0,0,0,0,0,0,0,0,0,0,0,0,0,0,0,0,0,0,599,630,686,738,792,877,1005,1118,1093,1224,1263,1541,1534,1688,1934,1952,2111,2325,2552,2764,2827,3112,3221,3524,3773,3999,4176,4509,4746,4835,5157,5585,5720,6041,6209,6664,7030,7389,7694,7880,8538,8613,8999,9543,9836,10246,10922,11088,11690,12351,12768,
0,0,0,0,0,0,0,0,0,0,0,0,0,0,0,0,0,0,0,0,0,0,0,0,0,0,0,0,0,0,0,0,0,0,0,0,0,0,0,0,0,0,0,0,0,0,0,0,0,0,0,0,0,0,0,0,0,0,0,0,0,0,0,0,0,0,0,0,0,0,0,0,0,0,0,0,0,0,0,0,0,0,0,0,0,0,0,0,0,0,0,0,0,0,0,0,0,0,0,0,0,0,0,0,0,0,0,0,0,0,0,0,0,0,0,0,0,0,0,0,0,0,0,0,0,0,0,0,0,0,0,0,0,0,0,0,0,0,0,0,0,0,0,0,0,0,0,0,0,658,707,748,811,891,1040,1180,1369,1608,1811,2138,2260,2452,2693,2962,3166,3461,3655,3988,4251,4565,4764,5263,5582,5921,6609,7021,7409,8109,8456,9064,9642,10339,11055,11559,12478,13136,14099,14673,15566,16504,17310,17825,18997,19913,20696,22039,22550,23578,24571,25532,
0,0,0,0,0,0,0,0,0,0,0,0,0,0,0,0,0,0,0,0,0,0,0,0,0,0,0,0,0,0,0,0,0,0,0,0,0,0,0,0,0,0,0,0,0,0,0,0,0,0,0,0,0,0,0,0,0,0,0,0,0,0,0,0,0,0,0,0,0,0,0,0,0,0,0,0,0,0,0,0,0,0,0,0,0,0,0,0,0,0,0,0,0,0,0,0,0,0,0,0,0,0,0,0,0,0,0,0,0,0,0,0,0,0,0,0,0,0,0,0,0,0,0,0,0,0,0,0,0,0,0,0,0,0,0,0,0,0,0,0,0,0,0,0,0,0,0,0,0,826,1214,1776,2476,3358,4358,5194,6064,6921,7900,8910,9918,11124,12312,13627,14885,16319,17761,19302,20729,22608,24048,25763,27330,28820,30817,32290,34185,36071,37927,39470,41178,42562,43868,45713,47365,48826,50260,51573,52816,53992,55709,56868,57890,58654,59842,61075,61811,62610,63767,64674,
0,0,0,0,0,0,0,0,0,0,0,0,0,0,0,0,0,0,0,0,0,0,0,0,0,0,0,0,0,0,0,0,0,0,0,0,0,0,0,0,0,0,0,0,0,0,0,0,0,0,0,0,0,0,0,0,0,0,0,0,0,0,0,0,0,0,0,0,0,0,0,0,0,0,0,0,0,0,0,0,0,0,0,0,0,0,0,0,0,0,0,0,0,0,0,0,0,0,0,0,0,0,0,0,0,0,0,0,0,0,0,0,0,0,0,0,0,0,0,0,0,0,0,0,0,0,0,0,0,0,0,0,0,0,0,0,0,0,0,0,0,0,0,0,0,0,0,0,0,486892,450039,395557,355020,326224,306474,289918,278152,269226,261895,256081,250595,245298,240976,236879,232778,229582,226193,222582,218814,215160,212369,210219,206382,202851,201163,198545,194922,192827,190534,187414,186050,183483,181727,179851,177062,175343,173366,171838,170120,168834,167251,165568,162843,162274,160622,158978,157302,155848,154432,153207,
0,0,0,0,0,0,0,0,0,0,0,0,0,0,0,0,0,0,0,0,0,0,0,0,0,0,0,0,0,0,0,0,0,0,0,0,0,0,0,0,0,0,0,0,0,0,0,0,0,0,0,0,0,0,0,0,0,0,0,0,0,0,0,0,0,0,0,0,0,0,0,0,0,0,0,0,0,0,0,0,0,0,0,0,0,0,0,0,0,0,0,0,0,0,0,0,0,0,0,0,0,0,0,0,0,0,0,0,0,0,0,0,0,0,0,0,0,0,0,0,0,0,0,0,0,0,0,0,0,0,0,0,0,0,0,0,0,0,0,0,0,0,0,0,0,0,0,0,0,881173,817764,716223,645425,592972,555916,527688,507399,489981,477588,466677,456697,448887,441489,434334,427535,421624,415081,408239,402924,396701,392238,387476,380188,374269,369786,363088,357438,353366,347594,343122,337211,332495,328689,321741,317771,312889,307981,303674,298946,295030,290801,286430,281681,277335,273866,269280,264819,262761,257459,254337,
0,0,0,0,0,0,0,0,0,0,0,0,0,0,0,0,0,0,0,0,0,0,0,0,0,0,0,0,0,0,0,0,0,0,0,0,0,0,0,0,0,0,0,0,0,0,0,0,0,0,0,0,0,0,0,0,0,0,0,0,0,0,0,0,0,0,0,0,0,0,0,0,0,0,0,0,0,0,0,0,0,0,0,0,0,0,0,0,0,0,0,0,0,0,0,0,0,0,0,0,0,0,0,0,0,0,0,0,0,0,0,0,0,0,0,0,0,0,0,0,0,0,0,0,0,0,0,0,0,0,0,0,0,0,0,0,0,0,0,0,0,0,0,0,0,0,0,0,0,1130842,1048543,920530,827257,761798,714377,678343,652867,629836,613869,600841,588212,576785,568449,558732,550098,541933,534892,525914,520370,513025,505503,498489,492170,486229,477797,471481,464845,458476,451886,446694,439723,433315,426944,420902,415011,409923,403311,397293,391506,386735,381462,376231,369932,364571,358948,354649,350888,344974,340888,336076,
0,0,0,0,0,0,0,0,0,0,0,0,0,0,0,0,0,0,0,0,0,0,0,0,0,0,0,0,0,0,0,0,0,0,0,0,0,0,0,0,0,0,0,0,0,0,0,0,0,0,0,0,0,0,0,0,0,0,0,0,0,0,0,0,0,0,0,0,0,0,0,0,0,0,0,0,0,0,0,0,0,0,0,0,0,0,0,0,0,0,0,0,0,0,0,0,0,0,0,0,0,0,0,0,0,0,0,0,0,0,0,0,0,0,0,0,0,0,0,0,0,0,0,0,0,0,0,0,0,0,0,0,0,0,0,0,0,0,0,0,0,0,0,0,0,0,0,0,0,1327671,1232802,1080487,972609,894114,838516,796310,766209,740735,719310,705760,690033,678019,665777,657359,647801,637957,628997,619546,610361,602709,593768,585907,579062,571292,562513,555271,545985,540391,532582,525004,517334,511385,505570,496915,489883,483820,476262,471317,464795,456048,450298,445967,438831,433045,428907,420399,415483,410848,405140,399037,
0,0,0,0,0,0,0,0,0,0,0,0,0,0,0,0,0,0,0,0,0,0,0,0,0,0,0,0,0,0,0,0,0,0,0,0,0,0,0,0,0,0,0,0,0,0,0,0,0,0,0,0,0,0,0,0,0,0,0,0,0,0,0,0,0,0,0,0,0,0,0,0,0,0,0,0,0,0,0,0,0,0,0,0,0,0,0,0,0,0,0,0,0,0,0,0,0,0,0,0,0,0,0,0,0,0,0,0,0,0,0,0,0,0,0,0,0,0,0,0,0,0,0,0,0,0,0,0,0,0,0,0,0,0,0,0,0,0,0,0,0,0,0,0,0,0,0,0,0,1494390,1387016,1214730,1093913,1006520,942595,896632,861582,835057,811818,792891,777097,764354,750940,740132,728427,717057,708961,698453,689125,678763,669579,660778,651729,643008,634475,626985,617216,607696,599686,592710,583512,574494,568475,560276,553621,545239,538696,530709,524175,517264,508687,501811,497399,488771,483084,476265,470814,462784,456894,450546,
0,0,0,0,0,0,0,0,0,0,0,0,0,0,0,0,0,0,0,0,0,0,0,0,0,0,0,0,0,0,0,0,0,0,0,0,0,0,0,0,0,0,0,0,0,0,0,0,0,0,0,0,0,0,0,0,0,0,0,0,0,0,0,0,0,0,0,0,0,0,0,0,0,0,0,0,0,0,0,0,0,0,0,0,0,0,0,0,0,0,0,0,0,0,0,0,0,0,0,0,0,0,0,0,0,0,0,0,0,0,0,0,0,0,0,0,0,0,0,0,0,0,0,0,0,0,0,0,0,0,0,0,0,0,0,0,0,0,0,0,0,0,0,0,0,0,0,0,0,1635821,1517836,1329106,1195216,1101776,1032631,981456,942928,911420,888521,867444,851072,835844,822709,809358,797797,785653,774295,764209,753937,743056,731892,722461,712442,703044,694619,684101,674799,666978,656365,648370,641124,632517,623179,614675,606811,598379,591823,582481,576017,568391,561302,553479,544825,538757,531265,524160,517675,511201,502831,498158,
0,0,0,0,0,0,0,0,0,0,0,0,0,0,0,0,0,0,0,0,0,0,0,0,0,0,0,0,0,0,0,0,0,0,0,0,0,0,0,0,0,0,0,0,0,0,0,0,0,0,0,0,0,0,0,0,0,0,0,0,0,0,0,0,0,0,0,0,0,0,0,0,0,0,0,0,0,0,0,0,0,0,0,0,0,0,0,0,0,0,0,0,0,0,0,0,0,0,0,0,0,0,0,0,0,0,0,0,0,0,0,0,0,0,0,0,0,0,0,0,0,0,0,0,0,0,0,0,0,0,0,0,0,0,0,0,0,0,0,0,0,0,0,0,0,0,0,0,0,1761091,1634127,1431592,1289303,1187598,1111273,1057321,1016931,982749,956212,934852,916586,900357,885506,872163,859039,846404,833984,823213,810686,800318,789975,779494,768430,759039,749848,738013,728709,718609,709401,698997,690392,680627,671881,663037,654426,645605,638194,627580,620167,612187,604121,597209,587928,581472,572550,564835,558793,551605,544106,536378,
0,0,0,0,0,0,0,0,0,0,0,0,0,0,0,0,0,0,0,0,0,0,0,0,0,0,0,0,0,0,0,0,0,0,0,0,0,0,0,0,0,0,0,0,0,0,0,0,0,0,0,0,0,0,0,0,0,0,0,0,0,0,0,0,0,0,0,0,0,0,0,0,0,0,0,0,0,0,0,0,0,0,0,0,0,0,0,0,0,0,0,0,0,0,0,0,0,0,0,0,0,0,0,0,0,0,0,0,0,0,0,0,0,0,0,0,0,0,0,0,0,0,0,0,0,0,0,0,0,0,0,0,0,0,0,0,0,0,0,0,0,0,0,0,0,0,0,0,0,1877162,1737838,1525195,1371294,1262401,1181481,1124421,1081843,1046763,1016235,992253,975064,956328,942358,928501,914399,901099,887624,876565,864290,852066,840860,830721,818736,806789,796742,785680,775637,764824,754207,744007,734620,725493,714568,705823,697164,687425,677259,668936,659463,652089,641588,634923,626239,617510,610572,602154,594907,587823,580011,571243,
0,0,0,0,0,0,0,0,0,0,0,0,0,0,0,0,0,0,0,0,0,0,0,0,0,0,0,0,0,0,0,0,0,0,0,0,0,0,0,0,0,0,0,0,0,0,0,0,0,0,0,0,0,0,0,0,0,0,0,0,0,0,0,0,0,0,0,0,0,0,0,0,0,0,0,0,0,0,0,0,0,0,0,0,0,0,0,0,0,0,0,0,0,0,0,0,0,0,0,0,0,0,0,0,0,0,0,0,0,0,0,0,0,0,0,0,0,0,0,0,0,0,0,0,0,0,0,0,0,0,0,0,0,0,0,0,0,0,0,0,0,0,0,0,0,0,0,0,0,1976248,1832743,1607006,1445841,1333852,1247892,1184250,1138810,1103889,1071654,1049420,1028986,1009835,993530,977697,964256,948953,938124,923717,910938,899851,885445,875584,864724,851850,840690,827491,817160,805939,795860,784861,774998,765208,753740,744021,733658,724541,716188,706751,696963,688138,679254,671467,661155,652971,643142,635539,628484,619193,611836,603861,
0,0,0,0,0,0,0,0,0,0,0,0,0,0,0,0,0,0,0,0,0,0,0,0,0,0,0,0,0,0,0,0,0,0,0,0,0,0,0,0,0,0,0,0,0,0,0,0,0,0,0,0,0,0,0,0,0,0,0,0,0,0,0,0,0,0,0,0,0,0,0,0,0,0,0,0,0,0,0,0,0,0,0,0,0,0,0,0,0,0,0,0,0,0,0,0,0,0,0,0,0,0,0,0,0,0,0,0,0,0,0,0,0,0,0,0,0,0,0,0,0,0,0,0,0,0,0,0,0,0,0,0,0,0,0,0,0,0,0,0,0,0,0,0,0,0,0,0,0,2072324,1919258,1681647,1516221,1395607,1306279,1241698,1192252,1153071,1123715,1098844,1076242,1057329,1040046,1023366,1009588,994447,982049,966662,953661,941563,928130,916178,903191,891669,880577,867194,854829,844839,831389,821275,811358,799989,788766,778987,769711,759256,748449,740003,729671,719775,712141,701661,692292,684585,675686,665205,657089,649081,641027,633068,
0,0,0,0,0,0,0,0,0,0,0,0,0,0,0,0,0,0,0,0,0,0,0,0,0,0,0,0,0,0,0,0,0,0,0,0,0,0,0,0,0,0,0,0,0,0,0,0,0,0,0,0,0,0,0,0,0,0,0,0,0,0,0,0,0,0,0,0,0,0,0,0,0,0,0,0,0,0,0,0,0,0,0,0,0,0,0,0,0,0,0,0,0,0,0,0,0,0,0,0,0,0,0,0,0,0,0,0,0,0,0,0,0,0,0,0,0,0,0,0,0,0,0,0,0,0,0,0,0,0,0,0,0,0,0,0,0,0,0,0,0,0,0,0,0,0,0,0,0,2155879,1999510,1751105,1576987,1451267,1360803,1293298,1243708,1202283,1171190,1142606,1123486,1101532,1084399,1067057,1052068,1037048,1021560,1007400,993396,980062,967696,954445,942882,928160,917539,904771,893067,881692,868749,855901,845279,834194,823159,813865,800556,790795,781290,770454,761793,750353,739547,730858,723417,711648,703745,692698,685582,675946,669413,659964,
0,0,0,0,0,0,0,0,0,0,0,0,0,0,0,0,0,0,0,0,0,0,0,0,0,0,0,0,0,0,0,0,0,0,0,0,0,0,0,0,0,0,0,0,0,0,0,0,0,0,0,0,0,0,0,0,0,0,0,0,0,0,0,0,0,0,0,0,0,0,0,0,0,0,0,0,0,0,0,0,0,0,0,0,0,0,0,0,0,0,0,0,0,0,0,0,0,0,0,0,0,0,0,0,0,0,0,0,0,0,0,0,0,0,0,0,0,0,0,0,0,0,0,0,0,0,0,0,0,0,0,0,0,0,0,0,0,0,0,0,0,0,0,0,0,0,0,0,0,2229128,2066736,1813467,1633756,1501294,1408837,1335633,1286323,1244325,1210489,1182922,1160304,1140011,1121942,1104232,1087027,1072253,1056062,1043380,1029839,1014705,999064,988617,975794,958908,948685,935736,923007,911215,899037,885164,875612,862421,851963,839012,829765,818983,808308,795941,787597,776445,767370,756282,746929,737963,726888,719017,709044,700293,690457,682940,
0,0,0,0,0,0,0,0,0,0,0,0,0,0,0,0,0,0,0,0,0,0,0,0,0,0,0,0,0,0,0,0,0,0,0,0,0,0,0,0,0,0,0,0,0,0,0,0,0,0,0,0,0,0,0,0,0,0,0,0,0,0,0,0,0,0,0,0,0,0,0,0,0,0,0,0,0,0,0,0,0,0,0,0,0,0,0,0,0,0,0,0,0,0,0,0,0,0,0,0,0,0,0,0,0,0,0,0,0,0,0,0,0,0,0,0,0,0,0,0,0,0,0,0,0,0,0,0,0,0,0,0,0,0,0,0,0,0,0,0,0,0,0,0,0,0,0,0,0,2301515,2134652,1869976,1685056,1550472,1451695,1380932,1326578,1285704,1252285,1221428,1198320,1175027,1156637,1140076,1120650,1105419,1090033,1076617,1060569,1045898,1030713,1019138,1006051,993884,978174,964364,951762,939238,927124,915545,903398,892743,879481,868231,856558,843751,835477,823716,813715,802519,791947,782096,771702,762121,752105,740338,733625,724568,713520,705228,
0,0,0,0,0,0,0,0,0,0,0,0,0,0,0,0,0,0,0,0,0,0,0,0,0,0,0,0,0,0,0,0,0,0,0,0,0,0,0,0,0,0,0,0,0,0,0,0,0,0,0,0,0,0,0,0,0,0,0,0,0,0,0,0,0,0,0,0,0,0,0,0,0,0,0,0,0,0,0,0,0,0,0,0,0,0,0,0,0,0,0,0,0,0,0,0,0,0,0,0,0,0,0,0,0,0,0,0,0,0,0,0,0,0,0,0,0,0,0,0,0,0,0,0,0,0,0,0,0,0,0,0,0,0,0,0,0,0,0,0,0,0,0,0,0,0,0,0,0,2367054,2196940,1924574,1731898,1596084,1497293,1420130,1363480,1322918,1286322,1257092,1232952,1209890,1191765,1171558,1154671,1138578,1120732,1105879,1091353,1078318,1063677,1049559,1033313,1020348,1008099,993333,981080,966552,951839,942569,929577,917126,904300,890713,880829,870053,859016,847157,836010,826845,815254,802415,795187,783458,773780,762991,753094,741573,735135,727126,
0,0,0,0,0,0,0,0,0,0,0,0,0,0,0,0,0,0,0,0,0,0,0,0,0,0,0,0,0,0,0,0,0,0,0,0,0,0,0,0,0,0,0,0,0,0,0,0,0,0,0,0,0,0,0,0,0,0,0,0,0,0,0,0,0,0,0,0,0,0,0,0,0,0,0,0,0,0,0,0,0,0,0,0,0,0,0,0,0,0,0,0,0,0,0,0,0,0,0,0,0,0,0,0,0,0,0,0,0,0,0,0,0,0,0,0,0,0,0,0,0,0,0,0,0,0,0,0,0,0,0,0,0,0,0,0,0,0,0,0,0,0,0,0,0,0,0,0,0,2424134,2250382,1972929,1775311,1634571,1531675,1456137,1398428,1354057,1318479,1287243,1262050,1238362,1219809,1200570,1182947,1166240,1150244,1132868,1118146,1105120,1088960,1072749,1059172,1046964,1030270,1017805,1004825,991968,977385,964205,953152,940228,925590,915642,903032,889586,882005,867889,857279,845389,835525,823923,813848,803216,792059,782451,773341,762344,753090,743994,
0,0,0,0,0,0,0,0,0,0,0,0,0,0,0,0,0,0,0,0,0,0,0,0,0,0,0,0,0,0,0,0,0,0,0,0,0,0,0,0,0,0,0,0,0,0,0,0,0,0,0,0,0,0,0,0,0,0,0,0,0,0,0,0,0,0,0,0,0,0,0,0,0,0,0,0,0,0,0,0,0,0,0,0,0,0,0,0,0,0,0,0,0,0,0,0,0,0,0,0,0,0,0,0,0,0,0,0,0,0,0,0,0,0,0,0,0,0,0,0,0,0,0,0,0,0,0,0,0,0,0,0,0,0,0,0,0,0,0,0,0,0,0,0,0,0,0,0,0,2480964,2298856,2017285,1815262,1671601,1565855,1487112,1431398,1384122,1346828,1316260,1289783,1268478,1246947,1226622,1211411,1193096,1175778,1158112,1144654,1128251,1113902,1097750,1084651,1068869,1055982,1041973,1027393,1015547,999567,986752,973510,959684,947783,934455,922769,909755,899470,885787,874006,865545,852253,842466,831819,821905,811061,800608,789797,779899,771898,759937,
0,0,0,0,0,0,0,0,0,0,0,0,0,0,0,0,0,0,0,0,0,0,0,0,0,0,0,0,0,0,0,0,0,0,0,0,0,0,0,0,0,0,0,0,0,0,0,0,0,0,0,0,0,0,0,0,0,0,0,0,0,0,0,0,0,0,0,0,0,0,0,0,0,0,0,0,0,0,0,0,0,0,0,0,0,0,0,0,0,0,0,0,0,0,0,0,0,0,0,0,0,0,0,0,0,0,0,0,0,0,0,0,0,0,0,0,0,0,0,0,0,0,0,0,0,0,0,0,0,0,0,0,0,0,0,0,0,0,0,0,0,0,0,0,0,0,0,0,0,2530852,2344428,2056909,1851889,1702835,1596577,1517117,1459454,1411470,1374244,1344558,1316954,1293530,1271041,1251914,1233372,1215543,1201617,1184774,1169489,1152202,1132879,1119467,1107986,1092460,1076375,1061959,1048930,1033285,1020573,1005332,993728,979993,969396,953949,941381,929821,917666,904905,895480,882586,872369,859365,847604,838246,826648,816196,805546,796164,786084,776564,
0,0,0,0,0,0,0,0,0,0,0,0,0,0,0,0,0,0,0,0,0,0,0,0,0,0,0,0,0,0,0,0,0,0,0,0,0,0,0,0,0,0,0,0,0,0,0,0,0,0,0,0,0,0,0,0,0,0,0,0,0,0,0,0,0,0,0,0,0,0,0,0,0,0,0,0,0,0,0,0,0,0,0,0,0,0,0,0,0,0,0,0,0,0,0,0,0,0,0,0,0,0,0,0,0,0,0,0,0,0,0,0,0,0,0,0,0,0,0,0,0,0,0,0,0,0,0,0,0,0,0,0,0,0,0,0,0,0,0,0,0,0,0,0,0,0,0,0,0,2576278,2392090,2092309,1885113,1737517,1627348,1545220,1484448,1439253,1401057,1366652,1342165,1317494,1294759,1274599,1257164,1239273,1221493,1204979,1187821,1173447,1156114,1140560,1125485,1112501,1095581,1081474,1067824,1052177,1038898,1025620,1011295,999645,985247,973707,958756,946532,934597,923034,910826,898423,887008,875122,863428,853272,843088,832844,821688,812405,800811,791010,
0,0,0,0,0,0,0,0,0,0,0,0,0,0,0,0,0,0,0,0,0,0,0,0,0,0,0,0,0,0,0,0,0,0,0,0,0,0,0,0,0,0,0,0,0,0,0,0,0,0,0,0,0,0,0,0,0,0,0,0,0,0,0,0,0,0,0,0,0,0,0,0,0,0,0,0,0,0,0,0,0,0,0,0,0,0,0,0,0,0,0,0,0,0,0,0,0,0,0,0,0,0,0,0,0,0,0,0,0,0,0,0,0,0,0,0,0,0,0,0,0,0,0,0,0,0,0,0,0,0,0,0,0,0,0,0,0,0,0,0,0,0,0,0,0,0,0,0,0,2616173,2427552,2126611,1914589,1762436,1654041,1570107,1506240,1458642,1420845,1388328,1360759,1337191,1315443,1295637,1275070,1256497,1239958,1223320,1205622,1189883,1173029,1157954,1143626,1127552,1111577,1098270,1083205,1067986,1055838,1041177,1027630,1014127,1000974,988442,973928,962325,950408,937647,924345,912872,901047,890245,879883,867060,857200,843691,835700,824502,815500,803416,
0,0,0,0,0,0,0,0,0,0,0,0,0,0,0,0,0,0,0,0,0,0,0,0,0,0,0,0,0,0,0,0,0,0,0,0,0,0,0,0,0,0,0,0,0,0,0,0,0,0,0,0,0,0,0,0,0,0,0,0,0,0,0,0,0,0,0,0,0,0,0,0,0,0,0,0,0,0,0,0,0,0,0,0,0,0,0,0,0,0,0,0,0,0,0,0,0,0,0,0,0,0,0,0,0,0,0,0,0,0,0,0,0,0,0,0,0,0,0,0,0,0,0,0,0,0,0,0,0,0,0,0,0,0,0,0,0,0,0,0,0,0,0,0,0,0,0,0,0,2653617,2458545,2159666,1942429,1789394,1676446,1592735,1530831,1481275,1442276,1408956,1381070,1357218,1334698,1315072,1293848,1276598,1259472,1241427,1225301,1207449,1193219,1176167,1159848,1145242,1129369,1114505,1100207,1083863,1069529,1055155,1042061,1029648,1014704,1000553,988124,975356,963332,950648,938361,926621,915033,902495,890182,879138,867774,858180,846389,837294,825668,815803,
0,0,0,0,0,0,0,0,0,0,0,0,0,0,0,0,0,0,0,0,0,0,0,0,0,0,0,0,0,0,0,0,0,0,0,0,0,0,0,0,0,0,0,0,0,0,0,0,0,0,0,0,0,0,0,0,0,0,0,0,0,0,0,0,0,0,0,0,0,0,0,0,0,0,0,0,0,0,0,0,0,0,0,0,0,0,0,0,0,0,0,0,0,0,0,0,0,0,0,0,0,0,0,0,0,0,0,0,0,0,0,0,0,0,0,0,0,0,0,0,0,0,0,0,0,0,0,0,0,0,0,0,0,0,0,0,0,0,0,0,0,0,0,0,0,0,0,0,0,2690166,2493907,2183865,1969229,1810892,1697081,1613486,1550527,1498559,1461177,1426689,1400242,1375197,1351583,1331571,1310369,1291095,1273448,1255968,1240104,1222611,1207394,1189575,1171663,1158114,1143811,1129357,1113987,1099036,1082552,1067986,1056060,1040136,1026474,1014360,1001446,988482,973502,963561,950232,938268,924746,913396,903219,891442,881101,868250,859198,845427,834915,825637,
0,0,0,0,0,0,0,0,0,0,0,0,0,0,0,0,0,0,0,0,0,0,0,0,0,0,0,0,0,0,0,0,0,0,0,0,0,0,0,0,0,0,0,0,0,0,0,0,0,0,0,0,0,0,0,0,0,0,0,0,0,0,0,0,0,0,0,0,0,0,0,0,0,0,0,0,0,0,0,0,0,0,0,0,0,0,0,0,0,0,0,0,0,0,0,0,0,0,0,0,0,0,0,0,0,0,0,0,0,0,0,0,0,0,0,0,0,0,0,0,0,0,0,0,0,0,0,0,0,0,0,0,0,0,0,0,0,0,0,0,0,0,0,0,0,0,0,0,0,2717568,2519530,2208995,1989647,1833244,1716653,1630263,1568907,1517260,1474454,1442451,1417199,1389856,1367723,1346631,1327143,1306432,1287109,1271477,1254265,1238203,1219384,1203462,1186467,1171681,1155982,1139727,1124832,1109231,1094948,1082713,1066307,1051608,1036961,1024300,1010296,998116,983880,973139,959750,947158,935545,924603,913732,899597,889206,876423,865828,856615,842927,833695,
0,0,0,0,0,0,0,0,0,0,0,0,0,0,0,0,0,0,0,0,0,0,0,0,0,0,0,0,0,0,0,0,0,0,0,0,0,0,0,0,0,0,0,0,0,0,0,0,0,0,0,0,0,0,0,0,0,0,0,0,0,0,0,0,0,0,0,0,0,0,0,0,0,0,0,0,0,0,0,0,0,0,0,0,0,0,0,0,0,0,0,0,0,0,0,0,0,0,0,0,0,0,0,0,0,0,0,0,0,0,0,0,0,0,0,0,0,0,0,0,0,0,0,0,0,0,0,0,0,0,0,0,0,0,0,0,0,0,0,0,0,0,0,0,0,0,0,0,0,2744912,2544292,2228741,2008798,1848433,1730904,1646656,1580656,1529869,1491794,1457877,1428079,1402709,1379660,1357934,1338187,1320070,1301256,1283506,1266845,1251358,1232412,1214499,1200638,1182717,1168998,1153318,1135565,1122425,1105100,1092739,1080276,1064314,1048414,1036169,1022904,1011003,995042,983913,969734,956242,945943,932926,920941,908732,896620,886307,875352,862307,853160,842873,
0,0,0,0,0,0,0,0,0,0,0,0,0,0,0,0,0,0,0,0,0,0,0,0,0,0,0,0,0,0,0,0,0,0,0,0,0,0,0,0,0,0,0,0,0,0,0,0,0,0,0,0,0,0,0,0,0,0,0,0,0,0,0,0,0,0,0,0,0,0,0,0,0,0,0,0,0,0,0,0,0,0,0,0,0,0,0,0,0,0,0,0,0,0,0,0,0,0,0,0,0,0,0,0,0,0,0,0,0,0,0,0,0,0,0,0,0,0,0,0,0,0,0,0,0,0,0,0,0,0,0,0,0,0,0,0,0,0,0,0,0,0,0,0,0,0,0,0,0,2769161,2567261,2250405,2024554,1862741,1745950,1661065,1594765,1545537,1502895,1468717,1440776,1414739,1390534,1370463,1350093,1330091,1310089,1292450,1276485,1258964,1242419,1223845,1210537,1193480,1176099,1159486,1145111,1129955,1116250,1101224,1088570,1071001,1057886,1043450,1029249,1017571,1004285,990861,977285,964494,953166,942041,929853,917711,905797,894520,883325,872237,860108,849234,
0,0,0,0,0,0,0,0,0,0,0,0,0,0,0,0,0,0,0,0,0,0,0,0,0,0,0,0,0,0,0,0,0,0,0,0,0,0,0,0,0,0,0,0,0,0,0,0,0,0,0,0,0,0,0,0,0,0,0,0,0,0,0,0,0,0,0,0,0,0,0,0,0,0,0,0,0,0,0,0,0,0,0,0,0,0,0,0,0,0,0,0,0,0,0,0,0,0,0,0,0,0,0,0,0,0,0,0,0,0,0,0,0,0,0,0,0,0,0,0,0,0,0,0,0,0,0,0,0,0,0,0,0,0,0,0,0,0,0,0,0,0,0,0,0,0,0,0,0,2785893,2585159,2265387,2036574,1878966,1760426,1670308,1606820,1555470,1514684,1478356,1450445,1425411,1400901,1377873,1359112,1338009,1320582,1301929,1284033,1268596,1251192,1234009,1217762,1200095,1185137,1170205,1153809,1137340,1122664,1109543,1090867,1079505,1065858,1049508,1037401,1021111,1010047,997172,982544,971445,958802,947196,934546,923793,910493,900145,887780,876152,866436,854880,
0,0,0,0,0,0,0,0,0,0,0,0,0,0,0,0,0,0,0,0,0,0,0,0,0,0,0,0,0,0,0,0,0,0,0,0,0,0,0,0,0,0,0,0,0,0,0,0,0,0,0,0,0,0,0,0,0,0,0,0,0,0,0,0,0,0,0,0,0,0,0,0,0,0,0,0,0,0,0,0,0,0,0,0,0,0,0,0,0,0,0,0,0,0,0,0,0,0,0,0,0,0,0,0,0,0,0,0,0,0,0,0,0,0,0,0,0,0,0,0,0,0,0,0,0,0,0,0,0,0,0,0,0,0,0,0,0,0,0,0,0,0,0,0,0,0,0,0,0,2799814,2597311,2275604,2047554,1889228,1769606,1682120,1614447,1561106,1521909,1486530,1455825,1432201,1409358,1386665,1368518,1347338,1327088,1309316,1291187,1272575,1257471,1241704,1225929,1209381,1191602,1175638,1158473,1143620,1131030,1115897,1099887,1086268,1071752,1055718,1042408,1029334,1017362,1001642,989074,978862,965008,952512,941213,928293,916476,906034,892871,881280,870489,860355,
0,0,0,0,0,0,0,0,0,0,0,0,0,0,0,0,0,0,0,0,0,0,0,0,0,0,0,0,0,0,0,0,0,0,0,0,0,0,0,0,0,0,0,0,0,0,0,0,0,0,0,0,0,0,0,0,0,0,0,0,0,0,0,0,0,0,0,0,0,0,0,0,0,0,0,0,0,0,0,0,0,0,0,0,0,0,0,0,0,0,0,0,0,0,0,0,0,0,0,0,0,0,0,0,0,0,0,0,0,0,0,0,0,0,0,0,0,0,0,0,0,0,0,0,0,0,0,0,0,0,0,0,0,0,0,0,0,0,0,0,0,0,0,0,0,0,0,0,0,2815354,2608001,2287715,2058600,1895781,1777931,1688133,1622668,1571104,1527705,1493556,1465267,1439412,1414990,1394080,1372714,1353671,1335079,1317469,1296635,1280396,1262193,1246334,1228454,1213274,1196958,1180569,1165689,1152077,1135151,1119139,1105788,1091912,1078003,1062453,1047639,1034273,1020313,1009584,996208,982366,969670,955693,946204,933235,919707,911040,896843,886371,874968,865763,
0,0,0,0,0,0,0,0,0,0,0,0,0,0,0,0,0,0,0,0,0,0,0,0,0,0,0,0,0,0,0,0,0,0,0,0,0,0,0,0,0,0,0,0,0,0,0,0,0,0,0,0,0,0,0,0,0,0,0,0,0,0,0,0,0,0,0,0,0,0,0,0,0,0,0,0,0,0,0,0,0,0,0,0,0,0,0,0,0,0,0,0,0,0,0,0,0,0,0,0,0,0,0,0,0,0,0,0,0,0,0,0,0,0,0,0,0,0,0,0,0,0,0,0,0,0,0,0,0,0,0,0,0,0,0,0,0,0,0,0,0,0,0,0,0,0,0,0,0,2822490,2620896,2294805,2067853,1902428,1783338,1693792,1628451,1575675,1535252,1499534,1470387,1441471,1420277,1398894,1378630,1357301,1341611,1319243,1303310,1285541,1268001,1251898,1232503,1217738,1202423,1186396,1168450,1154349,1138366,1125191,1107189,1095659,1080013,1063941,1050779,1038254,1024470,1010695,996989,986450,971255,960665,948071,936061,924185,911611,901708,888167,879046,867783,
0,0,0,0,0,0,0,0,0,0,0,0,0,0,0,0,0,0,0,0,0,0,0,0,0,0,0,0,0,0,0,0,0,0,0,0,0,0,0,0,0,0,0,0,0,0,0,0,0,0,0,0,0,0,0,0,0,0,0,0,0,0,0,0,0,0,0,0,0,0,0,0,0,0,0,0,0,0,0,0,0,0,0,0,0,0,0,0,0,0,0,0,0,0,0,0,0,0,0,0,0,0,0,0,0,0,0,0,0,0,0,0,0,0,0,0,0,0,0,0,0,0,0,0,0,0,0,0,0,0,0,0,0,0,0,0,0,0,0,0,0,0,0,0,0,0,0,0,0,2831502,2625962,2300797,2067503,1907570,1787159,1697880,1631313,1578614,1535972,1503227,1471828,1446434,1422256,1402621,1379137,1361707,1341947,1325401,1305799,1287797,1267963,1253822,1237040,1221264,1203350,1187249,1171552,1156504,1140518,1126117,1110641,1096760,1081380,1068227,1054351,1039709,1027131,1013943,998216,987519,975696,961529,947817,936839,926486,914483,902144,890791,878360,868871,
0,0,0,0,0,0,0,0,0,0,0,0,0,0,0,0,0,0,0,0,0,0,0,0,0,0,0,0,0,0,0,0,0,0,0,0,0,0,0,0,0,0,0,0,0,0,0,0,0,0,0,0,0,0,0,0,0,0,0,0,0,0,0,0,0,0,0,0,0,0,0,0,0,0,0,0,0,0,0,0,0,0,0,0,0,0,0,0,0,0,0,0,0,0,0,0,0,0,0,0,0,0,0,0,0,0,0,0,0,0,0,0,0,0,0,0,0,0,0,0,0,0,0,0,0,0,0,0,0,0,0,0,0,0,0,0,0,0,0,0,0,0,0,0,0,0,0,0,0,2832289,2627386,2303001,2072964,1907118,1788979,1700949,1633334,1579173,1538017,1505502,1474795,1446414,1423984,1400937,1382050,1362107,1342506,1324344,1306686,1287995,1272877,1255130,1237117,1221265,1203839,1188160,1172176,1157034,1141129,1127164,1113258,1096417,1082940,1069501,1054747,1040275,1024842,1014144,1001126,988152,973036,965364,949967,938983,926797,913076,904286,890875,881192,869452,
0,0,0,0,0,0,0,0,0,0,0,0,0,0,0,0,0,0,0,0,0,0,0,0,0,0,0,0,0,0,0,0,0,0,0,0,0,0,0,0,0,0,0,0,0,0,0,0,0,0,0,0,0,0,0,0,0,0,0,0,0,0,0,0,0,0,0,0,0,0,0,0,0,0,0,0,0,0,0,0,0,0,0,0,0,0,0,0,0,0,0,0,0,0,0,0,0,0,0,0,0,0,0,0,0,0,0,0,0,0,0,0,0,0,0,0,0,0,0,0,0,0,0,0,0,0,0,0,0,0,0,0,0,0,0,0,0,0,0,0,0,0,0,0,0,0,0,0,0,2837101,2627686,2305668,2072473,1911977,1790140,1701232,1635106,1580481,1538716,1504302,1474998,1447326,1425152,1402608,1381374,1361462,1343439,1325890,1307880,1289552,1272515,1255405,1237732,1223302,1206488,1188179,1173693,1158000,1141930,1127606,1112493,1096671,1084359,1068464,1054648,1042013,1027271,1013917,1001213,989080,975538,964362,951569,938842,925008,915392,903697,892656,878841,868442,
0,0,0,0,0,0,0,0,0,0,0,0,0,0,0,0,0,0,0,0,0,0,0,0,0,0,0,0,0,0,0,0,0,0,0,0,0,0,0,0,0,0,0,0,0,0,0,0,0,0,0,0,0,0,0,0,0,0,0,0,0,0,0,0,0,0,0,0,0,0,0,0,0,0,0,0,0,0,0,0,0,0,0,0,0,0,0,0,0,0,0,0,0,0,0,0,0,0,0,0,0,0,0,0,0,0,0,0,0,0,0,0,0,0,0,0,0,0,0,0,0,0,0,0,0,0,0,0,0,0,0,0,0,0,0,0,0,0,0,0,0,0,0,0,0,0,0,0,0,2833130,2627528,2300834,2070974,1909848,1788289,1699382,1630712,1579733,1539488,1503434,1471981,1448934,1424245,1401771,1383159,1361929,1341659,1324922,1305915,1288042,1270693,1251790,1239724,1219298,1204162,1188294,1172959,1157671,1144093,1127918,1110893,1097285,1082704,1068524,1051955,1039730,1027667,1012183,1000039,987219,974246,962326,948975,938646,922892,913210,902968,890411,879185,869412,
0,0,0,0,0,0,0,0,0,0,0,0,0,0,0,0,0,0,0,0,0,0,0,0,0,0,0,0,0,0,0,0,0,0,0,0,0,0,0,0,0,0,0,0,0,0,0,0,0,0,0,0,0,0,0,0,0,0,0,0,0,0,0,0,0,0,0,0,0,0,0,0,0,0,0,0,0,0,0,0,0,0,0,0,0,0,0,0,0,0,0,0,0,0,0,0,0,0,0,0,0,0,0,0,0,0,0,0,0,0,0,0,0,0,0,0,0,0,0,0,0,0,0,0,0,0,0,0,0,0,0,0,0,0,0,0,0,0,0,0,0,0,0,0,0,0,0,0,0,2825100,2621322,2295666,2065773,1902682,1781342,1693903,1627350,1574812,1534961,1498961,1469952,1442468,1420710,1399793,1377829,1356974,1339682,1321375,1303975,1284356,1266029,1251117,1232931,1218211,1202375,1187593,1169951,1154882,1141278,1126199,1109712,1095006,1080599,1066371,1051541,1037624,1026476,1010626,998596,985441,971983,960373,948250,938133,924667,912578,899402,890374,878477,866674,
0,0,0,0,0,0,0,0,0,0,0,0,0,0,0,0,0,0,0,0,0,0,0,0,0,0,0,0,0,0,0,0,0,0,0,0,0,0,0,0,0,0,0,0,0,0,0,0,0,0,0,0,0,0,0,0,0,0,0,0,0,0,0,0,0,0,0,0,0,0,0,0,0,0,0,0,0,0,0,0,0,0,0,0,0,0,0,0,0,0,0,0,0,0,0,0,0,0,0,0,0,0,0,0,0,0,0,0,0,0,0,0,0,0,0,0,0,0,0,0,0,0,0,0,0,0,0,0,0,0,0,0,0,0,0,0,0,0,0,0,0,0,0,0,0,0,0,0,0,2815619,2611382,2288849,2059877,1897528,1777573,1690309,1621031,1570121,1528879,1491445,1464597,1438325,1415532,1393692,1373556,1351526,1332842,1314811,1298492,1278006,1263442,1248998,1229440,1212847,1196711,1180621,1165472,1150092,1137302,1119580,1105522,1090514,1076953,1063393,1048803,1034748,1021674,1005931,994356,983951,969004,957591,944151,931979,921284,909963,897208,885773,875233,864070,
0,0,0,0,0,0,0,0,0,0,0,0,0,0,0,0,0,0,0,0,0,0,0,0,0,0,0,0,0,0,0,0,0,0,0,0,0,0,0,0,0,0,0,0,0,0,0,0,0,0,0,0,0,0,0,0,0,0,0,0,0,0,0,0,0,0,0,0,0,0,0,0,0,0,0,0,0,0,0,0,0,0,0,0,0,0,0,0,0,0,0,0,0,0,0,0,0,0,0,0,0,0,0,0,0,0,0,0,0,0,0,0,0,0,0,0,0,0,0,0,0,0,0,0,0,0,0,0,0,0,0,0,0,0,0,0,0,0,0,0,0,0,0,0,0,0,0,0,0,2800723,2598064,2277917,2049829,1887199,1767260,1681573,1613445,1564519,1520500,1485399,1458382,1432451,1409215,1386442,1366253,1346165,1328746,1312618,1291136,1275312,1257610,1240139,1223315,1208862,1192015,1176650,1159731,1145336,1128782,1114541,1101399,1083603,1071066,1056808,1042833,1029908,1016310,1004195,989341,978086,963899,952326,938898,929352,916251,903675,893504,882890,871242,860496,
0,0,0,0,0,0,0,0,0,0,0,0,0,0,0,0,0,0,0,0,0,0,0,0,0,0,0,0,0,0,0,0,0,0,0,0,0,0,0,0,0,0,0,0,0,0,0,0,0,0,0,0,0,0,0,0,0,0,0,0,0,0,0,0,0,0,0,0,0,0,0,0,0,0,0,0,0,0,0,0,0,0,0,0,0,0,0,0,0,0,0,0,0,0,0,0,0,0,0,0,0,0,0,0,0,0,0,0,0,0,0,0,0,0,0,0,0,0,0,0,0,0,0,0,0,0,0,0,0,0,0,0,0,0,0,0,0,0,0,0,0,0,0,0,0,0,0,0,0,2786616,2584176,2261927,2039992,1875990,1759963,1670836,1603786,1551130,1511034,1476780,1449661,1424456,1399557,1378115,1358519,1337211,1321964,1300015,1284726,1264956,1250610,1233300,1217333,1198892,1183397,1167689,1154931,1137132,1124061,1107220,1093267,1078376,1066140,1051473,1036776,1024811,1008783,996671,983671,971371,960169,945574,934577,922832,910201,898074,887933,876556,865559,853988,
0,0,0,0,0,0,0,0,0,0,0,0,0,0,0,0,0,0,0,0,0,0,0,0,0,0,0,0,0,0,0,0,0,0,0,0,0,0,0,0,0,0,0,0,0,0,0,0,0,0,0,0,0,0,0,0,0,0,0,0,0,0,0,0,0,0,0,0,0,0,0,0,0,0,0,0,0,0,0,0,0,0,0,0,0,0,0,0,0,0,0,0,0,0,0,0,0,0,0,0,0,0,0,0,0,0,0,0,0,0,0,0,0,0,0,0,0,0,0,0,0,0,0,0,0,0,0,0,0,0,0,0,0,0,0,0,0,0,0,0,0,0,0,0,0,0,0,0,0,2765504,2563844,2247469,2023593,1860977,1746901,1656638,1593288,1542163,1503252,1467172,1438713,1412764,1389042,1369137,1348868,1329867,1312213,1291794,1277160,1259541,1240954,1223810,1208942,1190451,1174757,1160522,1144715,1130011,1115232,1099993,1084656,1071788,1057593,1043346,1028907,1015574,1003523,988854,977851,965184,951887,939908,928488,915333,904567,893528,880971,871119,859827,848077,
0,0,0,0,0,0,0,0,0,0,0,0,0,0,0,0,0,0,0,0,0,0,0,0,0,0,0,0,0,0,0,0,0,0,0,0,0,0,0,0,0,0,0,0,0,0,0,0,0,0,0,0,0,0,0,0,0,0,0,0,0,0,0,0,0,0,0,0,0,0,0,0,0,0,0,0,0,0,0,0,0,0,0,0,0,0,0,0,0,0,0,0,0,0,0,0,0,0,0,0,0,0,0,0,0,0,0,0,0,0,0,0,0,0,0,0,0,0,0,0,0,0,0,0,0,0,0,0,0,0,0,0,0,0,0,0,0,0,0,0,0,0,0,0,0,0,0,0,0,2745214,2546124,2228354,2006319,1850277,1733263,1645541,1581561,1530617,1489834,1457427,1426842,1403544,1379610,1359234,1337439,1319481,1299502,1283380,1265670,1247216,1231251,1216312,1199080,1181080,1168889,1153727,1135067,1120982,1104338,1091846,1077293,1062087,1049087,1034039,1020725,1007223,994162,980283,969611,954900,944857,932963,919790,908362,897468,884981,873645,864723,852337,841540,
0,0,0,0,0,0,0,0,0,0,0,0,0,0,0,0,0,0,0,0,0,0,0,0,0,0,0,0,0,0,0,0,0,0,0,0,0,0,0,0,0,0,0,0,0,0,0,0,0,0,0,0,0,0,0,0,0,0,0,0,0,0,0,0,0,0,0,0,0,0,0,0,0,0,0,0,0,0,0,0,0,0,0,0,0,0,0,0,0,0,0,0,0,0,0,0,0,0,0,0,0,0,0,0,0,0,0,0,0,0,0,0,0,0,0,0,0,0,0,0,0,0,0,0,0,0,0,0,0,0,0,0,0,0,0,0,0,0,0,0,0,0,0,0,0,0,0,0,0,2718930,2519266,2207951,1989615,1830598,1717723,1630845,1564678,1516223,1475443,1443287,1412856,1390617,1364392,1342870,1324872,1307711,1288320,1267803,1253256,1235978,1219588,1201733,1187736,1172135,1156069,1138922,1125274,1110201,1096721,1083172,1066181,1054049,1040384,1026193,1010821,997144,987037,972101,961640,948499,935918,924935,911776,899323,890197,877806,866157,855080,844074,834768,
0,0,0,0,0,0,0,0,0,0,0,0,0,0,0,0,0,0,0,0,0,0,0,0,0,0,0,0,0,0,0,0,0,0,0,0,0,0,0,0,0,0,0,0,0,0,0,0,0,0,0,0,0,0,0,0,0,0,0,0,0,0,0,0,0,0,0,0,0,0,0,0,0,0,0,0,0,0,0,0,0,0,0,0,0,0,0,0,0,0,0,0,0,0,0,0,0,0,0,0,0,0,0,0,0,0,0,0,0,0,0,0,0,0,0,0,0,0,0,0,0,0,0,0,0,0,0,0,0,0,0,0,0,0,0,0,0,0,0,0,0,0,0,0,0,0,0,0,0,2686343,2495766,2187456,1968240,1812352,1697066,1614033,1549609,1502013,1460412,1428545,1399040,1376743,1351800,1330090,1312168,1294474,1274538,1257420,1240855,1225327,1207193,1190835,1176727,1160302,1145036,1128981,1114493,1101683,1085261,1070549,1057341,1041953,1028440,1013984,1001088,989189,973994,962845,950392,936229,927178,914672,901430,891588,878585,868309,856591,846937,834410,824846,
0,0,0,0,0,0,0,0,0,0,0,0,0,0,0,0,0,0,0,0,0,0,0,0,0,0,0,0,0,0,0,0,0,0,0,0,0,0,0,0,0,0,0,0,0,0,0,0,0,0,0,0,0,0,0,0,0,0,0,0,0,0,0,0,0,0,0,0,0,0,0,0,0,0,0,0,0,0,0,0,0,0,0,0,0,0,0,0,0,0,0,0,0,0,0,0,0,0,0,0,0,0,0,0,0,0,0,0,0,0,0,0,0,0,0,0,0,0,0,0,0,0,0,0,0,0,0,0,0,0,0,0,0,0,0,0,0,0,0,0,0,0,0,0,0,0,0,0,0,2656070,2460105,2157928,1941837,1786715,1674694,1593486,1531215,1480255,1440983,1410250,1380458,1356145,1334352,1314552,1295564,1276028,1260253,1240018,1222902,1206615,1190547,1176238,1160071,1143550,1128848,1114361,1097925,1082042,1070537,1055725,1042542,1029361,1014685,1000151,987943,976775,962487,948740,938398,925898,913776,901594,890077,878781,868479,856106,845911,836054,825424,814958,
0,0,0,0,0,0,0,0,0,0,0,0,0,0,0,0,0,0,0,0,0,0,0,0,0,0,0,0,0,0,0,0,0,0,0,0,0,0,0,0,0,0,0,0,0,0,0,0,0,0,0,0,0,0,0,0,0,0,0,0,0,0,0,0,0,0,0,0,0,0,0,0,0,0,0,0,0,0,0,0,0,0,0,0,0,0,0,0,0,0,0,0,0,0,0,0,0,0,0,0,0,0,0,0,0,0,0,0,0,0,0,0,0,0,0,0,0,0,0,0,0,0,0,0,0,0,0,0,0,0,0,0,0,0,0,0,0,0,0,0,0,0,0,0,0,0,0,0,0,2621372,2430048,2128014,1919186,1763704,1652342,1571734,1509771,1462321,1420696,1390727,1365062,1338756,1316496,1296972,1275886,1258089,1242939,1223885,1208562,1190456,1174541,1159085,1144342,1128812,1114157,1098597,1082043,1068760,1054359,1043103,1027649,1013674,1001852,987377,974115,959998,947747,937043,923515,912255,900647,890422,878834,865997,854241,844564,833044,823344,814024,804758,
0,0,0,0,0,0,0,0,0,0,0,0,0,0,0,0,0,0,0,0,0,0,0,0,0,0,0,0,0,0,0,0,0,0,0,0,0,0,0,0,0,0,0,0,0,0,0,0,0,0,0,0,0,0,0,0,0,0,0,0,0,0,0,0,0,0,0,0,0,0,0,0,0,0,0,0,0,0,0,0,0,0,0,0,0,0,0,0,0,0,0,0,0,0,0,0,0,0,0,0,0,0,0,0,0,0,0,0,0,0,0,0,0,0,0,0,0,0,0,0,0,0,0,0,0,0,0,0,0,0,0,0,0,0,0,0,0,0,0,0,0,0,0,0,0,0,0,0,0,2578623,2391838,2093340,1884938,1734315,1629506,1547711,1484905,1436882,1399978,1366183,1338472,1318549,1294339,1276192,1256252,1237773,1220786,1204050,1187762,1170388,1156053,1141334,1125836,1111303,1098153,1080074,1067814,1054654,1039212,1022125,1011433,998594,983925,970371,960409,947634,934780,922002,909800,897302,887617,875110,863938,852631,842326,830941,820618,811800,800534,790635,
0,0,0,0,0,0,0,0,0,0,0,0,0,0,0,0,0,0,0,0,0,0,0,0,0,0,0,0,0,0,0,0,0,0,0,0,0,0,0,0,0,0,0,0,0,0,0,0,0,0,0,0,0,0,0,0,0,0,0,0,0,0,0,0,0,0,0,0,0,0,0,0,0,0,0,0,0,0,0,0,0,0,0,0,0,0,0,0,0,0,0,0,0,0,0,0,0,0,0,0,0,0,0,0,0,0,0,0,0,0,0,0,0,0,0,0,0,0,0,0,0,0,0,0,0,0,0,0,0,0,0,0,0,0,0,0,0,0,0,0,0,0,0,0,0,0,0,0,0,2528807,2346869,2056898,1851364,1705292,1597597,1517713,1459195,1410357,1374045,1342811,1317636,1291016,1272482,1254712,1234493,1215237,1200081,1184122,1167615,1151113,1136301,1121683,1105327,1089698,1075787,1062017,1048741,1033781,1021065,1007513,994115,979563,968891,954977,941204,928167,916562,905430,891875,882760,871253,858556,849052,837529,827235,817074,806381,796531,783920,777170,
0,0,0,0,0,0,0,0,0,0,0,0,0,0,0,0,0,0,0,0,0,0,0,0,0,0,0,0,0,0,0,0,0,0,0,0,0,0,0,0,0,0,0,0,0,0,0,0,0,0,0,0,0,0,0,0,0,0,0,0,0,0,0,0,0,0,0,0,0,0,0,0,0,0,0,0,0,0,0,0,0,0,0,0,0,0,0,0,0,0,0,0,0,0,0,0,0,0,0,0,0,0,0,0,0,0,0,0,0,0,0,0,0,0,0,0,0,0,0,0,0,0,0,0,0,0,0,0,0,0,0,0,0,0,0,0,0,0,0,0,0,0,0,0,0,0,0,0,0,2479918,2299117,2015827,1814032,1672444,1566829,1487607,1430541,1384115,1345183,1317184,1291844,1267789,1248459,1226060,1210746,1193589,1176026,1159863,1143333,1127851,1113852,1097761,1083304,1068041,1054104,1041368,1026336,1012316,997313,985637,970605,961132,947599,934380,923328,912078,897006,888813,876237,865349,854024,840724,832248,821064,810236,800019,790062,779340,768155,759922,
0,0,0,0,0,0,0,0,0,0,0,0,0,0,0,0,0,0,0,0,0,0,0,0,0,0,0,0,0,0,0,0,0,0,0,0,0,0,0,0,0,0,0,0,0,0,0,0,0,0,0,0,0,0,0,0,0,0,0,0,0,0,0,0,0,0,0,0,0,0,0,0,0,0,0,0,0,0,0,0,0,0,0,0,0,0,0,0,0,0,0,0,0,0,0,0,0,0,0,0,0,0,0,0,0,0,0,0,0,0,0,0,0,0,0,0,0,0,0,0,0,0,0,0,0,0,0,0,0,0,0,0,0,0,0,0,0,0,0,0,0,0,0,0,0,0,0,0,0,2427916,2249198,1973658,1776031,1633627,1532044,1457170,1399612,1355013,1318450,1289883,1262958,1240456,1218829,1201695,1183602,1166916,1150811,1133492,1118799,1105223,1089026,1074069,1061720,1046602,1030647,1019839,1005344,991930,979535,965291,952351,940078,926281,914995,902508,890935,879837,868335,857302,846070,835057,824780,814290,804206,793304,782512,771213,761832,752946,742775,
0,0,0,0,0,0,0,0,0,0,0,0,0,0,0,0,0,0,0,0,0,0,0,0,0,0,0,0,0,0,0,0,0,0,0,0,0,0,0,0,0,0,0,0,0,0,0,0,0,0,0,0,0,0,0,0,0,0,0,0,0,0,0,0,0,0,0,0,0,0,0,0,0,0,0,0,0,0,0,0,0,0,0,0,0,0,0,0,0,0,0,0,0,0,0,0,0,0,0,0,0,0,0,0,0,0,0,0,0,0,0,0,0,0,0,0,0,0,0,0,0,0,0,0,0,0,0,0,0,0,0,0,0,0,0,0,0,0,0,0,0,0,0,0,0,0,0,0,0,2366369,2193342,1926155,1731068,1591803,1492807,1420116,1363555,1319752,1285017,1255802,1231596,1207267,1188475,1170138,1152675,1137611,1121186,1104915,1091760,1076812,1060796,1046274,1033090,1020283,1007176,992576,979492,966167,952714,940667,927649,915106,903571,891654,879809,870235,858538,845838,835625,822706,815096,802503,790759,782884,772881,762301,753100,742472,733164,726823,
0,0,0,0,0,0,0,0,0,0,0,0,0,0,0,0,0,0,0,0,0,0,0,0,0,0,0,0,0,0,0,0,0,0,0,0,0,0,0,0,0,0,0,0,0,0,0,0,0,0,0,0,0,0,0,0,0,0,0,0,0,0,0,0,0,0,0,0,0,0,0,0,0,0,0,0,0,0,0,0,0,0,0,0,0,0,0,0,0,0,0,0,0,0,0,0,0,0,0,0,0,0,0,0,0,0,0,0,0,0,0,0,0,0,0,0,0,0,0,0,0,0,0,0,0,0,0,0,0,0,0,0,0,0,0,0,0,0,0,0,0,0,0,0,0,0,0,0,0,2300449,2134340,1869018,1683712,1550246,1452555,1379617,1327441,1283497,1249618,1220310,1197565,1175703,1156458,1138261,1121700,1105404,1090067,1074955,1061440,1047479,1033177,1017963,1004271,990585,978227,963737,951172,938488,927197,913780,901324,891359,879205,867719,855449,845347,833544,822193,813866,802724,791329,781832,771119,762137,750900,741991,731609,724002,715653,704214,
0,0,0,0,0,0,0,0,0,0,0,0,0,0,0,0,0,0,0,0,0,0,0,0,0,0,0,0,0,0,0,0,0,0,0,0,0,0,0,0,0,0,0,0,0,0,0,0,0,0,0,0,0,0,0,0,0,0,0,0,0,0,0,0,0,0,0,0,0,0,0,0,0,0,0,0,0,0,0,0,0,0,0,0,0,0,0,0,0,0,0,0,0,0,0,0,0,0,0,0,0,0,0,0,0,0,0,0,0,0,0,0,0,0,0,0,0,0,0,0,0,0,0,0,0,0,0,0,0,0,0,0,0,0,0,0,0,0,0,0,0,0,0,0,0,0,0,0,0,2227831,2069263,1812341,1629729,1501047,1407546,1338165,1285627,1244264,1211441,1182427,1160595,1139059,1120360,1105492,1086679,1070744,1057519,1043309,1027162,1015121,1000676,987760,973611,961292,949956,935091,924206,911374,900567,886504,874984,864435,851773,842179,829518,819781,809002,798295,787907,777065,767403,756831,747696,736963,729574,719716,709590,699831,691441,682777,
0,0,0,0,0,0,0,0,0,0,0,0,0,0,0,0,0,0,0,0,0,0,0,0,0,0,0,0,0,0,0,0,0,0,0,0,0,0,0,0,0,0,0,0,0,0,0,0,0,0,0,0,0,0,0,0,0,0,0,0,0,0,0,0,0,0,0,0,0,0,0,0,0,0,0,0,0,0,0,0,0,0,0,0,0,0,0,0,0,0,0,0,0,0,0,0,0,0,0,0,0,0,0,0,0,0,0,0,0,0,0,0,0,0,0,0,0,0,0,0,0,0,0,0,0,0,0,0,0,0,0,0,0,0,0,0,0,0,0,0,0,0,0,0,0,0,0,0,0,2154858,1999917,1753337,1573455,1452307,1362037,1292322,1240842,1202255,1170420,1144520,1120972,1101676,1081123,1065061,1050856,1035020,1019971,1007337,993429,980757,965971,952602,941281,928271,917098,902325,890872,879376,866664,854583,845292,833762,821248,811906,799995,789829,779195,770360,761399,748547,740027,731260,721487,711860,702306,693870,685091,675400,668036,658999,
0,0,0,0,0,0,0,0,0,0,0,0,0,0,0,0,0,0,0,0,0,0,0,0,0,0,0,0,0,0,0,0,0,0,0,0,0,0,0,0,0,0,0,0,0,0,0,0,0,0,0,0,0,0,0,0,0,0,0,0,0,0,0,0,0,0,0,0,0,0,0,0,0,0,0,0,0,0,0,0,0,0,0,0,0,0,0,0,0,0,0,0,0,0,0,0,0,0,0,0,0,0,0,0,0,0,0,0,0,0,0,0,0,0,0,0,0,0,0,0,0,0,0,0,0,0,0,0,0,0,0,0,0,0,0,0,0,0,0,0,0,0,0,0,0,0,0,0,0,2069725,1917108,1682792,1514857,1392657,1306552,1241732,1193953,1154790,1123436,1099639,1075938,1058048,1040598,1023371,1009602,995053,982244,967113,953145,943283,928637,916712,904740,891775,880716,866016,857589,843368,833613,822530,811740,800443,789468,780692,769372,759429,749326,739569,731063,721491,711103,701638,691350,684643,675838,665704,657054,649009,640874,633952,
0,0,0,0,0,0,0,0,0,0,0,0,0,0,0,0,0,0,0,0,0,0,0,0,0,0,0,0,0,0,0,0,0,0,0,0,0,0,0,0,0,0,0,0,0,0,0,0,0,0,0,0,0,0,0,0,0,0,0,0,0,0,0,0,0,0,0,0,0,0,0,0,0,0,0,0,0,0,0,0,0,0,0,0,0,0,0,0,0,0,0,0,0,0,0,0,0,0,0,0,0,0,0,0,0,0,0,0,0,0,0,0,0,0,0,0,0,0,0,0,0,0,0,0,0,0,0,0,0,0,0,0,0,0,0,0,0,0,0,0,0,0,0,0,0,0,0,0,0,1976190,1831247,1607864,1444616,1330172,1246756,1186117,1141726,1101243,1072089,1046972,1026961,1008440,992898,977918,964483,948826,935839,923974,911261,897592,886818,875331,862543,851832,838752,827386,817032,806940,794735,785448,775085,763590,754991,745292,734689,724480,715219,706058,696120,685927,678062,668558,660626,653144,643184,635340,627342,620497,612039,603689,
0,0,0,0,0,0,0,0,0,0,0,0,0,0,0,0,0,0,0,0,0,0,0,0,0,0,0,0,0,0,0,0,0,0,0,0,0,0,0,0,0,0,0,0,0,0,0,0,0,0,0,0,0,0,0,0,0,0,0,0,0,0,0,0,0,0,0,0,0,0,0,0,0,0,0,0,0,0,0,0,0,0,0,0,0,0,0,0,0,0,0,0,0,0,0,0,0,0,0,0,0,0,0,0,0,0,0,0,0,0,0,0,0,0,0,0,0,0,0,0,0,0,0,0,0,0,0,0,0,0,0,0,0,0,0,0,0,0,0,0,0,0,0,0,0,0,0,0,0,1872839,1738758,1523991,1370684,1262825,1182509,1125374,1079182,1045176,1019893,993917,973057,958432,939510,927095,911892,900278,886442,874486,864650,853707,840001,830044,820375,808248,795095,785928,776221,764561,755053,743842,734929,724827,714868,705861,696382,687764,677463,668821,660448,651886,642877,635209,626220,618333,610498,603048,595130,587306,578008,570793,
0,0,0,0,0,0,0,0,0,0,0,0,0,0,0,0,0,0,0,0,0,0,0,0,0,0,0,0,0,0,0,0,0,0,0,0,0,0,0,0,0,0,0,0,0,0,0,0,0,0,0,0,0,0,0,0,0,0,0,0,0,0,0,0,0,0,0,0,0,0,0,0,0,0,0,0,0,0,0,0,0,0,0,0,0,0,0,0,0,0,0,0,0,0,0,0,0,0,0,0,0,0,0,0,0,0,0,0,0,0,0,0,0,0,0,0,0,0,0,0,0,0,0,0,0,0,0,0,0,0,0,0,0,0,0,0,0,0,0,0,0,0,0,0,0,0,0,0,0,1762028,1633731,1431271,1287764,1185412,1111249,1057150,1013208,982288,955044,935669,915834,900630,884536,871250,857047,846834,832564,822150,811419,801150,790133,779451,769662,758836,748838,737510,729214,720533,709459,700781,691319,681048,672083,664110,654405,644936,637700,628337,619774,612381,604639,596407,587549,579675,574131,566255,558832,551865,543830,536781,
0,0,0,0,0,0,0,0,0,0,0,0,0,0,0,0,0,0,0,0,0,0,0,0,0,0,0,0,0,0,0,0,0,0,0,0,0,0,0,0,0,0,0,0,0,0,0,0,0,0,0,0,0,0,0,0,0,0,0,0,0,0,0,0,0,0,0,0,0,0,0,0,0,0,0,0,0,0,0,0,0,0,0,0,0,0,0,0,0,0,0,0,0,0,0,0,0,0,0,0,0,0,0,0,0,0,0,0,0,0,0,0,0,0,0,0,0,0,0,0,0,0,0,0,0,0,0,0,0,0,0,0,0,0,0,0,0,0,0,0,0,0,0,0,0,0,0,0,0,1636365,1516536,1330532,1194380,1102362,1031617,980591,942724,914210,887825,868344,849723,835057,819948,808361,795835,785919,773606,762578,753720,742172,732965,723303,713751,703533,693088,684226,675135,666117,656878,648799,640072,631282,622218,613362,605524,599450,590594,582755,574365,566906,559351,551685,544414,537171,531202,524086,516424,511905,503090,496578,
0,0,0,0,0,0,0,0,0,0,0,0,0,0,0,0,0,0,0,0,0,0,0,0,0,0,0,0,0,0,0,0,0,0,0,0,0,0,0,0,0,0,0,0,0,0,0,0,0,0,0,0,0,0,0,0,0,0,0,0,0,0,0,0,0,0,0,0,0,0,0,0,0,0,0,0,0,0,0,0,0,0,0,0,0,0,0,0,0,0,0,0,0,0,0,0,0,0,0,0,0,0,0,0,0,0,0,0,0,0,0,0,0,0,0,0,0,0,0,0,0,0,0,0,0,0,0,0,0,0,0,0,0,0,0,0,0,0,0,0,0,0,0,0,0,0,0,0,0,1494256,1383099,1213218,1090803,1005084,942990,895153,860703,831617,811363,792171,775093,762829,750099,739490,726791,717147,707093,697001,687409,677877,668563,659958,649893,642098,634287,625844,617811,607730,598608,592533,582548,575502,568434,559675,551890,545465,538116,530476,523520,516454,509400,502044,495996,489300,482186,476329,469214,463698,457342,451285,
0,0,0,0,0,0,0,0,0,0,0,0,0,0,0,0,0,0,0,0,0,0,0,0,0,0,0,0,0,0,0,0,0,0,0,0,0,0,0,0,0,0,0,0,0,0,0,0,0,0,0,0,0,0,0,0,0,0,0,0,0,0,0,0,0,0,0,0,0,0,0,0,0,0,0,0,0,0,0,0,0,0,0,0,0,0,0,0,0,0,0,0,0,0,0,0,0,0,0,0,0,0,0,0,0,0,0,0,0,0,0,0,0,0,0,0,0,0,0,0,0,0,0,0,0,0,0,0,0,0,0,0,0,0,0,0,0,0,0,0,0,0,0,0,0,0,0,0,0,1326471,1228859,1078351,970197,894163,836059,795008,765263,740077,720575,703306,691065,678204,666682,657487,646629,637243,628171,619281,608686,603134,593614,586308,577426,571627,562245,555185,546826,540085,531316,524954,518709,511403,503171,495705,490124,483842,477003,470362,465033,456813,451894,445365,438978,434462,427789,422646,415102,410614,404283,399414,
0,0,0,0,0,0,0,0,0,0,0,0,0,0,0,0,0,0,0,0,0,0,0,0,0,0,0,0,0,0,0,0,0,0,0,0,0,0,0,0,0,0,0,0,0,0,0,0,0,0,0,0,0,0,0,0,0,0,0,0,0,0,0,0,0,0,0,0,0,0,0,0,0,0,0,0,0,0,0,0,0,0,0,0,0,0,0,0,0,0,0,0,0,0,0,0,0,0,0,0,0,0,0,0,0,0,0,0,0,0,0,0,0,0,0,0,0,0,0,0,0,0,0,0,0,0,0,0,0,0,0,0,0,0,0,0,0,0,0,0,0,0,0,0,0,0,0,0,0,1131121,1046724,917407,828344,760812,712356,678320,651712,631190,613814,600520,588164,576702,567969,558656,550398,541976,534244,528361,518883,511657,505287,498379,490796,484240,478293,470271,465210,459043,451490,444542,437721,432923,426409,421771,414403,408574,402898,397309,391457,385949,380331,375181,370701,364369,359181,354606,348998,345285,340096,335903,
0,0,0,0,0,0,0,0,0,0,0,0,0,0,0,0,0,0,0,0,0,0,0,0,0,0,0,0,0,0,0,0,0,0,0,0,0,0,0,0,0,0,0,0,0,0,0,0,0,0,0,0,0,0,0,0,0,0,0,0,0,0,0,0,0,0,0,0,0,0,0,0,0,0,0,0,0,0,0,0,0,0,0,0,0,0,0,0,0,0,0,0,0,0,0,0,0,0,0,0,0,0,0,0,0,0,0,0,0,0,0,0,0,0,0,0,0,0,0,0,0,0,0,0,0,0,0,0,0,0,0,0,0,0,0,0,0,0,0,0,0,0,0,0,0,0,0,0,0,881115,816776,714894,644301,592757,556642,527738,506265,490253,477013,466321,457545,449292,440507,435850,427499,420838,414679,408741,402773,396654,390692,386359,380251,374155,368197,363539,357493,352955,348257,342137,336719,332021,326453,322893,317469,313320,307818,303522,299312,294414,288851,286292,280985,277833,272356,269920,265059,262330,258173,254771,
0,0,0,0,0,0,0,0,0,0,0,0,0,0,0,0,0,0,0,0,0,0,0,0,0,0,0,0,0,0,0,0,0,0,0,0,0,0,0,0,0,0,0,0,0,0,0,0,0,0,0,0,0,0,0,0,0,0,0,0,0,0,0,0,0,0,0,0,0,0,0,0,0,0,0,0,0,0,0,0,0,0,0,0,0,0,0,0,0,0,0,0,0,0,0,0,0,0,0,0,0,0,0,0,0,0,0,0,0,0,0,0,0,0,0,0,0,0,0,0,0,0,0,0,0,0,0,0,0,0,0,0,0,0,0,0,0,0,0,0,0,0,0,0,0,0,0,0,0,486869,451059,394451,355120,326955,305563,289230,278107,270301,261647,255446,250219,245121,241571,236752,232751,229171,224989,222379,218699,215209,212689,209492,206221,203176,200626,197772,194461,192487,190337,188213,185722,183452,181920,178845,177542,174934,173668,171525,170348,168136,167038,164898,163367,161731,159925,159445,157654,156595,154664,153111,
0,0,0,0,0,0,0,0,0,0,0,0,0,0,0,0,0,0,0,0,0,0,0,0,0,0,0,0,0,0,0,0,0,0,0,0,0,0,0,0,0,0,0,0,0,0,0,0,0,0,0,0,0,0,0,0,0,0,0,0,0,0,0,0,0,0,0,0,0,0,0,0,0,0,0,0,0,0,0,0,0,0,0,0,0,0,0,0,0,0,0,0,0,0,0,0,0,0,0,0,0,0,0,0,0,0,0,0,0,0,0,0,0,0,0,0,0,0,0,0,0,0,0,0,0,0,0,0,0,0,0,0,0,0,0,0,0,0,0,0,0,0,0,0,0,0,0,0,0,808,1211,1771,2455,3529,4236,5274,6144,6893,7993,8737,10073,11232,12218,13601,14970,16332,17720,19316,20702,22301,24075,25498,27440,29049,30899,32693,34441,36215,37996,39704,41621,42866,44702,45715,47226,48798,50120,51655,53191,54210,55700,56620,57769,58875,60105,61574,62102,63333,63668,64394,
0,0,0,0,0,0,0,0,0,0,0,0,0,0,0,0,0,0,0,0,0,0,0,0,0,0,0,0,0,0,0,0,0,0,0,0,0,0,0,0,0,0,0,0,0,0,0,0,0,0,0,0,0,0,0,0,0,0,0,0,0,0,0,0,0,0,0,0,0,0,0,0,0,0,0,0,0,0,0,0,0,0,0,0,0,0,0,0,0,0,0,0,0,0,0,0,0,0,0,0,0,0,0,0,0,0,0,0,0,0,0,0,0,0,0,0,0,0,0,0,0,0,0,0,0,0,0,0,0,0,0,0,0,0,0,0,0,0,0,0,0,0,0,0,0,0,0,0,0,641,640,689,801,898,1046,1179,1356,1611,1869,1999,2259,2417,2709,2862,3127,3413,3639,3924,4187,4471,4790,5015,5388,6070,6388,6766,7465,7941,8699,8949,9676,10047,11013,11706,12391,13168,13807,14540,15412,16286,17231,18197,18985,20006,20859,21713,22708,23253,24490,25430,
0,0,0,0,0,0,0,0,0,0,0,0,0,0,0,0,0,0,0,0,0,0,0,0,0,0,0,0,0,0,0,0,0,0,0,0,0,0,0,0,0,0,0,0,0,0,0,0,0,0,0,0,0,0,0,0,0,0,0,0,0,0,0,0,0,0,0,0,0,0,0,0,0,0,0,0,0,0,0,0,0,0,0,0,0,0,0,0,0,0,0,0,0,0,0,0,0,0,0,0,0,0,0,0,0,0,0,0,0,0,0,0,0,0,0,0,0,0,0,0,0,0,0,0,0,0,0,0,0,0,0,0,0,0,0,0,0,0,0,0,0,0,0,0,0,0,0,0,0,664,624,652,755,802,950,961,1016,1101,1216,1319,1464,1579,1670,1854,2050,2089,2365,2543,2632,2958,2988,3273,3548,3725,3915,4109,4392,4716,4936,5205,5486,5779,6068,6350,6532,6927,7198,7674,7903,8455,8585,9083,9296,10027,10222,10590,11274,11792,12347,12713,
0,0,0,0,0,0,0,0,0,0,0,0,0,0,0,0,0,0,0,0,0,0,0,0,0,0,0,0,0,0,0,0,0,0,0,0,0,0,0,0,0,0,0,0,0,0,0,0,0,0,0,0,0,0,0,0,0,0,0,0,0,0,0,0,0,0,0,0,0,0,0,0,0,0,0,0,0,0,0,0,0,0,0,0,0,0,0,0,0,0,0,0,0,0,0,0,0,0,0,0,0,0,0,0,0,0,0,0,0,0,0,0,0,0,0,0,0,0,0,0,0,0,0,0,0,0,0,0,0,0,0,0,0,0,0,0,0,0,0,0,0,0,0,0,0,0,0,0,0,540,614,652,679,769,851,846,868,961,1111,1145,1242,1277,1475,1540,1582,1606,1783,1964,2060,2148,2374,2409,2588,2780,2932,3004,3236,3545,3526,3737,3782,4104,4359,4551,4687,4855,5073,5327,5580,5723,5996,6225,6440,6659,6867,7251,7516,7747,8174,8287,
0,0,0,0,0,0,0,0,0,0,0,0,0,0,0,0,0,0,0,0,0,0,0,0,0,0,0,0,0,0,0,0,0,0,0,0,0,0,0,0,0,0,0,0,0,0,0,0,0,0,0,0,0,0,0,0,0,0,0,0,0,0,0,0,0,0,0,0,0,0,0,0,0,0,0,0,0,0,0,0,0,0,0,0,0,0,0,0,0,0,0,0,0,0,0,0,0,0,0,0,0,0,0,0,0,0,0,0,0,0,0,0,0,0,0,0,0,0,0,0,0,0,0,0,0,0,0,0,0,0,0,0,0,0,0,0,0,0,0,0,0,0,0,0,0,0,0,0,0,527,616,634,648,736,746,804,835,938,1001,1014,1088,1185,1286,1365,1390,1507,1535,1635,1726,1877,1971,2034,2151,2188,2240,2519,2652,2728,2873,3095,3172,3292,3429,3686,3753,3865,3987,4160,4338,4429,4750,4764,4977,5290,5422,5511,5764,5989,6210,6389,
0,0,0,0,0,0,0,0,0,0,0,0,0,0,0,0,0,0,0,0,0,0,0,0,0,0,0,0,0,0,0,0,0,0,0,0,0,0,0,0,0,0,0,0,0,0,0,0,0,0,0,0,0,0,0,0,0,0,0,0,0,0,0,0,0,0,0,0,0,0,0,0,0,0,0,0,0,0,0,0,0,0,0,0,0,0,0,0,0,0,0,0,0,0,0,0,0,0,0,0,0,0,0,0,0,0,0,0,0,0,0,0,0,0,0,0,0,0,0,0,0,0,0,0,0,0,0,0,0,0,0,0,0,0,0,0,0,0,0,0,0,0,0,0,0,0,0,0,0,529,555,587,647,614,725,718,764,869,862,995,1046,1064,1094,1149,1298,1254,1382,1489,1461,1667,1720,1769,1888,1910,2079,2189,2257,2284,2448,2626,2705,2817,2926,2978,3112,3253,3342,3546,3546,3899,3977,4040,4270,4315,4515,4540,4715,4813,5031,5280,
0,0,0,0,0,0,0,0,0,0,0,0,0,0,0,0,0,0,0,0,0,0,0,0,0,0,0,0,0,0,0,0,0,0,0,0,0,0,0,0,0,0,0,0,0,0,0,0,0,0,0,0,0,0,0,0,0,0,0,0,0,0,0,0,0,0,0,0,0,0,0,0,0,0,0,0,0,0,0,0,0,0,0,0,0,0,0,0,0,0,0,0,0,0,0,0,0,0,0,0,0,0,0,0,0,0,0,0,0,0,0,0,0,0,0,0,0,0,0,0,0,0,0,0,0,0,0,0,0,0,0,0,0,0,0,0,0,0,0,0,0,0,0,0,0,0,0,0,0,526,500,597,622,664,662,679,781,763,789,874,933,965,998,1115,1119,1200,1211,1402,1422,1481,1548,1633,1657,1813,1782,1896,1989,2080,2085,2241,2345,2485,2542,2645,2812,2900,2864,3028,3165,3320,3351,3469,3652,3688,3928,4075,4112,4261,4441,4407,
0,0,0,0,0,0,0,0,0,0,0,0,0,0,0,0,0,0,0,0,0,0,0,0,0,0,0,0,0,0,0,0,0,0,0,0,0,0,0,0,0,0,0,0,0,0,0,0,0,0,0,0,0,0,0,0,0,0,0,0,0,0,0,0,0,0,0,0,0,0,0,0,0,0,0,0,0,0,0,0,0,0,0,0,0,0,0,0,0,0,0,0,0,0,0,0,0,0,0,0,0,0,0,0,0,0,0,0,0,0,0,0,0,0,0,0,0,0,0,0,0,0,0,0,0,0,0,0,0,0,0,0,0,0,0,0,0,0,0,0,0,0,0,0,0,0,0,0,0,500,500,556,585,608,643,618,708,789,765,786,839,888,981,969,1001,1120,1182,1258,1234,1331,1320,1453,1559,1641,1631,1778,1840,1867,2011,2053,2043,2212,2312,2305,2339,2597,2657,2712,2860,2927,2918,3096,3186,3340,3307,3525,3559,3733,3922,3897,
0,0,0,0,0,0,0,0,0,0,0,0,0,0,0,0,0,0,0,0,0,0,0,0,0,0,0,0,0,0,0,0,0,0,0,0,0,0,0,0,0,0,0,0,0,0,0,0,0,0,0,0,0,0,0,0,0,0,0,0,0,0,0,0,0,0,0,0,0,0,0,0,0,0,0,0,0,0,0,0,0,0,0,0,0,0,0,0,0,0,0,0,0,0,0,0,0,0,0,0,0,0,0,0,0,0,0,0,0,0,0,0,0,0,0,0,0,0,0,0,0,0,0,0,0,0,0,0,0,0,0,0,0,0,0,0,0,0,0,0,0,0,0,0,0,0,0,0,0,473,455,513,517,526,646,639,701,669,725,789,790,830,883,945,967,985,1079,1133,1245,1161,1269,1415,1356,1406,1610,1571,1608,1724,1811,1838,1939,1929,2050,2135,2168,2258,2343,2442,2585,2583,2713,2775,2782,2983,2988,3166,3238,3319,3357,3499,
0,0,0,0,0,0,0,0,0,0,0,0,0,0,0,0,0,0,0,0,0,0,0,0,0,0,0,0,0,0,0,0,0,0,0,0,0,0,0,0,0,0,0,0,0,0,0,0,0,0,0,0,0,0,0,0,0,0,0,0,0,0,0,0,0,0,0,0,0,0,0,0,0,0,0,0,0,0,0,0,0,0,0,0,0,0,0,0,0,0,0,0,0,0,0,0,0,0,0,0,0,0,0,0,0,0,0,0,0,0,0,0,0,0,0,0,0,0,0,0,0,0,0,0,0,0,0,0,0,0,0,0,0,0,0,0,0,0,0,0,0,0,0,0,0,0,0,0,0,424,464,497,530,513,606,594,548,673,674,703,718,813,820,893,926,926,950,1032,1115,1111,1196,1189,1290,1325,1359,1445,1471,1512,1632,1622,1818,1741,1917,1924,2004,2070,2117,2215,2255,2444,2404,2476,2577,2694,2721,2746,2951,2962,3141,3132,
0,0,0,0,0,0,0,0,0,0,0,0,0,0,0,0,0,0,0,0,0,0,0,0,0,0,0,0,0,0,0,0,0,0,0,0,0,0,0,0,0,0,0,0,0,0,0,0,0,0,0,0,0,0,0,0,0,0,0,0,0,0,0,0,0,0,0,0,0,0,0,0,0,0,0,0,0,0,0,0,0,0,0,0,0,0,0,0,0,0,0,0,0,0,0,0,0,0,0,0,0,0,0,0,0,0,0,0,0,0,0,0,0,0,0,0,0,0,0,0,0,0,0,0,0,0,0,0,0,0,0,0,0,0,0,0,0,0,0,0,0,0,0,0,0,0,0,0,0,422,451,486,491,519,512,583,626,621,650,691,723,742,775,842,836,857,992,1003,1089,1021,1047,1127,1187,1185,1274,1336,1384,1411,1436,1470,1575,1637,1664,1741,1864,1886,1932,2040,2071,2085,2203,2351,2385,2422,2523,2493,2613,2665,2861,2805,
0,0,0,0,0,0,0,0,0,0,0,0,0,0,0,0,0,0,0,0,0,0,0,0,0,0,0,0,0,0,0,0,0,0,0,0,0,0,0,0,0,0,0,0,0,0,0,0,0,0,0,0,0,0,0,0,0,0,0,0,0,0,0,0,0,0,0,0,0,0,0,0,0,0,0,0,0,0,0,0,0,0,0,0,0,0,0,0,0,0,0,0,0,0,0,0,0,0,0,0,0,0,0,0,0,0,0,0,0,0,0,0,0,0,0,0,0,0,0,0,0,0,0,0,0,0,0,0,0,0,0,0,0,0,0,0,0,0,0,0,0,0,0,0,0,0,0,0,0,412,434,457,487,485,514,501,605,544,608,671,677,692,766,683,799,837,819,878,953,959,1044,1039,1101,1208,1236,1208,1276,1258,1385,1429,1431,1529,1649,1641,1638,1744,1693,1854,1896,1990,2074,2099,2207,2237,2281,2388,2445,2526,2580,2669,
0,0,0,0,0,0,0,0,0,0,0,0,0,0,0,0,0,0,0,0,0,0,0,0,0,0,0,0,0,0,0,0,0,0,0,0,0,0,0,0,0,0,0,0,0,0,0,0,0,0,0,0,0,0,0,0,0,0,0,0,0,0,0,0,0,0,0,0,0,0,0,0,0,0,0,0,0,0,0,0,0,0,0,0,0,0,0,0,0,0,0,0,0,0,0,0,0,0,0,0,0,0,0,0,0,0,0,0,0,0,0,0,0,0,0,0,0,0,0,0,0,0,0,0,0,0,0,0,0,0,0,0,0,0,0,0,0,0,0,0,0,0,0,0,0,0,0,0,0,403,404,413,457,492,501,448,515,559,627,633,624,659,709,744,764,815,853,883,899,943,932,970,1012,1113,1129,1119,1196,1232,1354,1228,1324,1418,1391,1506,1571,1574,1694,1755,1791,1803,1895,1937,1968,2098,2150,2177,2233,2284,2290,2448,
0,0,0,0,0,0,0,0,0,0,0,0,0,0,0,0,0,0,0,0,0,0,0,0,0,0,0,0,0,0,0,0,0,0,0,0,0,0,0,0,0,0,0,0,0,0,0,0,0,0,0,0,0,0,0,0,0,0,0,0,0,0,0,0,0,0,0,0,0,0,0,0,0,0,0,0,0,0,0,0,0,0,0,0,0,0,0,0,0,0,0,0,0,0,0,0,0,0,0,0,0,0,0,0,0,0,0,0,0,0,0,0,0,0,0,0,0,0,0,0,0,0,0,0,0,0,0,0,0,0,0,0,0,0,0,0,0,0,0,0,0,0,0,0,0,0,0,0,0,432,422,423,457,458,463,520,522,524,536,596,574,677,650,679,691,700,803,802,818,928,893,943,984,975,1041,1024,1093,1166,1182,1185,1245,1302,1321,1399,1367,1584,1465,1589,1603,1646,1741,1847,1756,1888,1960,2041,2008,2004,2118,2329,
0,0,0,0,0,0,0,0,0,0,0,0,0,0,0,0,0,0,0,0,0,0,0,0,0,0,0,0,0,0,0,0,0,0,0,0,0,0,0,0,0,0,0,0,0,0,0,0,0,0,0,0,0,0,0,0,0,0,0,0,0,0,0,0,0,0,0,0,0,0,0,0,0,0,0,0,0,0,0,0,0,0,0,0,0,0,0,0,0,0,0,0,0,0,0,0,0,0,0,0,0,0,0,0,0,0,0,0,0,0,0,0,0,0,0,0,0,0,0,0,0,0,0,0,0,0,0,0,0,0,0,0,0,0,0,0,0,0,0,0,0,0,0,0,0,0,0,0,0,367,408,412,419,394,459,472,481,530,570,540,574,601,646,635,663,720,733,721,730,785,861,931,905,900,1010,1043,1075,1056,1104,1175,1220,1233,1291,1322,1388,1377,1388,1475,1535,1606,1544,1677,1642,1778,1784,1866,1838,1902,1990,2008,
0,0,0,0,0,0,0,0,0,0,0,0,0,0,0,0,0,0,0,0,0,0,0,0,0,0,0,0,0,0,0,0,0,0,0,0,0,0,0,0,0,0,0,0,0,0,0,0,0,0,0,0,0,0,0,0,0,0,0,0,0,0,0,0,0,0,0,0,0,0,0,0,0,0,0,0,0,0,0,0,0,0,0,0,0,0,0,0,0,0,0,0,0,0,0,0,0,0,0,0,0,0,0,0,0,0,0,0,0,0,0,0,0,0,0,0,0,0,0,0,0,0,0,0,0,0,0,0,0,0,0,0,0,0,0,0,0,0,0,0,0,0,0,0,0,0,0,0,0,374,393,389,432,409,426,479,461,458,534,531,545,569,626,591,654,667,698,714,770,750,839,778,858,876,898,946,1009,1006,1066,1134,1048,1138,1219,1173,1237,1303,1309,1385,1467,1356,1536,1554,1578,1595,1712,1761,1752,1761,1835,1929,
0,0,0,0,0,0,0,0,0,0,0,0,0,0,0,0,0,0,0,0,0,0,0,0,0,0,0,0,0,0,0,0,0,0,0,0,0,0,0,0,0,0,0,0,0,0,0,0,0,0,0,0,0,0,0,0,0,0,0,0,0,0,0,0,0,0,0,0,0,0,0,0,0,0,0,0,0,0,0,0,0,0,0,0,0,0,0,0,0,0,0,0,0,0,0,0,0,0,0,0,0,0,0,0,0,0,0,0,0,0,0,0,0,0,0,0,0,0,0,0,0,0,0,0,0,0,0,0,0,0,0,0,0,0,0,0,0,0,0,0,0,0,0,0,0,0,0,0,0,383,336,339,373,432,426,418,452,494,484,503,497,558,579,572,617,638,604,674,668,749,788,809,799,805,869,881,935,911,1005,1044,1088,1094,1170,1155,1208,1234,1267,1259,1355,1407,1475,1454,1480,1524,1563,1605,1659,1733,1705,1791,
0,0,0,0,0,0,0,0,0,0,0,0,0,0,0,0,0,0,0,0,0,0,0,0,0,0,0,0,0,0,0,0,0,0,0,0,0,0,0,0,0,0,0,0,0,0,0,0,0,0,0,0,0,0,0,0,0,0,0,0,0,0,0,0,0,0,0,0,0,0,0,0,0,0,0,0,0,0,0,0,0,0,0,0,0,0,0,0,0,0,0,0,0,0,0,0,0,0,0,0,0,0,0,0,0,0,0,0,0,0,0,0,0,0,0,0,0,0,0,0,0,0,0,0,0,0,0,0,0,0,0,0,0,0,0,0,0,0,0,0,0,0,0,0,0,0,0,0,0,317,356,368,338,398,436,433,416,429,493,466,472,516,526,515,588,587,643,655,701,700,736,701,815,802,870,876,857,957,933,879,976,1016,1085,1062,1110,1173,1208,1295,1295,1326,1306,1331,1433,1449,1427,1563,1514,1563,1632,1733,
0,0,0,0,0,0,0,0,0,0,0,0,0,0,0,0,0,0,0,0,0,0,0,0,0,0,0,0,0,0,0,0,0,0,0,0,0,0,0,0,0,0,0,0,0,0,0,0,0,0,0,0,0,0,0,0,0,0,0,0,0,0,0,0,0,0,0,0,0,0,0,0,0,0,0,0,0,0,0,0,0,0,0,0,0,0,0,0,0,0,0,0,0,0,0,0,0,0,0,0,0,0,0,0,0,0,0,0,0,0,0,0,0,0,0,0,0,0,0,0,0,0,0,0,0,0,0,0,0,0,0,0,0,0,0,0,0,0,0,0,0,0,0,0,0,0,0,0,0,343,317,361,354,402,408,419,441,415,461,487,483,498,505,481,617,591,612,655,623,642,687,690,699,749,790,828,790,844,905,941,952,959,1069,1017,1074,1133,1085,1126,1191,1226,1291,1263,1347,1355,1363,1439,1465,1518,1508,1595,
0,0,0,0,0,0,0,0,0,0,0,0,0,0,0,0,0,0,0,0,0,0,0,0,0,0,0,0,0,0,0,0,0,0,0,0,0,0,0,0,0,0,0,0,0,0,0,0,0,0,0,0,0,0,0,0,0,0,0,0,0,0,0,0,0,0,0,0,0,0,0,0,0,0,0,0,0,0,0,0,0,0,0,0,0,0,0,0,0,0,0,0,0,0,0,0,0,0,0,0,0,0,0,0,0,0,0,0,0,0,0,0,0,0,0,0,0,0,0,0,0,0,0,0,0,0,0,0,0,0,0,0,0,0,0,0,0,0,0,0,0,0,0,0,0,0,0,0,0,310,365,338,353,371,382,391,410,414,438,484,498,513,502,529,550,570,600,621,647,662,677,672,692,762,761,820,802,864,874,908,892,918,1013,1018,1089,1091,1133,1121,1172,1138,1176,1240,1228,1341,1370,1428,1401,1394,1527,1578,
