0,0,0,0,0,0,0,0,0,0,0,0,0,0,0,0,0,0,0,0,0,0,0,0,0,0,0,0,0,0,0,0,0,0,0,0,0,0,0,0,0,0,0,0,0,0,0,0,0,0,0,0,0,0,0,0,0,0,0,0,0,0,0,0,0,0,0,0,0,0,0,0,0,0,0,0,0,0,0,0,0,0,0,0,0,0,0,0,0,0,0,0,0,0,0,0,0,0,0,0,0,0,0,0,0,0,0,0,0,0,0,0,0,0,0,0,0,0,0,0,0,0,0,0,0,0,0,0,0,0,0,0,0,0,0,0,0,0,0,0,0,0,0,0,0,0,0,0,0,11,18,11,16,13,12,17,9,19,21,13,23,20,14,26,21,13,23,25,14,31,29,24,30,35,36,31,27,34,47,32,35,39,43,36,39,45,46,61,39,46,68,47,60,58,46,38,83,76,64,67,
0,0,0,0,0,0,0,0,0,0,0,0,0,0,0,0,0,0,0,0,0,0,0,0,0,0,0,0,0,0,0,0,0,0,0,0,0,0,0,0,0,0,0,0,0,0,0,0,0,0,0,0,0,0,0,0,0,0,0,0,0,0,0,0,0,0,0,0,0,0,0,0,0,0,0,0,0,0,0,0,0,0,0,0,0,0,0,0,0,0,0,0,0,0,0,0,0,0,0,0,0,0,0,0,0,0,0,0,0,0,0,0,0,0,0,0,0,0,0,0,0,0,0,0,0,0,0,0,0,0,0,0,0,0,0,0,0,0,0,0,0,0,0,0,0,0,0,0,0,13,15,16,14,20,29,16,15,28,18,28,29,35,35,35,32,24,36,45,33,41,36,37,38,44,47,40,51,49,56,55,71,56,53,62,53,68,68,75,85,84,88,80,98,88,89,80,86,84,104,102,
0,0,0,0,0,0,0,0,0,0,0,0,0,0,0,0,0,0,0,0,0,0,0,0,0,0,0,0,0,0,0,0,0,0,0,0,0,0,0,0,0,0,0,0,0,0,0,0,0,0,0,0,0,0,0,0,0,0,0,0,0,0,0,0,0,0,0,0,0,0,0,0,0,0,0,0,0,0,0,0,0,0,0,0,0,0,0,0,0,0,0,0,0,0,0,0,0,0,0,0,0,0,0,0,0,0,0,0,0,0,0,0,0,0,0,0,0,0,0,0,0,0,0,0,0,0,0,0,0,0,0,0,0,0,0,0,0,0,0,0,0,0,0,0,0,0,0,0,0,10,18,23,21,26,32,30,25,32,28,28,33,41,21,33,37,30,25,39,39,43,41,43,43,48,57,45,64,70,50,56,65,62,65,68,68,84,79,72,79,91,80,92,95,113,114,118,121,122,118,111,
0,0,0,0,0,0,0,0,0,0,0,0,0,0,0,0,0,0,0,0,0,0,0,0,0,0,0,0,0,0,0,0,0,0,0,0,0,0,0,0,0,0,0,0,0,0,0,0,0,0,0,0,0,0,0,0,0,0,0,0,0,0,0,0,0,0,0,0,0,0,0,0,0,0,0,0,0,0,0,0,0,0,0,0,0,0,0,0,0,0,0,0,0,0,0,0,0,0,0,0,0,0,0,0,0,0,0,0,0,0,0,0,0,0,0,0,0,0,0,0,0,0,0,0,0,0,0,0,0,0,0,0,0,0,0,0,0,0,0,0,0,0,0,0,0,0,0,0,0,11,20,29,20,31,33,27,25,24,34,32,37,33,39,32,53,50,41,43,43,54,54,67,61,54,54,76,62,72,69,77,64,82,90,73,80,72,76,109,107,120,92,99,102,107,118,140,148,151,144,145,
0,0,0,0,0,0,0,0,0,0,0,0,0,0,0,0,0,0,0,0,0,0,0,0,0,0,0,0,0,0,0,0,0,0,0,0,0,0,0,0,0,0,0,0,0,0,0,0,0,0,0,0,0,0,0,0,0,0,0,0,0,0,0,0,0,0,0,0,0,0,0,0,0,0,0,0,0,0,0,0,0,0,0,0,0,0,0,0,0,0,0,0,0,0,0,0,0,0,0,0,0,0,0,0,0,0,0,0,0,0,0,0,0,0,0,0,0,0,0,0,0,0,0,0,0,0,0,0,0,0,0,0,0,0,0,0,0,0,0,0,0,0,0,0,0,0,0,0,0,18,28,25,26,30,26,28,23,29,32,40,42,32,46,42,44,52,46,64,43,42,57,57,62,66,70,65,77,74,70,89,84,93,76,92,111,92,96,130,96,112,122,126,130,155,176,164,126,173,185,181,
0,0,0,0,0,0,0,0,0,0,0,0,0,0,0,0,0,0,0,0,0,0,0,0,0,0,0,0,0,0,0,0,0,0,0,0,0,0,0,0,0,0,0,0,0,0,0,0,0,0,0,0,0,0,0,0,0,0,0,0,0,0,0,0,0,0,0,0,0,0,0,0,0,0,0,0,0,0,0,0,0,0,0,0,0,0,0,0,0,0,0,0,0,0,0,0,0,0,0,0,0,0,0,0,0,0,0,0,0,0,0,0,0,0,0,0,0,0,0,0,0,0,0,0,0,0,0,0,0,0,0,0,0,0,0,0,0,0,0,0,0,0,0,0,0,0,0,0,0,19,17,31,34,28,40,29,31,32,37,46,38,42,42,48,48,48,54,52,57,58,71,73,63,69,72,76,76,93,100,102,91,115,98,103,112,119,110,121,153,127,146,150,148,190,153,162,209,233,184,207,
0,0,0,0,0,0,0,0,0,0,0,0,0,0,0,0,0,0,0,0,0,0,0,0,0,0,0,0,0,0,0,0,0,0,0,0,0,0,0,0,0,0,0,0,0,0,0,0,0,0,0,0,0,0,0,0,0,0,0,0,0,0,0,0,0,0,0,0,0,0,0,0,0,0,0,0,0,0,0,0,0,0,0,0,0,0,0,0,0,0,0,0,0,0,0,0,0,0,0,0,0,0,0,0,0,0,0,0,0,0,0,0,0,0,0,0,0,0,0,0,0,0,0,0,0,0,0,0,0,0,0,0,0,0,0,0,0,0,0,0,0,0,0,0,0,0,0,0,0,13,20,31,30,38,34,37,36,49,38,41,46,43,42,38,64,50,62,60,74,66,63,72,67,89,77,88,87,97,106,113,112,125,125,127,145,138,150,177,171,198,159,178,213,247,255,260,263,270,277,298,
0,0,0,0,0,0,0,0,0,0,0,0,0,0,0,0,0,0,0,0,0,0,0,0,0,0,0,0,0,0,0,0,0,0,0,0,0,0,0,0,0,0,0,0,0,0,0,0,0,0,0,0,0,0,0,0,0,0,0,0,0,0,0,0,0,0,0,0,0,0,0,0,0,0,0,0,0,0,0,0,0,0,0,0,0,0,0,0,0,0,0,0,0,0,0,0,0,0,0,0,0,0,0,0,0,0,0,0,0,0,0,0,0,0,0,0,0,0,0,0,0,0,0,0,0,0,0,0,0,0,0,0,0,0,0,0,0,0,0,0,0,0,0,0,0,0,0,0,0,14,19,25,13,31,31,34,31,35,45,35,42,45,49,56,70,70,88,91,75,75,92,108,104,115,133,132,154,132,165,189,202,218,214,258,285,261,294,307,353,357,363,382,413,422,453,483,464,522,503,586,
0,0,0,0,0,0,0,0,0,0,0,0,0,0,0,0,0,0,0,0,0,0,0,0,0,0,0,0,0,0,0,0,0,0,0,0,0,0,0,0,0,0,0,0,0,0,0,0,0,0,0,0,0,0,0,0,0,0,0,0,0,0,0,0,0,0,0,0,0,0,0,0,0,0,0,0,0,0,0,0,0,0,0,0,0,0,0,0,0,0,0,0,0,0,0,0,0,0,0,0,0,0,0,0,0,0,0,0,0,0,0,0,0,0,0,0,0,0,0,0,0,0,0,0,0,0,0,0,0,0,0,0,0,0,0,0,0,0,0,0,0,0,0,0,0,0,0,0,0,26,23,36,21,37,39,41,51,64,53,55,86,92,104,96,107,130,140,131,162,170,206,204,219,274,281,330,361,358,374,427,469,494,541,589,578,691,772,783,810,851,920,939,1015,1039,1062,1082,1137,1245,1378,1347,
0,0,0,0,0,0,0,0,0,0,0,0,0,0,0,0,0,0,0,0,0,0,0,0,0,0,0,0,0,0,0,0,0,0,0,0,0,0,0,0,0,0,0,0,0,0,0,0,0,0,0,0,0,0,0,0,0,0,0,0,0,0,0,0,0,0,0,0,0,0,0,0,0,0,0,0,0,0,0,0,0,0,0,0,0,0,0,0,0,0,0,0,0,0,0,0,0,0,0,0,0,0,0,0,0,0,0,0,0,0,0,0,0,0,0,0,0,0,0,0,0,0,0,0,0,0,0,0,0,0,0,0,0,0,0,0,0,0,0,0,0,0,0,0,0,0,0,0,0,17,22,32,30,71,63,92,90,141,125,130,206,213,233,275,291,360,357,405,463,500,585,642,654,720,765,850,916,993,1064,1105,1209,1268,1394,1455,1585,1658,1756,1889,1953,2060,2248,2355,2483,2589,2680,2711,2794,3063,3121,3223,
0,0,0,0,0,0,0,0,0,0,0,0,0,0,0,0,0,0,0,0,0,0,0,0,0,0,0,0,0,0,0,0,0,0,0,0,0,0,0,0,0,0,0,0,0,0,0,0,0,0,0,0,0,0,0,0,0,0,0,0,0,0,0,0,0,0,0,0,0,0,0,0,0,0,0,0,0,0,0,0,0,0,0,0,0,0,0,0,0,0,0,0,0,0,0,0,0,0,0,0,0,0,0,0,0,0,0,0,0,0,0,0,0,0,0,0,0,0,0,0,0,0,0,0,0,0,0,0,0,0,0,0,0,0,0,0,0,0,0,0,0,0,0,0,0,0,0,0,0,12,31,52,92,126,183,254,328,418,459,557,626,711,871,886,963,1048,1223,1290,1455,1499,1627,1694,1907,2082,2151,2323,2378,2623,2722,2913,2983,3300,3445,3491,3730,3905,3967,4238,4494,4627,4739,4988,5243,5497,5585,5838,5915,6395,6496,6470,
0,0,0,0,0,0,0,0,0,0,0,0,0,0,0,0,0,0,0,0,0,0,0,0,0,0,0,0,0,0,0,0,0,0,0,0,0,0,0,0,0,0,0,0,0,0,0,0,0,0,0,0,0,0,0,0,0,0,0,0,0,0,0,0,0,0,0,0,0,0,0,0,0,0,0,0,0,0,0,0,0,0,0,0,0,0,0,0,0,0,0,0,0,0,0,0,0,0,0,0,0,0,0,0,0,0,0,0,0,0,0,0,0,0,0,0,0,0,0,0,0,0,0,0,0,0,0,0,0,0,0,0,0,0,0,0,0,0,0,0,0,0,0,0,0,0,0,0,0,20,42,74,137,234,270,362,514,592,717,821,967,1022,1195,1324,1448,1632,1759,1873,2116,2200,2459,2559,2645,2967,3121,3410,3552,3689,3906,4024,4227,4560,4716,5097,5153,5463,5475,6024,6278,6371,6624,6776,7138,7284,7645,7740,8045,8534,8460,9021,
0,0,0,0,0,0,0,0,0,0,0,0,0,0,0,0,0,0,0,0,0,0,0,0,0,0,0,0,0,0,0,0,0,0,0,0,0,0,0,0,0,0,0,0,0,0,0,0,0,0,0,0,0,0,0,0,0,0,0,0,0,0,0,0,0,0,0,0,0,0,0,0,0,0,0,0,0,0,0,0,0,0,0,0,0,0,0,0,0,0,0,0,0,0,0,0,0,0,0,0,0,0,0,0,0,0,0,0,0,0,0,0,0,0,0,0,0,0,0,0,0,0,0,0,0,0,0,0,0,0,0,0,0,0,0,0,0,0,0,0,0,0,0,0,0,0,0,0,0,25,48,94,149,233,377,514,590,723,852,1017,1097,1343,1437,1660,1839,1954,2164,2290,2416,2749,2893,3004,3210,3408,3649,3815,4161,4385,4561,4878,5113,5237,5528,5854,5981,6275,6337,6894,7118,7450,7630,7999,8266,8524,8846,9129,9411,9623,9978,10248,
0,0,0,0,0,0,0,0,0,0,0,0,0,0,0,0,0,0,0,0,0,0,0,0,0,0,0,0,0,0,0,0,0,0,0,0,0,0,0,0,0,0,0,0,0,0,0,0,0,0,0,0,0,0,0,0,0,0,0,0,0,0,0,0,0,0,0,0,0,0,0,0,0,0,0,0,0,0,0,0,0,0,0,0,0,0,0,0,0,0,0,0,0,0,0,0,0,0,0,0,0,0,0,0,0,0,0,0,0,0,0,0,0,0,0,0,0,0,0,0,0,0,0,0,0,0,0,0,0,0,0,0,0,0,0,0,0,0,0,0,0,0,0,0,0,0,0,0,0,19,69,118,229,312,394,563,699,859,1023,1145,1246,1462,1657,1818,2051,2237,2394,2479,2726,2939,3264,3371,3576,3771,4086,4323,4491,4732,5008,5421,5660,5847,6209,6431,6760,7021,7245,7631,7759,8311,8439,8938,9159,9427,9713,10023,10214,10775,10928,11368,
0,0,0,0,0,0,0,0,0,0,0,0,0,0,0,0,0,0,0,0,0,0,0,0,0,0,0,0,0,0,0,0,0,0,0,0,0,0,0,0,0,0,0,0,0,0,0,0,0,0,0,0,0,0,0,0,0,0,0,0,0,0,0,0,0,0,0,0,0,0,0,0,0,0,0,0,0,0,0,0,0,0,0,0,0,0,0,0,0,0,0,0,0,0,0,0,0,0,0,0,0,0,0,0,0,0,0,0,0,0,0,0,0,0,0,0,0,0,0,0,0,0,0,0,0,0,0,0,0,0,0,0,0,0,0,0,0,0,0,0,0,0,0,0,0,0,0,0,0,18,52,147,232,361,507,658,830,924,1105,1318,1506,1653,1845,2075,2284,2387,2591,2830,2947,3262,3624,3788,3856,4164,4396,4877,4987,5161,5441,5773,6102,6381,6723,7088,7306,7608,7942,8094,8526,8801,9264,9463,9996,10290,10598,11101,11305,11798,11926,12464,
0,0,0,0,0,0,0,0,0,0,0,0,0,0,0,0,0,0,0,0,0,0,0,0,0,0,0,0,0,0,0,0,0,0,0,0,0,0,0,0,0,0,0,0,0,0,0,0,0,0,0,0,0,0,0,0,0,0,0,0,0,0,0,0,0,0,0,0,0,0,0,0,0,0,0,0,0,0,0,0,0,0,0,0,0,0,0,0,0,0,0,0,0,0,0,0,0,0,0,0,0,0,0,0,0,0,0,0,0,0,0,0,0,0,0,0,0,0,0,0,0,0,0,0,0,0,0,0,0,0,0,0,0,0,0,0,0,0,0,0,0,0,0,0,0,0,0,0,0,24,68,149,270,418,605,728,934,1153,1245,1423,1661,1755,2002,2126,2476,2653,2902,3105,3323,3464,3884,4000,4290,4504,4893,5148,5415,5668,5866,6343,6667,7051,7480,7573,7970,8237,8715,8918,9412,9751,10110,10516,10772,11426,11697,11878,12365,12927,13198,13472,
0,0,0,0,0,0,0,0,0,0,0,0,0,0,0,0,0,0,0,0,0,0,0,0,0,0,0,0,0,0,0,0,0,0,0,0,0,0,0,0,0,0,0,0,0,0,0,0,0,0,0,0,0,0,0,0,0,0,0,0,0,0,0,0,0,0,0,0,0,0,0,0,0,0,0,0,0,0,0,0,0,0,0,0,0,0,0,0,0,0,0,0,0,0,0,0,0,0,0,0,0,0,0,0,0,0,0,0,0,0,0,0,0,0,0,0,0,0,0,0,0,0,0,0,0,0,0,0,0,0,0,0,0,0,0,0,0,0,0,0,0,0,0,0,0,0,0,0,0,22,77,179,371,523,708,820,1005,1251,1398,1663,1869,1982,2246,2523,2746,2871,3193,3470,3659,3922,4155,4486,4746,5004,5280,5666,5827,6262,6850,6988,7416,7689,8135,8598,8680,9198,9621,9861,10360,10772,11033,11638,12102,12603,13038,13594,13814,14271,14797,15159,
0,0,0,0,0,0,0,0,0,0,0,0,0,0,0,0,0,0,0,0,0,0,0,0,0,0,0,0,0,0,0,0,0,0,0,0,0,0,0,0,0,0,0,0,0,0,0,0,0,0,0,0,0,0,0,0,0,0,0,0,0,0,0,0,0,0,0,0,0,0,0,0,0,0,0,0,0,0,0,0,0,0,0,0,0,0,0,0,0,0,0,0,0,0,0,0,0,0,0,0,0,0,0,0,0,0,0,0,0,0,0,0,0,0,0,0,0,0,0,0,0,0,0,0,0,0,0,0,0,0,0,0,0,0,0,0,0,0,0,0,0,0,0,0,0,0,0,0,0,32,110,206,368,609,789,1046,1205,1461,1656,1884,2105,2447,2570,2763,3089,3362,3551,3904,4169,4466,4778,5049,5407,5695,6044,6528,6870,7034,7591,7848,8527,8786,9292,9904,10120,10606,11211,11590,11946,12661,13123,13557,14262,14977,15260,15942,16578,17106,17913,18697,
0,0,0,0,0,0,0,0,0,0,0,0,0,0,0,0,0,0,0,0,0,0,0,0,0,0,0,0,0,0,0,0,0,0,0,0,0,0,0,0,0,0,0,0,0,0,0,0,0,0,0,0,0,0,0,0,0,0,0,0,0,0,0,0,0,0,0,0,0,0,0,0,0,0,0,0,0,0,0,0,0,0,0,0,0,0,0,0,0,0,0,0,0,0,0,0,0,0,0,0,0,0,0,0,0,0,0,0,0,0,0,0,0,0,0,0,0,0,0,0,0,0,0,0,0,0,0,0,0,0,0,0,0,0,0,0,0,0,0,0,0,0,0,0,0,0,0,0,0,40,121,279,488,739,950,1184,1525,1691,1907,2160,2483,2739,3027,3355,3664,3859,4252,4623,4969,5348,5623,6151,6549,6985,7440,7956,8210,8957,9640,9915,10686,11333,12042,12578,13659,14142,14761,15713,16824,17725,18497,19201,19962,21110,21910,22722,23730,24703,25823,26835,
0,0,0,0,0,0,0,0,0,0,0,0,0,0,0,0,0,0,0,0,0,0,0,0,0,0,0,0,0,0,0,0,0,0,0,0,0,0,0,0,0,0,0,0,0,0,0,0,0,0,0,0,0,0,0,0,0,0,0,0,0,0,0,0,0,0,0,0,0,0,0,0,0,0,0,0,0,0,0,0,0,0,0,0,0,0,0,0,0,0,0,0,0,0,0,0,0,0,0,0,0,0,0,0,0,0,0,0,0,0,0,0,0,0,0,0,0,0,0,0,0,0,0,0,0,0,0,0,0,0,0,0,0,0,0,0,0,0,0,0,0,0,0,0,0,0,0,0,0,59,180,478,698,1069,1429,1859,2314,2838,3303,3916,4335,5145,5718,6548,7244,8283,9102,10109,11303,11980,13122,14510,15553,16891,17931,19351,20783,21783,23559,24960,26291,27494,28844,30459,31922,33562,34777,36507,37954,39207,40412,42451,43435,44704,46341,47742,49073,50445,51522,53179,
0,0,0,0,0,0,0,0,0,0,0,0,0,0,0,0,0,0,0,0,0,0,0,0,0,0,0,0,0,0,0,0,0,0,0,0,0,0,0,0,0,0,0,0,0,0,0,0,0,0,0,0,0,0,0,0,0,0,0,0,0,0,0,0,0,0,0,0,0,0,0,0,0,0,0,0,0,0,0,0,0,0,0,0,0,0,0,0,0,0,0,0,0,0,0,0,0,0,0,0,0,0,0,0,0,0,0,0,0,0,0,0,0,0,0,0,0,0,0,0,0,0,0,0,0,0,0,0,0,0,0,0,0,0,0,0,0,0,0,0,0,0,0,0,0,0,0,0,0,8729,22606,32094,39512,46255,50848,55658,59963,63885,66857,70211,73314,75845,78103,80364,82412,85303,86152,87979,89491,90977,92395,94146,95911,96737,97348,98542,99839,100697,101001,102407,103543,104390,105795,105779,106759,107050,108787,108871,109787,110500,111725,112244,111800,112346,114015,113628,115213,115242,115918,116309,
0,0,0,0,0,0,0,0,0,0,0,0,0,0,0,0,0,0,0,0,0,0,0,0,0,0,0,0,0,0,0,0,0,0,0,0,0,0,0,0,0,0,0,0,0,0,0,0,0,0,0,0,0,0,0,0,0,0,0,0,0,0,0,0,0,0,0,0,0,0,0,0,0,0,0,0,0,0,0,0,0,0,0,0,0,0,0,0,0,0,0,0,0,0,0,0,0,0,0,0,0,0,0,0,0,0,0,0,0,0,0,0,0,0,0,0,0,0,0,0,0,0,0,0,0,0,0,0,0,0,0,0,0,0,0,0,0,0,0,0,0,0,0,0,0,0,0,0,0,16145,40451,57444,71403,82481,92073,100569,107011,114001,121419,125862,131650,136320,141010,144965,149150,152238,155733,158266,162317,164537,167034,169383,170955,173569,175129,176718,178879,179342,180604,182754,183108,183798,184644,185868,185817,185938,186978,188057,188339,187607,188335,188466,187872,187595,187999,187666,188290,186905,186491,187756,
0,0,0,0,0,0,0,0,0,0,0,0,0,0,0,0,0,0,0,0,0,0,0,0,0,0,0,0,0,0,0,0,0,0,0,0,0,0,0,0,0,0,0,0,0,0,0,0,0,0,0,0,0,0,0,0,0,0,0,0,0,0,0,0,0,0,0,0,0,0,0,0,0,0,0,0,0,0,0,0,0,0,0,0,0,0,0,0,0,0,0,0,0,0,0,0,0,0,0,0,0,0,0,0,0,0,0,0,0,0,0,0,0,0,0,0,0,0,0,0,0,0,0,0,0,0,0,0,0,0,0,0,0,0,0,0,0,0,0,0,0,0,0,0,0,0,0,0,0,20384,52081,73643,91004,105447,118241,128619,138204,147239,155056,162284,168281,174787,180772,185633,191026,194691,199716,204002,207415,211404,214909,218646,219935,223186,225138,227305,230219,231192,232423,233805,237305,237217,238268,240054,240308,241295,242664,242187,243160,243472,243872,244002,244397,244551,244100,244153,242811,243662,243146,243431,
0,0,0,0,0,0,0,0,0,0,0,0,0,0,0,0,0,0,0,0,0,0,0,0,0,0,0,0,0,0,0,0,0,0,0,0,0,0,0,0,0,0,0,0,0,0,0,0,0,0,0,0,0,0,0,0,0,0,0,0,0,0,0,0,0,0,0,0,0,0,0,0,0,0,0,0,0,0,0,0,0,0,0,0,0,0,0,0,0,0,0,0,0,0,0,0,0,0,0,0,0,0,0,0,0,0,0,0,0,0,0,0,0,0,0,0,0,0,0,0,0,0,0,0,0,0,0,0,0,0,0,0,0,0,0,0,0,0,0,0,0,0,0,0,0,0,0,0,0,24040,61017,87167,107451,124230,138538,150987,161818,172658,181138,190797,198276,204363,211669,218728,223437,229545,234323,238739,243011,248175,250870,255348,257453,261118,264292,266801,269482,272113,273903,275605,276725,278903,279977,281294,283529,284305,285034,286055,286417,287427,287550,287824,287934,287470,288689,287454,288361,287299,287350,285653,
0,0,0,0,0,0,0,0,0,0,0,0,0,0,0,0,0,0,0,0,0,0,0,0,0,0,0,0,0,0,0,0,0,0,0,0,0,0,0,0,0,0,0,0,0,0,0,0,0,0,0,0,0,0,0,0,0,0,0,0,0,0,0,0,0,0,0,0,0,0,0,0,0,0,0,0,0,0,0,0,0,0,0,0,0,0,0,0,0,0,0,0,0,0,0,0,0,0,0,0,0,0,0,0,0,0,0,0,0,0,0,0,0,0,0,0,0,0,0,0,0,0,0,0,0,0,0,0,0,0,0,0,0,0,0,0,0,0,0,0,0,0,0,0,0,0,0,0,0,27169,68645,97615,121305,139843,156042,170124,182639,193835,205234,214384,222325,230913,238668,244797,252341,258079,263590,269649,274203,279536,283065,286765,290029,294603,298292,300671,303896,305872,308817,309533,311972,314013,315691,317343,318421,320228,321436,321010,322376,323606,323437,322798,323851,324821,324447,324982,324611,323405,324154,323670,
0,0,0,0,0,0,0,0,0,0,0,0,0,0,0,0,0,0,0,0,0,0,0,0,0,0,0,0,0,0,0,0,0,0,0,0,0,0,0,0,0,0,0,0,0,0,0,0,0,0,0,0,0,0,0,0,0,0,0,0,0,0,0,0,0,0,0,0,0,0,0,0,0,0,0,0,0,0,0,0,0,0,0,0,0,0,0,0,0,0,0,0,0,0,0,0,0,0,0,0,0,0,0,0,0,0,0,0,0,0,0,0,0,0,0,0,0,0,0,0,0,0,0,0,0,0,0,0,0,0,0,0,0,0,0,0,0,0,0,0,0,0,0,0,0,0,0,0,0,29657,74616,107113,132269,152918,170074,185827,199627,212401,223639,234395,243586,252479,260249,268321,274853,281979,289110,294707,300057,303122,310030,313019,318035,321513,327333,328939,331968,334619,338220,338826,342581,344229,345799,348194,349294,350761,352045,352177,354121,353880,354645,354732,355609,355598,356857,356123,355521,355731,356228,356237,
0,0,0,0,0,0,0,0,0,0,0,0,0,0,0,0,0,0,0,0,0,0,0,0,0,0,0,0,0,0,0,0,0,0,0,0,0,0,0,0,0,0,0,0,0,0,0,0,0,0,0,0,0,0,0,0,0,0,0,0,0,0,0,0,0,0,0,0,0,0,0,0,0,0,0,0,0,0,0,0,0,0,0,0,0,0,0,0,0,0,0,0,0,0,0,0,0,0,0,0,0,0,0,0,0,0,0,0,0,0,0,0,0,0,0,0,0,0,0,0,0,0,0,0,0,0,0,0,0,0,0,0,0,0,0,0,0,0,0,0,0,0,0,0,0,0,0,0,0,31842,80619,115522,143114,164253,183510,199938,214574,228123,241188,252214,261777,271156,280232,289394,296717,303894,310190,316294,321979,327969,333756,338315,342341,348354,350718,354543,358320,360934,362677,366219,368417,371204,372848,374667,375714,377188,378811,379707,381101,381720,382208,383175,382646,383019,383629,383458,382823,381637,382220,382256,
0,0,0,0,0,0,0,0,0,0,0,0,0,0,0,0,0,0,0,0,0,0,0,0,0,0,0,0,0,0,0,0,0,0,0,0,0,0,0,0,0,0,0,0,0,0,0,0,0,0,0,0,0,0,0,0,0,0,0,0,0,0,0,0,0,0,0,0,0,0,0,0,0,0,0,0,0,0,0,0,0,0,0,0,0,0,0,0,0,0,0,0,0,0,0,0,0,0,0,0,0,0,0,0,0,0,0,0,0,0,0,0,0,0,0,0,0,0,0,0,0,0,0,0,0,0,0,0,0,0,0,0,0,0,0,0,0,0,0,0,0,0,0,0,0,0,0,0,0,33851,85718,123063,151625,175453,195267,213667,229063,242565,255829,268109,278560,289156,298692,307322,315907,324408,330509,337165,343058,349242,354973,360070,363410,368951,373108,375968,380418,383192,386480,389500,391940,393842,397131,397963,400054,401355,403147,404171,404481,406116,406201,407588,407543,407657,408447,408567,408372,408357,408059,407138,
0,0,0,0,0,0,0,0,0,0,0,0,0,0,0,0,0,0,0,0,0,0,0,0,0,0,0,0,0,0,0,0,0,0,0,0,0,0,0,0,0,0,0,0,0,0,0,0,0,0,0,0,0,0,0,0,0,0,0,0,0,0,0,0,0,0,0,0,0,0,0,0,0,0,0,0,0,0,0,0,0,0,0,0,0,0,0,0,0,0,0,0,0,0,0,0,0,0,0,0,0,0,0,0,0,0,0,0,0,0,0,0,0,0,0,0,0,0,0,0,0,0,0,0,0,0,0,0,0,0,0,0,0,0,0,0,0,0,0,0,0,0,0,0,0,0,0,0,0,35782,90224,129569,159551,185127,205814,224106,241491,256577,270034,282580,293730,305547,315789,325492,332692,341859,349095,355968,361279,367679,374322,379596,384398,388161,393432,396551,400922,404955,408168,411440,415020,416331,416928,421056,421258,424172,425550,426199,427658,430014,428332,429484,430783,431318,431542,429765,430844,430369,430165,429705,
0,0,0,0,0,0,0,0,0,0,0,0,0,0,0,0,0,0,0,0,0,0,0,0,0,0,0,0,0,0,0,0,0,0,0,0,0,0,0,0,0,0,0,0,0,0,0,0,0,0,0,0,0,0,0,0,0,0,0,0,0,0,0,0,0,0,0,0,0,0,0,0,0,0,0,0,0,0,0,0,0,0,0,0,0,0,0,0,0,0,0,0,0,0,0,0,0,0,0,0,0,0,0,0,0,0,0,0,0,0,0,0,0,0,0,0,0,0,0,0,0,0,0,0,0,0,0,0,0,0,0,0,0,0,0,0,0,0,0,0,0,0,0,0,0,0,0,0,0,37940,94250,136643,166766,194269,215841,234894,252676,269315,283316,294997,308412,319865,329512,340103,348042,356393,364083,372861,380012,385544,392192,397668,402035,406873,412035,415728,419253,422663,427578,430604,433502,433173,436700,439324,442158,443954,446631,446011,447344,449548,449335,449949,450045,451166,451233,451768,452061,450948,450427,450399,
0,0,0,0,0,0,0,0,0,0,0,0,0,0,0,0,0,0,0,0,0,0,0,0,0,0,0,0,0,0,0,0,0,0,0,0,0,0,0,0,0,0,0,0,0,0,0,0,0,0,0,0,0,0,0,0,0,0,0,0,0,0,0,0,0,0,0,0,0,0,0,0,0,0,0,0,0,0,0,0,0,0,0,0,0,0,0,0,0,0,0,0,0,0,0,0,0,0,0,0,0,0,0,0,0,0,0,0,0,0,0,0,0,0,0,0,0,0,0,0,0,0,0,0,0,0,0,0,0,0,0,0,0,0,0,0,0,0,0,0,0,0,0,0,0,0,0,0,0,39342,98904,140559,175325,201392,224856,245038,262897,279736,295420,308067,320992,332338,343322,353002,363904,372978,379708,388271,395195,400851,408236,413173,418473,424648,429121,433512,438165,441003,444220,447771,450941,453831,457007,458613,460521,462277,464445,466468,467040,466382,467710,468153,469088,469591,470000,469959,469596,469993,469081,467837,
0,0,0,0,0,0,0,0,0,0,0,0,0,0,0,0,0,0,0,0,0,0,0,0,0,0,0,0,0,0,0,0,0,0,0,0,0,0,0,0,0,0,0,0,0,0,0,0,0,0,0,0,0,0,0,0,0,0,0,0,0,0,0,0,0,0,0,0,0,0,0,0,0,0,0,0,0,0,0,0,0,0,0,0,0,0,0,0,0,0,0,0,0,0,0,0,0,0,0,0,0,0,0,0,0,0,0,0,0,0,0,0,0,0,0,0,0,0,0,0,0,0,0,0,0,0,0,0,0,0,0,0,0,0,0,0,0,0,0,0,0,0,0,0,0,0,0,0,0,40504,102205,146643,179999,208504,232265,252972,271756,288951,305395,318867,332438,343854,354361,366797,376675,384873,392562,401035,408196,415485,422574,428442,434297,438218,443560,449030,451837,456005,461721,464138,466701,469134,472231,473757,476515,478079,480598,482075,481558,483748,484879,485898,485415,486812,485416,486097,486904,484846,486772,484444,
0,0,0,0,0,0,0,0,0,0,0,0,0,0,0,0,0,0,0,0,0,0,0,0,0,0,0,0,0,0,0,0,0,0,0,0,0,0,0,0,0,0,0,0,0,0,0,0,0,0,0,0,0,0,0,0,0,0,0,0,0,0,0,0,0,0,0,0,0,0,0,0,0,0,0,0,0,0,0,0,0,0,0,0,0,0,0,0,0,0,0,0,0,0,0,0,0,0,0,0,0,0,0,0,0,0,0,0,0,0,0,0,0,0,0,0,0,0,0,0,0,0,0,0,0,0,0,0,0,0,0,0,0,0,0,0,0,0,0,0,0,0,0,0,0,0,0,0,0,42116,105438,151155,186287,214433,240316,262284,281215,298902,315052,329128,343069,355623,366910,375934,387776,396412,406630,413949,421466,429249,435245,441677,446695,453377,457727,463031,466028,472404,474578,479507,480847,483616,485626,489589,491718,493010,495452,497439,498386,498518,500822,500417,501068,501647,502837,502015,502011,500712,500578,500991,
0,0,0,0,0,0,0,0,0,0,0,0,0,0,0,0,0,0,0,0,0,0,0,0,0,0,0,0,0,0,0,0,0,0,0,0,0,0,0,0,0,0,0,0,0,0,0,0,0,0,0,0,0,0,0,0,0,0,0,0,0,0,0,0,0,0,0,0,0,0,0,0,0,0,0,0,0,0,0,0,0,0,0,0,0,0,0,0,0,0,0,0,0,0,0,0,0,0,0,0,0,0,0,0,0,0,0,0,0,0,0,0,0,0,0,0,0,0,0,0,0,0,0,0,0,0,0,0,0,0,0,0,0,0,0,0,0,0,0,0,0,0,0,0,0,0,0,0,0,43287,108508,154322,191795,221104,246627,269532,289474,308191,324323,338143,352625,365204,377048,388482,398330,407886,416819,425819,434007,441219,448104,454988,459789,465944,471589,475631,481045,484032,488491,492500,494524,497289,501136,503856,505593,507553,509549,510320,512177,512276,514914,515375,515259,515519,516064,516327,516837,517738,517188,515280,
0,0,0,0,0,0,0,0,0,0,0,0,0,0,0,0,0,0,0,0,0,0,0,0,0,0,0,0,0,0,0,0,0,0,0,0,0,0,0,0,0,0,0,0,0,0,0,0,0,0,0,0,0,0,0,0,0,0,0,0,0,0,0,0,0,0,0,0,0,0,0,0,0,0,0,0,0,0,0,0,0,0,0,0,0,0,0,0,0,0,0,0,0,0,0,0,0,0,0,0,0,0,0,0,0,0,0,0,0,0,0,0,0,0,0,0,0,0,0,0,0,0,0,0,0,0,0,0,0,0,0,0,0,0,0,0,0,0,0,0,0,0,0,0,0,0,0,0,0,43890,111031,159202,196409,226657,253549,276356,296528,314637,331583,346877,361423,374432,386309,397654,407966,417478,427980,435960,443235,451284,458579,465303,472588,477831,481182,487688,494060,496372,501108,504340,507738,510439,512602,516532,517633,520237,521137,523515,524938,525480,528584,528181,528176,528318,529116,530912,528966,528047,529593,528609,
0,0,0,0,0,0,0,0,0,0,0,0,0,0,0,0,0,0,0,0,0,0,0,0,0,0,0,0,0,0,0,0,0,0,0,0,0,0,0,0,0,0,0,0,0,0,0,0,0,0,0,0,0,0,0,0,0,0,0,0,0,0,0,0,0,0,0,0,0,0,0,0,0,0,0,0,0,0,0,0,0,0,0,0,0,0,0,0,0,0,0,0,0,0,0,0,0,0,0,0,0,0,0,0,0,0,0,0,0,0,0,0,0,0,0,0,0,0,0,0,0,0,0,0,0,0,0,0,0,0,0,0,0,0,0,0,0,0,0,0,0,0,0,0,0,0,0,0,0,44994,113786,162099,200536,231942,259964,282071,303213,322650,339439,355267,368177,383506,395115,407763,417971,428236,437134,446919,454154,461229,468477,475042,482790,487965,494151,498793,504355,508094,512529,514972,518616,521863,525070,527309,529116,532513,533614,533981,536735,537576,538227,539803,539213,541557,540826,541961,540308,541597,540200,540312,
0,0,0,0,0,0,0,0,0,0,0,0,0,0,0,0,0,0,0,0,0,0,0,0,0,0,0,0,0,0,0,0,0,0,0,0,0,0,0,0,0,0,0,0,0,0,0,0,0,0,0,0,0,0,0,0,0,0,0,0,0,0,0,0,0,0,0,0,0,0,0,0,0,0,0,0,0,0,0,0,0,0,0,0,0,0,0,0,0,0,0,0,0,0,0,0,0,0,0,0,0,0,0,0,0,0,0,0,0,0,0,0,0,0,0,0,0,0,0,0,0,0,0,0,0,0,0,0,0,0,0,0,0,0,0,0,0,0,0,0,0,0,0,0,0,0,0,0,0,46158,115993,165018,204509,235732,264394,288141,309063,328931,346498,362199,376019,391381,403528,414115,425585,435685,446700,455014,463226,471095,478374,485564,492897,497705,503506,508092,512668,518413,520561,525815,528852,533309,536111,538195,540512,542939,543680,547115,546926,549843,550345,550694,550376,551739,551223,551874,553046,552344,551967,550813,
0,0,0,0,0,0,0,0,0,0,0,0,0,0,0,0,0,0,0,0,0,0,0,0,0,0,0,0,0,0,0,0,0,0,0,0,0,0,0,0,0,0,0,0,0,0,0,0,0,0,0,0,0,0,0,0,0,0,0,0,0,0,0,0,0,0,0,0,0,0,0,0,0,0,0,0,0,0,0,0,0,0,0,0,0,0,0,0,0,0,0,0,0,0,0,0,0,0,0,0,0,0,0,0,0,0,0,0,0,0,0,0,0,0,0,0,0,0,0,0,0,0,0,0,0,0,0,0,0,0,0,0,0,0,0,0,0,0,0,0,0,0,0,0,0,0,0,0,0,46595,117916,168724,208460,241233,269140,292398,315206,334217,352558,369470,384277,397335,410091,422545,433980,444745,452559,464100,473191,479736,486371,495134,500982,506834,513174,518905,522905,526735,531565,534695,539076,543064,545807,548720,550106,552677,552783,555967,557670,559213,559384,560315,561308,560775,561028,562677,561402,561215,560948,561548,
0,0,0,0,0,0,0,0,0,0,0,0,0,0,0,0,0,0,0,0,0,0,0,0,0,0,0,0,0,0,0,0,0,0,0,0,0,0,0,0,0,0,0,0,0,0,0,0,0,0,0,0,0,0,0,0,0,0,0,0,0,0,0,0,0,0,0,0,0,0,0,0,0,0,0,0,0,0,0,0,0,0,0,0,0,0,0,0,0,0,0,0,0,0,0,0,0,0,0,0,0,0,0,0,0,0,0,0,0,0,0,0,0,0,0,0,0,0,0,0,0,0,0,0,0,0,0,0,0,0,0,0,0,0,0,0,0,0,0,0,0,0,0,0,0,0,0,0,0,47291,119660,171741,211316,245346,273189,298177,319786,338707,357633,373502,389276,403712,416461,429746,441175,451696,462455,469388,479213,486334,493381,502184,509349,515377,520015,525961,531060,534334,540141,542874,547022,550677,553757,554978,558826,562314,563469,563649,565634,566900,569346,568323,569583,570276,570632,571012,571053,570908,570477,569342,
0,0,0,0,0,0,0,0,0,0,0,0,0,0,0,0,0,0,0,0,0,0,0,0,0,0,0,0,0,0,0,0,0,0,0,0,0,0,0,0,0,0,0,0,0,0,0,0,0,0,0,0,0,0,0,0,0,0,0,0,0,0,0,0,0,0,0,0,0,0,0,0,0,0,0,0,0,0,0,0,0,0,0,0,0,0,0,0,0,0,0,0,0,0,0,0,0,0,0,0,0,0,0,0,0,0,0,0,0,0,0,0,0,0,0,0,0,0,0,0,0,0,0,0,0,0,0,0,0,0,0,0,0,0,0,0,0,0,0,0,0,0,0,0,0,0,0,0,0,47997,121253,173618,215009,247806,276806,302119,324851,343798,363488,379666,396528,409422,424012,436129,446908,457554,468988,477559,485405,493288,501953,509128,515995,521964,527324,533139,537743,542245,548340,552472,554375,559007,561720,564236,566124,568790,569524,573125,574403,576303,576924,576890,577470,577360,578642,579057,577508,578644,577798,576842,
0,0,0,0,0,0,0,0,0,0,0,0,0,0,0,0,0,0,0,0,0,0,0,0,0,0,0,0,0,0,0,0,0,0,0,0,0,0,0,0,0,0,0,0,0,0,0,0,0,0,0,0,0,0,0,0,0,0,0,0,0,0,0,0,0,0,0,0,0,0,0,0,0,0,0,0,0,0,0,0,0,0,0,0,0,0,0,0,0,0,0,0,0,0,0,0,0,0,0,0,0,0,0,0,0,0,0,0,0,0,0,0,0,0,0,0,0,0,0,0,0,0,0,0,0,0,0,0,0,0,0,0,0,0,0,0,0,0,0,0,0,0,0,0,0,0,0,0,0,48811,123129,175691,217940,251271,280563,306030,328474,349066,367522,384684,399792,414751,428240,440434,453461,463798,472667,483471,491302,500758,508326,515521,522100,529531,534356,540757,546830,550315,553649,557337,561962,564508,568734,569477,574070,575452,578805,578701,580171,583801,583663,585325,583744,586183,585173,584384,586827,584473,585724,584920,
0,0,0,0,0,0,0,0,0,0,0,0,0,0,0,0,0,0,0,0,0,0,0,0,0,0,0,0,0,0,0,0,0,0,0,0,0,0,0,0,0,0,0,0,0,0,0,0,0,0,0,0,0,0,0,0,0,0,0,0,0,0,0,0,0,0,0,0,0,0,0,0,0,0,0,0,0,0,0,0,0,0,0,0,0,0,0,0,0,0,0,0,0,0,0,0,0,0,0,0,0,0,0,0,0,0,0,0,0,0,0,0,0,0,0,0,0,0,0,0,0,0,0,0,0,0,0,0,0,0,0,0,0,0,0,0,0,0,0,0,0,0,0,0,0,0,0,0,0,49069,124874,177938,219614,255046,283281,309635,332339,353339,371315,389692,404870,419390,433848,445264,457337,467803,478793,490104,496749,506423,514576,520926,526806,535502,540697,546713,550431,555909,560173,564348,567804,571285,574843,577690,578364,581575,582891,586532,587730,588351,590430,588739,591027,592395,591521,591227,593556,592594,591871,590760,
0,0,0,0,0,0,0,0,0,0,0,0,0,0,0,0,0,0,0,0,0,0,0,0,0,0,0,0,0,0,0,0,0,0,0,0,0,0,0,0,0,0,0,0,0,0,0,0,0,0,0,0,0,0,0,0,0,0,0,0,0,0,0,0,0,0,0,0,0,0,0,0,0,0,0,0,0,0,0,0,0,0,0,0,0,0,0,0,0,0,0,0,0,0,0,0,0,0,0,0,0,0,0,0,0,0,0,0,0,0,0,0,0,0,0,0,0,0,0,0,0,0,0,0,0,0,0,0,0,0,0,0,0,0,0,0,0,0,0,0,0,0,0,0,0,0,0,0,0,49700,125712,179309,222133,256607,286904,311418,335396,355996,374546,392839,409236,423816,437053,450245,461935,473364,483454,495135,502831,512130,519023,526804,533113,538963,545377,550956,556390,560956,566418,570690,573706,576304,580892,581611,587090,588583,589151,591947,593194,594181,595802,598207,596993,597090,598060,597312,599249,597114,597658,596034,
0,0,0,0,0,0,0,0,0,0,0,0,0,0,0,0,0,0,0,0,0,0,0,0,0,0,0,0,0,0,0,0,0,0,0,0,0,0,0,0,0,0,0,0,0,0,0,0,0,0,0,0,0,0,0,0,0,0,0,0,0,0,0,0,0,0,0,0,0,0,0,0,0,0,0,0,0,0,0,0,0,0,0,0,0,0,0,0,0,0,0,0,0,0,0,0,0,0,0,0,0,0,0,0,0,0,0,0,0,0,0,0,0,0,0,0,0,0,0,0,0,0,0,0,0,0,0,0,0,0,0,0,0,0,0,0,0,0,0,0,0,0,0,0,0,0,0,0,0,50112,126514,181897,224084,259054,288766,314506,338348,358895,379127,396229,412625,426946,441405,453604,466657,477042,487962,498133,505317,516301,522784,530712,538422,543716,549086,555937,560576,566254,570876,574963,578517,580190,585714,589586,590786,592400,594566,597521,598618,599049,601599,602672,601977,603546,602690,603929,602661,602836,602763,604234,
0,0,0,0,0,0,0,0,0,0,0,0,0,0,0,0,0,0,0,0,0,0,0,0,0,0,0,0,0,0,0,0,0,0,0,0,0,0,0,0,0,0,0,0,0,0,0,0,0,0,0,0,0,0,0,0,0,0,0,0,0,0,0,0,0,0,0,0,0,0,0,0,0,0,0,0,0,0,0,0,0,0,0,0,0,0,0,0,0,0,0,0,0,0,0,0,0,0,0,0,0,0,0,0,0,0,0,0,0,0,0,0,0,0,0,0,0,0,0,0,0,0,0,0,0,0,0,0,0,0,0,0,0,0,0,0,0,0,0,0,0,0,0,0,0,0,0,0,0,50453,127077,182487,225542,261188,290696,317132,340778,362082,381063,397464,413080,429973,443618,457159,470258,481175,490987,501030,511018,518099,526238,534514,541039,547375,553378,558912,565599,569579,575421,576856,581134,585601,586985,591078,594310,597310,597783,600450,601661,603335,604315,604653,605501,604908,607758,606903,605992,607067,606585,607116,
0,0,0,0,0,0,0,0,0,0,0,0,0,0,0,0,0,0,0,0,0,0,0,0,0,0,0,0,0,0,0,0,0,0,0,0,0,0,0,0,0,0,0,0,0,0,0,0,0,0,0,0,0,0,0,0,0,0,0,0,0,0,0,0,0,0,0,0,0,0,0,0,0,0,0,0,0,0,0,0,0,0,0,0,0,0,0,0,0,0,0,0,0,0,0,0,0,0,0,0,0,0,0,0,0,0,0,0,0,0,0,0,0,0,0,0,0,0,0,0,0,0,0,0,0,0,0,0,0,0,0,0,0,0,0,0,0,0,0,0,0,0,0,0,0,0,0,0,0,51061,127953,182808,226666,261356,292617,318878,342121,363481,383022,400818,417527,433175,446630,459297,472124,483764,493568,502783,511518,520720,530717,538404,544794,551099,557332,561681,567389,572617,577662,582416,586373,588242,592596,595104,596647,599772,602697,604485,605879,607249,609519,610775,611574,609988,610663,610987,608823,611144,610947,609728,
0,0,0,0,0,0,0,0,0,0,0,0,0,0,0,0,0,0,0,0,0,0,0,0,0,0,0,0,0,0,0,0,0,0,0,0,0,0,0,0,0,0,0,0,0,0,0,0,0,0,0,0,0,0,0,0,0,0,0,0,0,0,0,0,0,0,0,0,0,0,0,0,0,0,0,0,0,0,0,0,0,0,0,0,0,0,0,0,0,0,0,0,0,0,0,0,0,0,0,0,0,0,0,0,0,0,0,0,0,0,0,0,0,0,0,0,0,0,0,0,0,0,0,0,0,0,0,0,0,0,0,0,0,0,0,0,0,0,0,0,0,0,0,0,0,0,0,0,0,50672,128407,184409,227573,263545,294039,319822,343870,366187,385740,402420,419377,434180,448581,461350,474488,485135,495802,506413,514985,523653,532783,540245,546671,552997,559743,566555,571661,575442,579642,584996,589217,591444,595349,598034,599510,602473,603748,607689,608501,610457,611480,612015,611878,614347,614288,612772,614435,613957,614291,612677,
0,0,0,0,0,0,0,0,0,0,0,0,0,0,0,0,0,0,0,0,0,0,0,0,0,0,0,0,0,0,0,0,0,0,0,0,0,0,0,0,0,0,0,0,0,0,0,0,0,0,0,0,0,0,0,0,0,0,0,0,0,0,0,0,0,0,0,0,0,0,0,0,0,0,0,0,0,0,0,0,0,0,0,0,0,0,0,0,0,0,0,0,0,0,0,0,0,0,0,0,0,0,0,0,0,0,0,0,0,0,0,0,0,0,0,0,0,0,0,0,0,0,0,0,0,0,0,0,0,0,0,0,0,0,0,0,0,0,0,0,0,0,0,0,0,0,0,0,0,51635,128960,185229,228779,264131,293636,321083,346169,366081,385909,404621,420706,435018,449191,464041,476221,487268,498548,507761,517667,526088,535157,541118,548465,554732,560974,567908,573451,577365,583016,585815,590426,594549,598360,600211,603502,604137,607134,610342,610242,613131,614474,614249,615309,614834,615880,614993,617153,616097,615732,614970,
0,0,0,0,0,0,0,0,0,0,0,0,0,0,0,0,0,0,0,0,0,0,0,0,0,0,0,0,0,0,0,0,0,0,0,0,0,0,0,0,0,0,0,0,0,0,0,0,0,0,0,0,0,0,0,0,0,0,0,0,0,0,0,0,0,0,0,0,0,0,0,0,0,0,0,0,0,0,0,0,0,0,0,0,0,0,0,0,0,0,0,0,0,0,0,0,0,0,0,0,0,0,0,0,0,0,0,0,0,0,0,0,0,0,0,0,0,0,0,0,0,0,0,0,0,0,0,0,0,0,0,0,0,0,0,0,0,0,0,0,0,0,0,0,0,0,0,0,0,51129,130267,184803,230118,263690,296251,322687,345181,366805,387702,405361,421948,436782,450792,465559,476252,487573,498946,510133,518823,527329,536094,542617,549125,557278,562712,568717,573909,576441,581966,586789,591930,595861,598075,600010,604457,607128,608399,610350,612348,613458,614067,614875,616770,616888,616758,617142,617563,616071,616422,614773,
0,0,0,0,0,0,0,0,0,0,0,0,0,0,0,0,0,0,0,0,0,0,0,0,0,0,0,0,0,0,0,0,0,0,0,0,0,0,0,0,0,0,0,0,0,0,0,0,0,0,0,0,0,0,0,0,0,0,0,0,0,0,0,0,0,0,0,0,0,0,0,0,0,0,0,0,0,0,0,0,0,0,0,0,0,0,0,0,0,0,0,0,0,0,0,0,0,0,0,0,0,0,0,0,0,0,0,0,0,0,0,0,0,0,0,0,0,0,0,0,0,0,0,0,0,0,0,0,0,0,0,0,0,0,0,0,0,0,0,0,0,0,0,0,0,0,0,0,0,51355,129560,185459,228788,264815,296803,321958,347108,368255,387133,404802,422869,436005,450484,464447,476574,488706,498642,509771,519509,527483,533896,543394,549351,555903,562076,569607,574237,579830,583847,587459,592152,596474,598706,603162,604428,607512,608995,608934,612694,614878,614757,615411,616277,617326,618219,617922,617500,617897,616358,615739,
0,0,0,0,0,0,0,0,0,0,0,0,0,0,0,0,0,0,0,0,0,0,0,0,0,0,0,0,0,0,0,0,0,0,0,0,0,0,0,0,0,0,0,0,0,0,0,0,0,0,0,0,0,0,0,0,0,0,0,0,0,0,0,0,0,0,0,0,0,0,0,0,0,0,0,0,0,0,0,0,0,0,0,0,0,0,0,0,0,0,0,0,0,0,0,0,0,0,0,0,0,0,0,0,0,0,0,0,0,0,0,0,0,0,0,0,0,0,0,0,0,0,0,0,0,0,0,0,0,0,0,0,0,0,0,0,0,0,0,0,0,0,0,0,0,0,0,0,0,51852,129728,186330,229828,265510,296757,322230,346494,367513,387673,403814,421422,436194,452414,464343,477839,490252,498683,509179,519128,528771,536780,543797,551291,557845,563273,569313,575879,580285,584517,588815,592842,595510,599466,602464,605163,606374,609261,610232,610672,614185,617093,615875,616915,617837,617294,618324,617049,616093,618034,616942,
0,0,0,0,0,0,0,0,0,0,0,0,0,0,0,0,0,0,0,0,0,0,0,0,0,0,0,0,0,0,0,0,0,0,0,0,0,0,0,0,0,0,0,0,0,0,0,0,0,0,0,0,0,0,0,0,0,0,0,0,0,0,0,0,0,0,0,0,0,0,0,0,0,0,0,0,0,0,0,0,0,0,0,0,0,0,0,0,0,0,0,0,0,0,0,0,0,0,0,0,0,0,0,0,0,0,0,0,0,0,0,0,0,0,0,0,0,0,0,0,0,0,0,0,0,0,0,0,0,0,0,0,0,0,0,0,0,0,0,0,0,0,0,0,0,0,0,0,0,51445,129740,184979,229964,265075,295332,322116,346474,367609,388070,405173,421933,436081,450383,464757,477933,488270,499442,509152,519108,529284,535809,542700,549041,555478,562715,569080,573699,581044,582734,589649,592342,595532,599870,602213,604811,606558,608998,610971,612383,613026,615009,615721,615264,616006,615887,617509,618553,616650,616666,616931,
0,0,0,0,0,0,0,0,0,0,0,0,0,0,0,0,0,0,0,0,0,0,0,0,0,0,0,0,0,0,0,0,0,0,0,0,0,0,0,0,0,0,0,0,0,0,0,0,0,0,0,0,0,0,0,0,0,0,0,0,0,0,0,0,0,0,0,0,0,0,0,0,0,0,0,0,0,0,0,0,0,0,0,0,0,0,0,0,0,0,0,0,0,0,0,0,0,0,0,0,0,0,0,0,0,0,0,0,0,0,0,0,0,0,0,0,0,0,0,0,0,0,0,0,0,0,0,0,0,0,0,0,0,0,0,0,0,0,0,0,0,0,0,0,0,0,0,0,0,51177,129437,185365,228273,264812,294467,321227,344636,367179,385295,404679,421388,435276,449729,463318,475469,486702,497203,506092,517189,526513,533999,542351,550637,555915,561564,568530,573071,577949,583286,587127,591208,595401,596414,601685,604011,606055,607820,610290,610785,611657,613353,613911,615412,616722,616099,616301,617026,615902,613650,613910,
0,0,0,0,0,0,0,0,0,0,0,0,0,0,0,0,0,0,0,0,0,0,0,0,0,0,0,0,0,0,0,0,0,0,0,0,0,0,0,0,0,0,0,0,0,0,0,0,0,0,0,0,0,0,0,0,0,0,0,0,0,0,0,0,0,0,0,0,0,0,0,0,0,0,0,0,0,0,0,0,0,0,0,0,0,0,0,0,0,0,0,0,0,0,0,0,0,0,0,0,0,0,0,0,0,0,0,0,0,0,0,0,0,0,0,0,0,0,0,0,0,0,0,0,0,0,0,0,0,0,0,0,0,0,0,0,0,0,0,0,0,0,0,0,0,0,0,0,0,50932,129250,184743,227726,263115,293557,319924,343097,366361,385600,403119,418672,435506,448268,461265,474081,484393,495725,505443,514297,523776,532395,540527,547736,554396,558917,565559,571552,574664,580357,584296,588339,592906,596229,597150,600868,603217,604203,606666,610648,610474,612710,612747,611816,613412,614918,614411,614872,614036,612796,612845,
0,0,0,0,0,0,0,0,0,0,0,0,0,0,0,0,0,0,0,0,0,0,0,0,0,0,0,0,0,0,0,0,0,0,0,0,0,0,0,0,0,0,0,0,0,0,0,0,0,0,0,0,0,0,0,0,0,0,0,0,0,0,0,0,0,0,0,0,0,0,0,0,0,0,0,0,0,0,0,0,0,0,0,0,0,0,0,0,0,0,0,0,0,0,0,0,0,0,0,0,0,0,0,0,0,0,0,0,0,0,0,0,0,0,0,0,0,0,0,0,0,0,0,0,0,0,0,0,0,0,0,0,0,0,0,0,0,0,0,0,0,0,0,0,0,0,0,0,0,50566,128191,182727,225811,261512,292881,317891,342768,363351,383775,401257,417675,432419,446650,459671,472724,483066,494246,503913,514488,521845,528950,537692,543642,550263,556921,563774,567455,573419,578805,581042,584478,589992,592806,595009,598356,600735,602895,603938,605217,606300,608571,608831,609856,611060,611123,611242,610237,610873,609369,610233,
0,0,0,0,0,0,0,0,0,0,0,0,0,0,0,0,0,0,0,0,0,0,0,0,0,0,0,0,0,0,0,0,0,0,0,0,0,0,0,0,0,0,0,0,0,0,0,0,0,0,0,0,0,0,0,0,0,0,0,0,0,0,0,0,0,0,0,0,0,0,0,0,0,0,0,0,0,0,0,0,0,0,0,0,0,0,0,0,0,0,0,0,0,0,0,0,0,0,0,0,0,0,0,0,0,0,0,0,0,0,0,0,0,0,0,0,0,0,0,0,0,0,0,0,0,0,0,0,0,0,0,0,0,0,0,0,0,0,0,0,0,0,0,0,0,0,0,0,0,50466,127999,182643,225405,259349,290037,316654,340172,361603,380864,399116,414483,430167,443623,457317,469212,480563,490118,500865,509013,517555,526845,534029,541611,547955,553797,559508,564855,569108,573783,578400,582274,584627,588058,592145,595129,597265,599238,599582,601345,602777,604229,605689,605727,606381,607191,607011,607139,606468,606579,604780,
0,0,0,0,0,0,0,0,0,0,0,0,0,0,0,0,0,0,0,0,0,0,0,0,0,0,0,0,0,0,0,0,0,0,0,0,0,0,0,0,0,0,0,0,0,0,0,0,0,0,0,0,0,0,0,0,0,0,0,0,0,0,0,0,0,0,0,0,0,0,0,0,0,0,0,0,0,0,0,0,0,0,0,0,0,0,0,0,0,0,0,0,0,0,0,0,0,0,0,0,0,0,0,0,0,0,0,0,0,0,0,0,0,0,0,0,0,0,0,0,0,0,0,0,0,0,0,0,0,0,0,0,0,0,0,0,0,0,0,0,0,0,0,0,0,0,0,0,0,50373,126652,181452,224088,258181,288716,313884,337249,358564,377579,396795,411312,426731,440997,452648,466290,477213,486398,497395,505900,514375,523611,530083,537422,543612,550384,555688,560818,565501,569932,573635,577609,582025,586072,587070,589690,593095,594321,595757,597045,600014,599054,601938,601679,601781,602669,603292,603603,603480,602676,603505,
0,0,0,0,0,0,0,0,0,0,0,0,0,0,0,0,0,0,0,0,0,0,0,0,0,0,0,0,0,0,0,0,0,0,0,0,0,0,0,0,0,0,0,0,0,0,0,0,0,0,0,0,0,0,0,0,0,0,0,0,0,0,0,0,0,0,0,0,0,0,0,0,0,0,0,0,0,0,0,0,0,0,0,0,0,0,0,0,0,0,0,0,0,0,0,0,0,0,0,0,0,0,0,0,0,0,0,0,0,0,0,0,0,0,0,0,0,0,0,0,0,0,0,0,0,0,0,0,0,0,0,0,0,0,0,0,0,0,0,0,0,0,0,0,0,0,0,0,0,49510,125102,179292,222351,256636,286246,312491,334648,355251,376439,392360,408806,424358,437935,450028,461835,470521,483953,492692,502346,510925,520314,524666,532864,539197,546280,551391,557243,561371,564505,569765,574119,577351,580911,583903,585750,588196,590430,590320,592983,594601,594007,597426,598087,598004,598213,598163,598701,597800,597470,597773,
0,0,0,0,0,0,0,0,0,0,0,0,0,0,0,0,0,0,0,0,0,0,0,0,0,0,0,0,0,0,0,0,0,0,0,0,0,0,0,0,0,0,0,0,0,0,0,0,0,0,0,0,0,0,0,0,0,0,0,0,0,0,0,0,0,0,0,0,0,0,0,0,0,0,0,0,0,0,0,0,0,0,0,0,0,0,0,0,0,0,0,0,0,0,0,0,0,0,0,0,0,0,0,0,0,0,0,0,0,0,0,0,0,0,0,0,0,0,0,0,0,0,0,0,0,0,0,0,0,0,0,0,0,0,0,0,0,0,0,0,0,0,0,0,0,0,0,0,0,48989,124413,178447,219702,254490,284050,308799,331620,353328,371283,388275,404002,419909,433325,446200,457591,468603,478271,489551,496415,506618,512885,519454,526801,534186,540571,544666,551426,557120,561021,563974,567384,570972,574105,577103,581779,582275,585196,585473,586453,589345,588448,590862,591817,592060,593305,591870,592859,592765,592023,592021,
0,0,0,0,0,0,0,0,0,0,0,0,0,0,0,0,0,0,0,0,0,0,0,0,0,0,0,0,0,0,0,0,0,0,0,0,0,0,0,0,0,0,0,0,0,0,0,0,0,0,0,0,0,0,0,0,0,0,0,0,0,0,0,0,0,0,0,0,0,0,0,0,0,0,0,0,0,0,0,0,0,0,0,0,0,0,0,0,0,0,0,0,0,0,0,0,0,0,0,0,0,0,0,0,0,0,0,0,0,0,0,0,0,0,0,0,0,0,0,0,0,0,0,0,0,0,0,0,0,0,0,0,0,0,0,0,0,0,0,0,0,0,0,0,0,0,0,0,0,48694,122340,176273,217459,251547,280490,305740,328820,349617,367887,385504,400047,415209,428694,440178,452397,463644,473787,484256,493294,501069,508307,517462,522869,528953,535115,540893,546468,549794,555297,558972,562260,566437,566750,571589,575000,576198,578717,580195,581222,582792,583241,584322,585010,586846,586413,585558,586241,586193,585195,583992,
0,0,0,0,0,0,0,0,0,0,0,0,0,0,0,0,0,0,0,0,0,0,0,0,0,0,0,0,0,0,0,0,0,0,0,0,0,0,0,0,0,0,0,0,0,0,0,0,0,0,0,0,0,0,0,0,0,0,0,0,0,0,0,0,0,0,0,0,0,0,0,0,0,0,0,0,0,0,0,0,0,0,0,0,0,0,0,0,0,0,0,0,0,0,0,0,0,0,0,0,0,0,0,0,0,0,0,0,0,0,0,0,0,0,0,0,0,0,0,0,0,0,0,0,0,0,0,0,0,0,0,0,0,0,0,0,0,0,0,0,0,0,0,0,0,0,0,0,0,48534,121443,173772,214409,248777,276837,301412,324160,344311,362294,379433,395492,409416,422905,435639,447916,458306,466579,478059,486309,494463,501606,508617,515779,522129,527871,532616,538039,541994,546070,551215,554647,558361,561672,563625,566321,568337,570324,572183,574002,576591,576777,576203,577624,577873,578211,577684,579995,578412,578532,578101,
0,0,0,0,0,0,0,0,0,0,0,0,0,0,0,0,0,0,0,0,0,0,0,0,0,0,0,0,0,0,0,0,0,0,0,0,0,0,0,0,0,0,0,0,0,0,0,0,0,0,0,0,0,0,0,0,0,0,0,0,0,0,0,0,0,0,0,0,0,0,0,0,0,0,0,0,0,0,0,0,0,0,0,0,0,0,0,0,0,0,0,0,0,0,0,0,0,0,0,0,0,0,0,0,0,0,0,0,0,0,0,0,0,0,0,0,0,0,0,0,0,0,0,0,0,0,0,0,0,0,0,0,0,0,0,0,0,0,0,0,0,0,0,0,0,0,0,0,0,47312,120108,172405,211914,244854,273682,297202,320733,339369,358497,374122,389959,405052,417827,429035,441837,450765,461995,471548,479132,486765,495104,502574,509156,514793,520293,526044,530895,535516,538755,543954,548402,549928,554424,556355,558712,561829,562589,564523,565398,566683,569574,569137,570635,570195,570884,571778,569718,569726,570415,569322,
0,0,0,0,0,0,0,0,0,0,0,0,0,0,0,0,0,0,0,0,0,0,0,0,0,0,0,0,0,0,0,0,0,0,0,0,0,0,0,0,0,0,0,0,0,0,0,0,0,0,0,0,0,0,0,0,0,0,0,0,0,0,0,0,0,0,0,0,0,0,0,0,0,0,0,0,0,0,0,0,0,0,0,0,0,0,0,0,0,0,0,0,0,0,0,0,0,0,0,0,0,0,0,0,0,0,0,0,0,0,0,0,0,0,0,0,0,0,0,0,0,0,0,0,0,0,0,0,0,0,0,0,0,0,0,0,0,0,0,0,0,0,0,0,0,0,0,0,0,46572,118424,168709,208035,241478,270033,293372,314700,334233,352620,368573,384587,398397,411372,422698,434196,444746,454447,463541,472000,479060,486803,493319,500255,507037,511846,517698,523416,527225,530361,534862,538758,541658,543970,546532,549920,552310,555052,556193,556569,557976,560668,560982,560883,562375,561753,562637,562244,561897,560540,560119,
0,0,0,0,0,0,0,0,0,0,0,0,0,0,0,0,0,0,0,0,0,0,0,0,0,0,0,0,0,0,0,0,0,0,0,0,0,0,0,0,0,0,0,0,0,0,0,0,0,0,0,0,0,0,0,0,0,0,0,0,0,0,0,0,0,0,0,0,0,0,0,0,0,0,0,0,0,0,0,0,0,0,0,0,0,0,0,0,0,0,0,0,0,0,0,0,0,0,0,0,0,0,0,0,0,0,0,0,0,0,0,0,0,0,0,0,0,0,0,0,0,0,0,0,0,0,0,0,0,0,0,0,0,0,0,0,0,0,0,0,0,0,0,0,0,0,0,0,0,46048,115982,165558,205193,236509,262876,287893,309411,327096,345944,362411,376636,389684,402669,414280,426641,435949,447207,454650,464333,471420,478630,486208,492038,498294,504649,508424,512899,518330,521228,525561,529556,531961,535951,538358,539418,541363,543835,545638,546174,547659,549461,550446,550618,552168,552444,552628,552254,552710,550703,550977,
0,0,0,0,0,0,0,0,0,0,0,0,0,0,0,0,0,0,0,0,0,0,0,0,0,0,0,0,0,0,0,0,0,0,0,0,0,0,0,0,0,0,0,0,0,0,0,0,0,0,0,0,0,0,0,0,0,0,0,0,0,0,0,0,0,0,0,0,0,0,0,0,0,0,0,0,0,0,0,0,0,0,0,0,0,0,0,0,0,0,0,0,0,0,0,0,0,0,0,0,0,0,0,0,0,0,0,0,0,0,0,0,0,0,0,0,0,0,0,0,0,0,0,0,0,0,0,0,0,0,0,0,0,0,0,0,0,0,0,0,0,0,0,0,0,0,0,0,0,44461,113591,162345,200754,231956,258449,281881,303965,322518,338532,355260,369386,384060,395431,407146,418103,427723,437555,446508,454113,461134,471216,476710,482701,487402,492630,498145,503417,506990,511282,515159,518491,522201,525155,527329,529318,531929,534659,535692,535963,538758,538058,539430,540153,541461,539927,540687,541413,539811,540637,540113,
0,0,0,0,0,0,0,0,0,0,0,0,0,0,0,0,0,0,0,0,0,0,0,0,0,0,0,0,0,0,0,0,0,0,0,0,0,0,0,0,0,0,0,0,0,0,0,0,0,0,0,0,0,0,0,0,0,0,0,0,0,0,0,0,0,0,0,0,0,0,0,0,0,0,0,0,0,0,0,0,0,0,0,0,0,0,0,0,0,0,0,0,0,0,0,0,0,0,0,0,0,0,0,0,0,0,0,0,0,0,0,0,0,0,0,0,0,0,0,0,0,0,0,0,0,0,0,0,0,0,0,0,0,0,0,0,0,0,0,0,0,0,0,0,0,0,0,0,0,44217,110743,159223,196576,227035,253646,276830,297088,315125,332851,346798,361733,375050,387653,397921,407659,418699,428073,435890,444833,450985,458626,463980,473418,477725,482074,487287,492536,496623,501350,503316,507560,509611,512643,516093,519202,520334,522114,524395,524665,525508,525462,528533,529829,528835,529048,529558,529627,528245,529137,529152,
0,0,0,0,0,0,0,0,0,0,0,0,0,0,0,0,0,0,0,0,0,0,0,0,0,0,0,0,0,0,0,0,0,0,0,0,0,0,0,0,0,0,0,0,0,0,0,0,0,0,0,0,0,0,0,0,0,0,0,0,0,0,0,0,0,0,0,0,0,0,0,0,0,0,0,0,0,0,0,0,0,0,0,0,0,0,0,0,0,0,0,0,0,0,0,0,0,0,0,0,0,0,0,0,0,0,0,0,0,0,0,0,0,0,0,0,0,0,0,0,0,0,0,0,0,0,0,0,0,0,0,0,0,0,0,0,0,0,0,0,0,0,0,0,0,0,0,0,0,43126,108502,155509,191224,221263,246996,268405,289565,308016,323487,339030,351769,365050,378249,388182,398034,406776,415742,425631,433559,441184,447134,454636,459579,465115,472157,475109,481266,483581,488247,492122,494769,499006,499764,502715,505842,507000,509752,510355,513374,512879,512903,515202,515754,514334,516024,516131,516058,515250,515724,515346,
0,0,0,0,0,0,0,0,0,0,0,0,0,0,0,0,0,0,0,0,0,0,0,0,0,0,0,0,0,0,0,0,0,0,0,0,0,0,0,0,0,0,0,0,0,0,0,0,0,0,0,0,0,0,0,0,0,0,0,0,0,0,0,0,0,0,0,0,0,0,0,0,0,0,0,0,0,0,0,0,0,0,0,0,0,0,0,0,0,0,0,0,0,0,0,0,0,0,0,0,0,0,0,0,0,0,0,0,0,0,0,0,0,0,0,0,0,0,0,0,0,0,0,0,0,0,0,0,0,0,0,0,0,0,0,0,0,0,0,0,0,0,0,0,0,0,0,0,0,41274,105531,151046,186365,214994,239262,262666,281630,297856,313726,330005,342258,355557,365660,377468,386841,396984,406433,414026,420641,427722,436084,441928,446071,453034,457725,463522,466462,471131,474187,477238,481390,484300,486869,489244,491174,493264,495000,494398,498690,499531,498737,500999,501452,502108,502428,500797,501783,503128,500217,500720,
0,0,0,0,0,0,0,0,0,0,0,0,0,0,0,0,0,0,0,0,0,0,0,0,0,0,0,0,0,0,0,0,0,0,0,0,0,0,0,0,0,0,0,0,0,0,0,0,0,0,0,0,0,0,0,0,0,0,0,0,0,0,0,0,0,0,0,0,0,0,0,0,0,0,0,0,0,0,0,0,0,0,0,0,0,0,0,0,0,0,0,0,0,0,0,0,0,0,0,0,0,0,0,0,0,0,0,0,0,0,0,0,0,0,0,0,0,0,0,0,0,0,0,0,0,0,0,0,0,0,0,0,0,0,0,0,0,0,0,0,0,0,0,0,0,0,0,0,0,40467,101970,146326,179726,208707,231844,253993,273534,289255,305806,318792,331931,344316,354968,365909,376072,385039,393364,401072,408553,415273,421396,428140,433279,438622,444128,447659,451514,456318,461221,462893,466976,469654,472183,475040,475669,478584,480500,481086,483606,484283,484613,485954,486938,485561,486712,487163,486525,485382,485679,485524,
0,0,0,0,0,0,0,0,0,0,0,0,0,0,0,0,0,0,0,0,0,0,0,0,0,0,0,0,0,0,0,0,0,0,0,0,0,0,0,0,0,0,0,0,0,0,0,0,0,0,0,0,0,0,0,0,0,0,0,0,0,0,0,0,0,0,0,0,0,0,0,0,0,0,0,0,0,0,0,0,0,0,0,0,0,0,0,0,0,0,0,0,0,0,0,0,0,0,0,0,0,0,0,0,0,0,0,0,0,0,0,0,0,0,0,0,0,0,0,0,0,0,0,0,0,0,0,0,0,0,0,0,0,0,0,0,0,0,0,0,0,0,0,0,0,0,0,0,0,38603,98602,141573,174587,201778,224448,245803,263595,279580,294303,307833,320515,333162,343267,352961,363104,372746,380379,387132,393654,400746,406835,413439,418936,422803,428727,432574,436659,440994,443571,446528,449324,453421,455882,457729,460679,461292,464506,464576,465132,467595,467992,467881,468794,468948,469906,469029,470023,468951,468871,469290,
0,0,0,0,0,0,0,0,0,0,0,0,0,0,0,0,0,0,0,0,0,0,0,0,0,0,0,0,0,0,0,0,0,0,0,0,0,0,0,0,0,0,0,0,0,0,0,0,0,0,0,0,0,0,0,0,0,0,0,0,0,0,0,0,0,0,0,0,0,0,0,0,0,0,0,0,0,0,0,0,0,0,0,0,0,0,0,0,0,0,0,0,0,0,0,0,0,0,0,0,0,0,0,0,0,0,0,0,0,0,0,0,0,0,0,0,0,0,0,0,0,0,0,0,0,0,0,0,0,0,0,0,0,0,0,0,0,0,0,0,0,0,0,0,0,0,0,0,0,37685,94627,135264,167428,193606,215660,235239,252830,268857,283231,295597,309034,319440,329646,339112,348874,356365,364886,372699,379372,385220,391240,397037,401474,407456,412224,415342,419475,424755,425816,430291,433663,435758,438832,439503,441229,443119,443994,447125,446696,449463,449752,450493,451255,450911,451111,450437,451134,452153,450586,450135,
0,0,0,0,0,0,0,0,0,0,0,0,0,0,0,0,0,0,0,0,0,0,0,0,0,0,0,0,0,0,0,0,0,0,0,0,0,0,0,0,0,0,0,0,0,0,0,0,0,0,0,0,0,0,0,0,0,0,0,0,0,0,0,0,0,0,0,0,0,0,0,0,0,0,0,0,0,0,0,0,0,0,0,0,0,0,0,0,0,0,0,0,0,0,0,0,0,0,0,0,0,0,0,0,0,0,0,0,0,0,0,0,0,0,0,0,0,0,0,0,0,0,0,0,0,0,0,0,0,0,0,0,0,0,0,0,0,0,0,0,0,0,0,0,0,0,0,0,0,35628,90282,129740,159212,184622,205511,224807,241728,255962,271009,282556,293434,304757,315781,323532,332081,340116,348383,355584,361338,368239,374788,378410,383169,388300,392055,398003,400699,405500,407032,410513,413210,415969,419148,419336,422231,423426,424009,426677,426421,428588,429258,429994,431402,429193,430499,430025,430642,429534,429128,429869,
0,0,0,0,0,0,0,0,0,0,0,0,0,0,0,0,0,0,0,0,0,0,0,0,0,0,0,0,0,0,0,0,0,0,0,0,0,0,0,0,0,0,0,0,0,0,0,0,0,0,0,0,0,0,0,0,0,0,0,0,0,0,0,0,0,0,0,0,0,0,0,0,0,0,0,0,0,0,0,0,0,0,0,0,0,0,0,0,0,0,0,0,0,0,0,0,0,0,0,0,0,0,0,0,0,0,0,0,0,0,0,0,0,0,0,0,0,0,0,0,0,0,0,0,0,0,0,0,0,0,0,0,0,0,0,0,0,0,0,0,0,0,0,0,0,0,0,0,0,34090,85745,123078,151823,175109,196168,213204,228463,242961,256489,267936,278343,288031,298389,307194,315531,323890,330646,337567,343385,348583,354129,359376,364681,369330,372591,377658,379496,382738,387561,389487,391545,393873,396800,398630,400131,401626,403071,404334,405267,406289,407278,407061,408245,407109,407980,408674,407563,407211,407041,407297,
0,0,0,0,0,0,0,0,0,0,0,0,0,0,0,0,0,0,0,0,0,0,0,0,0,0,0,0,0,0,0,0,0,0,0,0,0,0,0,0,0,0,0,0,0,0,0,0,0,0,0,0,0,0,0,0,0,0,0,0,0,0,0,0,0,0,0,0,0,0,0,0,0,0,0,0,0,0,0,0,0,0,0,0,0,0,0,0,0,0,0,0,0,0,0,0,0,0,0,0,0,0,0,0,0,0,0,0,0,0,0,0,0,0,0,0,0,0,0,0,0,0,0,0,0,0,0,0,0,0,0,0,0,0,0,0,0,0,0,0,0,0,0,0,0,0,0,0,0,31877,80068,115925,142600,164034,183549,201339,214690,228659,241123,251637,262612,272425,279937,288224,295989,303251,310991,316648,323504,326935,334333,337667,342027,346029,350667,353303,357295,359747,362544,366526,368497,371425,372600,374782,376549,377152,378739,379635,380862,382072,383078,382098,383142,383968,384256,383857,383847,384153,382649,382527,
0,0,0,0,0,0,0,0,0,0,0,0,0,0,0,0,0,0,0,0,0,0,0,0,0,0,0,0,0,0,0,0,0,0,0,0,0,0,0,0,0,0,0,0,0,0,0,0,0,0,0,0,0,0,0,0,0,0,0,0,0,0,0,0,0,0,0,0,0,0,0,0,0,0,0,0,0,0,0,0,0,0,0,0,0,0,0,0,0,0,0,0,0,0,0,0,0,0,0,0,0,0,0,0,0,0,0,0,0,0,0,0,0,0,0,0,0,0,0,0,0,0,0,0,0,0,0,0,0,0,0,0,0,0,0,0,0,0,0,0,0,0,0,0,0,0,0,0,0,29537,75057,107151,132164,153311,170342,186194,199186,212294,223678,234112,243232,252328,260753,268219,274837,282876,287643,293771,300363,304754,309290,313871,317994,321347,325392,327520,330958,333489,336506,339461,342001,344202,344412,346742,348722,349797,350622,352390,353675,353848,353885,356469,354501,355663,356495,355663,355332,355099,354545,354858,
0,0,0,0,0,0,0,0,0,0,0,0,0,0,0,0,0,0,0,0,0,0,0,0,0,0,0,0,0,0,0,0,0,0,0,0,0,0,0,0,0,0,0,0,0,0,0,0,0,0,0,0,0,0,0,0,0,0,0,0,0,0,0,0,0,0,0,0,0,0,0,0,0,0,0,0,0,0,0,0,0,0,0,0,0,0,0,0,0,0,0,0,0,0,0,0,0,0,0,0,0,0,0,0,0,0,0,0,0,0,0,0,0,0,0,0,0,0,0,0,0,0,0,0,0,0,0,0,0,0,0,0,0,0,0,0,0,0,0,0,0,0,0,0,0,0,0,0,0,27155,68311,97758,120605,139235,155281,170628,182489,193808,203956,214077,221923,230081,238017,244466,252731,257167,263065,268822,274222,278386,282358,286508,289623,294280,297461,299096,303125,305142,307387,310171,312172,313293,316008,316288,318102,319419,320326,321196,322273,322283,323662,324339,324351,324923,324622,324064,324575,323735,322936,323298,
0,0,0,0,0,0,0,0,0,0,0,0,0,0,0,0,0,0,0,0,0,0,0,0,0,0,0,0,0,0,0,0,0,0,0,0,0,0,0,0,0,0,0,0,0,0,0,0,0,0,0,0,0,0,0,0,0,0,0,0,0,0,0,0,0,0,0,0,0,0,0,0,0,0,0,0,0,0,0,0,0,0,0,0,0,0,0,0,0,0,0,0,0,0,0,0,0,0,0,0,0,0,0,0,0,0,0,0,0,0,0,0,0,0,0,0,0,0,0,0,0,0,0,0,0,0,0,0,0,0,0,0,0,0,0,0,0,0,0,0,0,0,0,0,0,0,0,0,0,24242,60371,87208,107380,123985,138162,150890,162687,171876,181642,189608,196684,204564,211765,218108,224131,229392,234336,239085,242885,247299,250743,254415,258827,261650,263250,267130,269704,271416,273820,275529,277155,278728,280719,281866,283381,283941,284479,285664,286392,287192,286479,287776,287662,287327,287229,288517,287959,287617,287285,286951,
0,0,0,0,0,0,0,0,0,0,0,0,0,0,0,0,0,0,0,0,0,0,0,0,0,0,0,0,0,0,0,0,0,0,0,0,0,0,0,0,0,0,0,0,0,0,0,0,0,0,0,0,0,0,0,0,0,0,0,0,0,0,0,0,0,0,0,0,0,0,0,0,0,0,0,0,0,0,0,0,0,0,0,0,0,0,0,0,0,0,0,0,0,0,0,0,0,0,0,0,0,0,0,0,0,0,0,0,0,0,0,0,0,0,0,0,0,0,0,0,0,0,0,0,0,0,0,0,0,0,0,0,0,0,0,0,0,0,0,0,0,0,0,0,0,0,0,0,0,20521,51880,74401,91067,104791,117931,128398,138017,146426,154775,162426,168380,175098,180104,185768,190887,195915,200172,203905,207225,210985,214250,217102,219781,221700,225556,227808,228382,231663,232899,235079,235781,236065,238433,239619,240620,241727,241463,242922,242970,243192,244267,243997,243243,243260,244404,244114,243007,243640,242097,242647,
0,0,0,0,0,0,0,0,0,0,0,0,0,0,0,0,0,0,0,0,0,0,0,0,0,0,0,0,0,0,0,0,0,0,0,0,0,0,0,0,0,0,0,0,0,0,0,0,0,0,0,0,0,0,0,0,0,0,0,0,0,0,0,0,0,0,0,0,0,0,0,0,0,0,0,0,0,0,0,0,0,0,0,0,0,0,0,0,0,0,0,0,0,0,0,0,0,0,0,0,0,0,0,0,0,0,0,0,0,0,0,0,0,0,0,0,0,0,0,0,0,0,0,0,0,0,0,0,0,0,0,0,0,0,0,0,0,0,0,0,0,0,0,0,0,0,0,0,0,15923,40172,57798,71142,82603,91856,100714,107672,114384,120550,125961,131910,136393,141036,144856,148677,152203,155479,159284,161621,164221,166458,168804,171419,172632,175344,176879,177776,179507,180858,181718,182350,182730,184323,185612,185880,185971,186752,186968,187813,186613,187927,187964,187788,187581,188299,188172,188643,187397,187130,186343,
0,0,0,0,0,0,0,0,0,0,0,0,0,0,0,0,0,0,0,0,0,0,0,0,0,0,0,0,0,0,0,0,0,0,0,0,0,0,0,0,0,0,0,0,0,0,0,0,0,0,0,0,0,0,0,0,0,0,0,0,0,0,0,0,0,0,0,0,0,0,0,0,0,0,0,0,0,0,0,0,0,0,0,0,0,0,0,0,0,0,0,0,0,0,0,0,0,0,0,0,0,0,0,0,0,0,0,0,0,0,0,0,0,0,0,0,0,0,0,0,0,0,0,0,0,0,0,0,0,0,0,0,0,0,0,0,0,0,0,0,0,0,0,0,0,0,0,0,0,8788,22332,32078,39703,45758,50869,56515,59891,63633,67064,70024,73036,75887,78087,80002,82278,84435,86155,87936,89476,91082,93065,93875,94968,96489,97751,98496,99320,100722,101896,102255,103150,104302,104754,106211,106909,107304,108105,108409,109537,110729,110826,112144,112723,113561,113622,114134,114884,115725,115402,116100,
0,0,0,0,0,0,0,0,0,0,0,0,0,0,0,0,0,0,0,0,0,0,0,0,0,0,0,0,0,0,0,0,0,0,0,0,0,0,0,0,0,0,0,0,0,0,0,0,0,0,0,0,0,0,0,0,0,0,0,0,0,0,0,0,0,0,0,0,0,0,0,0,0,0,0,0,0,0,0,0,0,0,0,0,0,0,0,0,0,0,0,0,0,0,0,0,0,0,0,0,0,0,0,0,0,0,0,0,0,0,0,0,0,0,0,0,0,0,0,0,0,0,0,0,0,0,0,0,0,0,0,0,0,0,0,0,0,0,0,0,0,0,0,0,0,0,0,0,0,54,200,460,723,1110,1480,1847,2278,2841,3348,3899,4509,5175,5741,6461,7341,8246,9161,10050,11001,12154,13188,14430,15533,16858,17919,19476,20772,22053,23806,24883,26341,28045,28739,30720,32360,33413,34872,36244,38262,39487,40659,42169,43659,45008,46085,47782,48656,50442,51739,52478,
0,0,0,0,0,0,0,0,0,0,0,0,0,0,0,0,0,0,0,0,0,0,0,0,0,0,0,0,0,0,0,0,0,0,0,0,0,0,0,0,0,0,0,0,0,0,0,0,0,0,0,0,0,0,0,0,0,0,0,0,0,0,0,0,0,0,0,0,0,0,0,0,0,0,0,0,0,0,0,0,0,0,0,0,0,0,0,0,0,0,0,0,0,0,0,0,0,0,0,0,0,0,0,0,0,0,0,0,0,0,0,0,0,0,0,0,0,0,0,0,0,0,0,0,0,0,0,0,0,0,0,0,0,0,0,0,0,0,0,0,0,0,0,0,0,0,0,0,0,41,144,297,526,733,976,1245,1458,1819,1907,2316,2527,2722,2990,3395,3649,3994,4400,4540,5052,5277,5626,6143,6465,6924,7402,7847,8465,8985,9411,10172,10744,11531,11966,12724,13282,13998,15008,15643,16629,17599,18407,19322,20134,20928,21924,22819,23582,24769,25895,26971,
0,0,0,0,0,0,0,0,0,0,0,0,0,0,0,0,0,0,0,0,0,0,0,0,0,0,0,0,0,0,0,0,0,0,0,0,0,0,0,0,0,0,0,0,0,0,0,0,0,0,0,0,0,0,0,0,0,0,0,0,0,0,0,0,0,0,0,0,0,0,0,0,0,0,0,0,0,0,0,0,0,0,0,0,0,0,0,0,0,0,0,0,0,0,0,0,0,0,0,0,0,0,0,0,0,0,0,0,0,0,0,0,0,0,0,0,0,0,0,0,0,0,0,0,0,0,0,0,0,0,0,0,0,0,0,0,0,0,0,0,0,0,0,0,0,0,0,0,0,29,111,231,405,630,790,1050,1277,1368,1629,1851,2004,2396,2537,2783,3151,3279,3533,3943,4240,4430,4694,5133,5382,5748,6235,6375,6831,6944,7468,7942,8251,8772,9319,9758,10091,10647,10970,11523,11825,12550,12958,13603,14185,14704,15173,15974,16395,17219,17949,18511,
0,0,0,0,0,0,0,0,0,0,0,0,0,0,0,0,0,0,0,0,0,0,0,0,0,0,0,0,0,0,0,0,0,0,0,0,0,0,0,0,0,0,0,0,0,0,0,0,0,0,0,0,0,0,0,0,0,0,0,0,0,0,0,0,0,0,0,0,0,0,0,0,0,0,0,0,0,0,0,0,0,0,0,0,0,0,0,0,0,0,0,0,0,0,0,0,0,0,0,0,0,0,0,0,0,0,0,0,0,0,0,0,0,0,0,0,0,0,0,0,0,0,0,0,0,0,0,0,0,0,0,0,0,0,0,0,0,0,0,0,0,0,0,0,0,0,0,0,0,28,86,217,328,474,712,850,1059,1220,1369,1735,1859,2049,2271,2439,2825,2955,3177,3427,3784,3859,4132,4529,4791,4897,5421,5589,6059,6244,6594,6952,7497,7531,7991,8523,9007,9207,9669,9981,10464,10805,11368,11497,12255,12764,12880,13507,13858,14360,14781,15264,
0,0,0,0,0,0,0,0,0,0,0,0,0,0,0,0,0,0,0,0,0,0,0,0,0,0,0,0,0,0,0,0,0,0,0,0,0,0,0,0,0,0,0,0,0,0,0,0,0,0,0,0,0,0,0,0,0,0,0,0,0,0,0,0,0,0,0,0,0,0,0,0,0,0,0,0,0,0,0,0,0,0,0,0,0,0,0,0,0,0,0,0,0,0,0,0,0,0,0,0,0,0,0,0,0,0,0,0,0,0,0,0,0,0,0,0,0,0,0,0,0,0,0,0,0,0,0,0,0,0,0,0,0,0,0,0,0,0,0,0,0,0,0,0,0,0,0,0,0,25,66,165,287,436,573,701,919,1052,1272,1411,1700,1836,2051,2244,2527,2663,2874,3153,3322,3599,3754,4102,4289,4554,4671,5158,5390,5774,6027,6447,6578,7032,7437,7523,8017,8248,8601,8867,9348,9604,10156,10453,10904,11303,11726,12068,12397,12695,13225,13666,
0,0,0,0,0,0,0,0,0,0,0,0,0,0,0,0,0,0,0,0,0,0,0,0,0,0,0,0,0,0,0,0,0,0,0,0,0,0,0,0,0,0,0,0,0,0,0,0,0,0,0,0,0,0,0,0,0,0,0,0,0,0,0,0,0,0,0,0,0,0,0,0,0,0,0,0,0,0,0,0,0,0,0,0,0,0,0,0,0,0,0,0,0,0,0,0,0,0,0,0,0,0,0,0,0,0,0,0,0,0,0,0,0,0,0,0,0,0,0,0,0,0,0,0,0,0,0,0,0,0,0,0,0,0,0,0,0,0,0,0,0,0,0,0,0,0,0,0,0,17,59,151,238,370,489,655,852,915,1091,1340,1497,1679,1802,2028,2247,2427,2507,2722,3138,3306,3481,3617,3876,4130,4512,4660,4982,5208,5594,5788,6034,6468,6540,6917,7476,7626,7901,8228,8643,8840,9278,9621,9779,10280,10532,10875,11352,11592,11961,12267,
0,0,0,0,0,0,0,0,0,0,0,0,0,0,0,0,0,0,0,0,0,0,0,0,0,0,0,0,0,0,0,0,0,0,0,0,0,0,0,0,0,0,0,0,0,0,0,0,0,0,0,0,0,0,0,0,0,0,0,0,0,0,0,0,0,0,0,0,0,0,0,0,0,0,0,0,0,0,0,0,0,0,0,0,0,0,0,0,0,0,0,0,0,0,0,0,0,0,0,0,0,0,0,0,0,0,0,0,0,0,0,0,0,0,0,0,0,0,0,0,0,0,0,0,0,0,0,0,0,0,0,0,0,0,0,0,0,0,0,0,0,0,0,0,0,0,0,0,0,23,48,100,188,326,430,569,703,825,965,1153,1299,1441,1652,1831,1993,2219,2436,2603,2772,2979,3107,3320,3561,3848,3997,4335,4471,4768,5020,5359,5529,5881,6133,6445,6745,6900,7314,7707,7778,8059,8403,8851,9220,9503,9715,10097,10410,10737,11059,11119,
0,0,0,0,0,0,0,0,0,0,0,0,0,0,0,0,0,0,0,0,0,0,0,0,0,0,0,0,0,0,0,0,0,0,0,0,0,0,0,0,0,0,0,0,0,0,0,0,0,0,0,0,0,0,0,0,0,0,0,0,0,0,0,0,0,0,0,0,0,0,0,0,0,0,0,0,0,0,0,0,0,0,0,0,0,0,0,0,0,0,0,0,0,0,0,0,0,0,0,0,0,0,0,0,0,0,0,0,0,0,0,0,0,0,0,0,0,0,0,0,0,0,0,0,0,0,0,0,0,0,0,0,0,0,0,0,0,0,0,0,0,0,0,0,0,0,0,0,0,22,44,101,161,284,345,475,630,751,900,967,1191,1248,1419,1600,1769,1908,2128,2230,2420,2617,2842,3055,3258,3412,3665,3827,4176,4405,4469,4686,4888,5304,5686,5757,5935,6163,6487,6720,7194,7567,7504,7923,8232,8415,8895,9026,9262,9627,9889,10305,
0,0,0,0,0,0,0,0,0,0,0,0,0,0,0,0,0,0,0,0,0,0,0,0,0,0,0,0,0,0,0,0,0,0,0,0,0,0,0,0,0,0,0,0,0,0,0,0,0,0,0,0,0,0,0,0,0,0,0,0,0,0,0,0,0,0,0,0,0,0,0,0,0,0,0,0,0,0,0,0,0,0,0,0,0,0,0,0,0,0,0,0,0,0,0,0,0,0,0,0,0,0,0,0,0,0,0,0,0,0,0,0,0,0,0,0,0,0,0,0,0,0,0,0,0,0,0,0,0,0,0,0,0,0,0,0,0,0,0,0,0,0,0,0,0,0,0,0,0,11,43,86,150,196,263,397,467,564,714,805,927,1097,1194,1335,1482,1573,1736,1932,2034,2240,2413,2473,2773,2969,3126,3335,3437,3724,3868,4129,4267,4473,4774,4802,5202,5377,5639,5852,5985,6297,6648,6787,7026,7350,7703,7805,8127,8466,8680,9023,
0,0,0,0,0,0,0,0,0,0,0,0,0,0,0,0,0,0,0,0,0,0,0,0,0,0,0,0,0,0,0,0,0,0,0,0,0,0,0,0,0,0,0,0,0,0,0,0,0,0,0,0,0,0,0,0,0,0,0,0,0,0,0,0,0,0,0,0,0,0,0,0,0,0,0,0,0,0,0,0,0,0,0,0,0,0,0,0,0,0,0,0,0,0,0,0,0,0,0,0,0,0,0,0,0,0,0,0,0,0,0,0,0,0,0,0,0,0,0,0,0,0,0,0,0,0,0,0,0,0,0,0,0,0,0,0,0,0,0,0,0,0,0,0,0,0,0,0,0,15,19,56,88,151,198,244,308,379,464,546,655,718,864,889,997,1112,1212,1305,1431,1550,1606,1727,1895,2011,2066,2242,2432,2580,2651,2880,3003,3181,3348,3568,3699,3709,4063,4200,4400,4771,4758,4923,5241,5432,5399,5708,6031,6235,6437,6508,
0,0,0,0,0,0,0,0,0,0,0,0,0,0,0,0,0,0,0,0,0,0,0,0,0,0,0,0,0,0,0,0,0,0,0,0,0,0,0,0,0,0,0,0,0,0,0,0,0,0,0,0,0,0,0,0,0,0,0,0,0,0,0,0,0,0,0,0,0,0,0,0,0,0,0,0,0,0,0,0,0,0,0,0,0,0,0,0,0,0,0,0,0,0,0,0,0,0,0,0,0,0,0,0,0,0,0,0,0,0,0,0,0,0,0,0,0,0,0,0,0,0,0,0,0,0,0,0,0,0,0,0,0,0,0,0,0,0,0,0,0,0,0,0,0,0,0,0,0,14,27,28,37,48,63,98,108,104,158,154,196,199,234,269,296,331,355,402,465,519,513,632,614,663,741,794,899,967,1074,1074,1250,1302,1350,1488,1595,1619,1733,1877,1948,2095,2208,2251,2452,2504,2584,2787,2759,2892,3033,3196,
0,0,0,0,0,0,0,0,0,0,0,0,0,0,0,0,0,0,0,0,0,0,0,0,0,0,0,0,0,0,0,0,0,0,0,0,0,0,0,0,0,0,0,0,0,0,0,0,0,0,0,0,0,0,0,0,0,0,0,0,0,0,0,0,0,0,0,0,0,0,0,0,0,0,0,0,0,0,0,0,0,0,0,0,0,0,0,0,0,0,0,0,0,0,0,0,0,0,0,0,0,0,0,0,0,0,0,0,0,0,0,0,0,0,0,0,0,0,0,0,0,0,0,0,0,0,0,0,0,0,0,0,0,0,0,0,0,0,0,0,0,0,0,0,0,0,0,0,0,9,23,36,27,37,42,37,52,60,66,64,71,78,87,105,108,123,121,152,186,156,200,226,222,265,273,321,390,375,402,446,489,508,525,543,624,664,686,778,809,878,927,984,996,1020,1076,1160,1184,1264,1306,1398,
0,0,0,0,0,0,0,0,0,0,0,0,0,0,0,0,0,0,0,0,0,0,0,0,0,0,0,0,0,0,0,0,0,0,0,0,0,0,0,0,0,0,0,0,0,0,0,0,0,0,0,0,0,0,0,0,0,0,0,0,0,0,0,0,0,0,0,0,0,0,0,0,0,0,0,0,0,0,0,0,0,0,0,0,0,0,0,0,0,0,0,0,0,0,0,0,0,0,0,0,0,0,0,0,0,0,0,0,0,0,0,0,0,0,0,0,0,0,0,0,0,0,0,0,0,0,0,0,0,0,0,0,0,0,0,0,0,0,0,0,0,0,0,0,0,0,0,0,0,9,23,27,23,37,30,42,36,45,50,42,49,58,52,47,64,60,75,80,91,98,82,105,115,129,125,153,130,144,173,181,184,248,192,244,273,306,263,324,315,342,367,383,388,422,456,499,491,549,519,565,
0,0,0,0,0,0,0,0,0,0,0,0,0,0,0,0,0,0,0,0,0,0,0,0,0,0,0,0,0,0,0,0,0,0,0,0,0,0,0,0,0,0,0,0,0,0,0,0,0,0,0,0,0,0,0,0,0,0,0,0,0,0,0,0,0,0,0,0,0,0,0,0,0,0,0,0,0,0,0,0,0,0,0,0,0,0,0,0,0,0,0,0,0,0,0,0,0,0,0,0,0,0,0,0,0,0,0,0,0,0,0,0,0,0,0,0,0,0,0,0,0,0,0,0,0,0,0,0,0,0,0,0,0,0,0,0,0,0,0,0,0,0,0,0,0,0,0,0,0,17,15,33,35,38,26,34,51,39,37,39,37,43,51,48,44,49,46,69,65,71,78,72,85,82,90,80,108,92,102,111,108,123,127,142,135,169,147,184,192,177,165,234,228,210,221,225,246,266,273,263,
0,0,0,0,0,0,0,0,0,0,0,0,0,0,0,0,0,0,0,0,0,0,0,0,0,0,0,0,0,0,0,0,0,0,0,0,0,0,0,0,0,0,0,0,0,0,0,0,0,0,0,0,0,0,0,0,0,0,0,0,0,0,0,0,0,0,0,0,0,0,0,0,0,0,0,0,0,0,0,0,0,0,0,0,0,0,0,0,0,0,0,0,0,0,0,0,0,0,0,0,0,0,0,0,0,0,0,0,0,0,0,0,0,0,0,0,0,0,0,0,0,0,0,0,0,0,0,0,0,0,0,0,0,0,0,0,0,0,0,0,0,0,0,0,0,0,0,0,0,21,22,28,30,24,33,32,36,32,43,45,42,42,48,38,51,55,52,54,45,54,58,63,73,69,73,77,89,76,79,91,88,101,100,109,106,119,106,138,120,151,141,182,156,149,185,179,186,191,211,191,
0,0,0,0,0,0,0,0,0,0,0,0,0,0,0,0,0,0,0,0,0,0,0,0,0,0,0,0,0,0,0,0,0,0,0,0,0,0,0,0,0,0,0,0,0,0,0,0,0,0,0,0,0,0,0,0,0,0,0,0,0,0,0,0,0,0,0,0,0,0,0,0,0,0,0,0,0,0,0,0,0,0,0,0,0,0,0,0,0,0,0,0,0,0,0,0,0,0,0,0,0,0,0,0,0,0,0,0,0,0,0,0,0,0,0,0,0,0,0,0,0,0,0,0,0,0,0,0,0,0,0,0,0,0,0,0,0,0,0,0,0,0,0,0,0,0,0,0,0,14,29,18,25,31,25,32,34,29,38,28,36,41,37,54,50,33,44,47,48,50,57,57,56,51,59,70,72,79,78,79,69,102,87,90,94,105,121,109,129,107,122,134,139,148,142,164,161,156,161,192,
0,0,0,0,0,0,0,0,0,0,0,0,0,0,0,0,0,0,0,0,0,0,0,0,0,0,0,0,0,0,0,0,0,0,0,0,0,0,0,0,0,0,0,0,0,0,0,0,0,0,0,0,0,0,0,0,0,0,0,0,0,0,0,0,0,0,0,0,0,0,0,0,0,0,0,0,0,0,0,0,0,0,0,0,0,0,0,0,0,0,0,0,0,0,0,0,0,0,0,0,0,0,0,0,0,0,0,0,0,0,0,0,0,0,0,0,0,0,0,0,0,0,0,0,0,0,0,0,0,0,0,0,0,0,0,0,0,0,0,0,0,0,0,0,0,0,0,0,0,17,26,27,23,20,31,33,29,42,28,40,38,43,49,41,37,48,43,50,48,52,50,46,59,59,66,59,67,67,73,58,91,68,81,80,94,80,92,98,92,103,103,120,131,115,131,121,137,140,140,129,
0,0,0,0,0,0,0,0,0,0,0,0,0,0,0,0,0,0,0,0,0,0,0,0,0,0,0,0,0,0,0,0,0,0,0,0,0,0,0,0,0,0,0,0,0,0,0,0,0,0,0,0,0,0,0,0,0,0,0,0,0,0,0,0,0,0,0,0,0,0,0,0,0,0,0,0,0,0,0,0,0,0,0,0,0,0,0,0,0,0,0,0,0,0,0,0,0,0,0,0,0,0,0,0,0,0,0,0,0,0,0,0,0,0,0,0,0,0,0,0,0,0,0,0,0,0,0,0,0,0,0,0,0,0,0,0,0,0,0,0,0,0,0,0,0,0,0,0,0,17,26,21,25,18,25,26,25,25,33,30,40,27,29,42,47,39,41,48,42,43,50,64,56,40,56,53,64,69,61,49,73,71,84,76,88,83,81,91,87,84,93,95,106,87,98,118,134,124,126,123,
0,0,0,0,0,0,0,0,0,0,0,0,0,0,0,0,0,0,0,0,0,0,0,0,0,0,0,0,0,0,0,0,0,0,0,0,0,0,0,0,0,0,0,0,0,0,0,0,0,0,0,0,0,0,0,0,0,0,0,0,0,0,0,0,0,0,0,0,0,0,0,0,0,0,0,0,0,0,0,0,0,0,0,0,0,0,0,0,0,0,0,0,0,0,0,0,0,0,0,0,0,0,0,0,0,0,0,0,0,0,0,0,0,0,0,0,0,0,0,0,0,0,0,0,0,0,0,0,0,0,0,0,0,0,0,0,0,0,0,0,0,0,0,0,0,0,0,0,0,13,16,17,27,19,29,37,24,24,34,27,22,29,25,33,32,38,37,36,36,39,33,34,41,54,36,61,47,52,56,51,51,54,72,69,65,50,71,80,66,87,78,73,80,81,83,103,100,103,84,94,
0,0,0,0,0,0,0,0,0,0,0,0,0,0,0,0,0,0,0,0,0,0,0,0,0,0,0,0,0,0,0,0,0,0,0,0,0,0,0,0,0,0,0,0,0,0,0,0,0,0,0,0,0,0,0,0,0,0,0,0,0,0,0,0,0,0,0,0,0,0,0,0,0,0,0,0,0,0,0,0,0,0,0,0,0,0,0,0,0,0,0,0,0,0,0,0,0,0,0,0,0,0,0,0,0,0,0,0,0,0,0,0,0,0,0,0,0,0,0,0,0,0,0,0,0,0,0,0,0,0,0,0,0,0,0,0,0,0,0,0,0,0,0,0,0,0,0,0,0,11,16,13,12,12,22,19,11,14,20,15,22,23,23,19,28,19,21,24,25,25,29,16,26,28,23,31,35,27,26,37,27,37,33,41,55,46,43,60,51,49,53,51,45,43,45,61,57,66,76,66,
