58,47,62,63,61,62,55,59,58,55,63,74,75,75,69,69,69,61,66,63,56,63,62,63,61,65,80,83,69,66,70,75,76,72,83,81,85,76,77,85,73,85,109,88,89,91,97,95,81,90,103,109,89,95,98,100,100,76,97,97,106,118,114,96,97,91,96,106,104,98,120,111,106,108,107,116,120,110,113,112,108,124,137,122,120,108,104,98,111,124,119,123,106,114,128,125,115,112,123,115,97,111,118,125,116,110,97,99,112,120,113,124,110,98,128,125,125,108,96,101,104,114,107,108,109,114,94,103,111,104,115,116,111,93,94,110,131,99,107,103,111,109,99,115,123,115,107,98,102,104,108,99,124,124,112,123,127,118,113,97,94,93,110,104,95,94,99,85,98,86,98,109,97,95,77,73,86,92,79,83,84,91,92,88,81,90,85,107,103,101,92,81,84,87,80,69,79,87,88,86,
43,25,28,40,39,39,41,31,39,46,44,38,40,54,54,42,53,46,46,48,46,41,45,39,47,49,53,61,44,48,52,57,44,58,65,69,65,61,68,67,44,52,65,76,75,82,64,74,61,59,60,80,76,64,75,60,66,65,82,67,79,83,84,76,69,64,83,69,66,74,75,80,76,85,68,72,79,91,73,63,85,96,75,73,81,76,85,78,78,78,82,76,84,77,75,82,73,88,68,76,78,73,80,69,71,76,72,79,89,78,85,81,88,71,70,65,74,65,66,76,79,88,79,59,72,70,60,74,71,65,72,53,64,57,68,62,70,67,83,70,64,79,68,66,71,68,67,61,56,67,78,74,81,66,76,68,66,66,61,59,67,55,62,64,59,54,52,68,74,57,57,56,48,51,57,57,49,43,47,53,56,50,55,51,59,71,70,67,53,57,46,51,44,54,44,53,57,64,57,59,
55,25,31,31,35,40,41,41,35,45,51,48,44,42,54,39,55,46,52,48,50,44,44,34,45,43,55,52,55,50,47,62,55,56,60,70,61,66,70,66,56,57,58,70,80,82,83,74,71,58,58,69,64,60,74,55,58,70,78,76,81,78,79,84,70,65,89,76,66,71,84,69,78,85,68,74,87,74,80,84,73,85,72,72,81,90,100,93,83,74,82,88,87,82,69,78,74,76,67,70,74,79,65,64,68,86,81,99,100,91,80,83,76,63,65,69,70,77,74,91,84,78,86,65,74,62,66,68,68,73,62,48,73,76,58,55,63,74,73,66,76,64,71,68,71,69,69,62,72,70,75,79,76,72,69,62,69,61,71,55,54,57,57,64,64,58,58,69,68,59,53,59,58,51,54,52,51,57,53,68,51,55,55,61,61,69,64,50,49,57,48,48,57,54,50,69,62,53,49,49,
57,30,33,28,30,35,40,46,38,36,48,45,49,49,50,46,53,42,52,54,57,52,52,37,53,42,48,53,52,53,61,56,51,63,60,69,64,61,74,64,69,69,64,71,83,76,82,90,70,61,64,61,70,55,62,56,71,79,77,70,90,80,85,80,75,77,82,88,68,68,79,75,84,69,70,74,90,73,92,90,85,76,71,72,91,105,84,91,70,80,69,88,94,80,87,67,82,80,78,66,83,83,68,78,73,84,87,89,107,80,86,91,74,85,62,66,76,83,79,86,80,81,78,67,75,67,72,58,71,65,61,67,76,67,63,55,68,79,71,75,70,67,83,84,73,67,64,75,74,67,88,74,78,77,63,65,70,65,55,54,64,75,63,64,66,61,68,58,64,59,51,61,44,54,52,59,58,71,60,60,58,62,65,63,61,64,62,55,65,48,57,46,59,58,61,60,51,49,45,49,
64,41,39,31,37,32,34,41,38,38,42,49,40,51,48,61,48,44,38,43,58,43,55,48,46,46,44,43,53,59,60,58,51,55,65,71,71,59,69,59,70,70,71,85,89,77,88,87,77,70,63,67,60,63,69,58,67,66,80,73,86,75,86,89,76,86,92,68,72,82,81,78,60,76,73,82,81,70,86,89,79,77,83,86,92,89,85,82,79,84,86,85,98,80,77,71,83,78,83,80,85,73,83,83,87,83,92,103,92,74,87,83,71,67,62,62,74,89,79,83,71,66,71,82,89,71,66,71,68,67,55,56,55,69,69,61,61,73,76,73,81,84,79,68,69,59,88,69,76,73,77,70,74,84,69,68,58,58,68,70,59,67,65,65,67,68,61,60,62,57,62,64,43,71,65,72,67,75,62,56,65,54,60,59,57,65,62,59,47,48,66,69,57,65,47,61,55,51,53,49,
58,35,30,35,34,31,27,42,43,38,44,43,45,37,50,56,58,60,54,45,53,47,48,47,45,47,48,49,52,58,65,47,53,61,56,71,74,67,77,69,67,65,68,69,85,84,105,95,70,69,76,66,61,67,69,73,57,73,79,80,79,79,83,97,73,79,94,89,73,86,79,79,74,73,74,83,80,83,88,78,63,83,101,102,83,89,64,73,94,98,99,87,85,75,74,88,92,76,81,89,81,87,81,81,90,93,101,93,90,75,90,79,80,71,65,78,65,74,86,82,66,78,97,88,77,86,75,69,63,53,61,51,63,70,71,73,76,82,78,85,77,75,72,72,69,67,70,60,82,85,86,73,82,74,58,62,67,63,60,62,75,59,73,87,57,63,52,64,63,66,73,59,57,60,74,61,53,51,64,61,55,53,59,63,60,79,57,61,61,69,64,61,57,50,51,60,52,63,44,46,
58,35,44,33,37,36,36,28,44,40,46,43,43,40,45,43,59,65,48,59,63,52,51,54,48,53,44,45,61,52,64,65,49,55,60,67,70,68,66,80,74,57,66,83,95,81,97,81,76,69,79,64,75,73,86,73,71,54,78,70,91,89,89,82,95,78,93,76,84,81,88,79,88,74,74,74,76,87,88,96,84,77,103,89,83,75,76,82,100,100,80,91,86,78,85,93,106,71,81,96,60,80,86,85,94,102,101,83,90,82,82,81,79,80,75,74,54,80,89,91,75,95,75,87,89,84,73,72,48,55,68,62,68,62,73,83,79,72,80,79,72,62,81,72,68,66,69,88,82,83,69,60,76,79,61,63,74,80,62,68,71,69,59,67,56,64,66,69,71,64,65,47,63,60,74,65,66,61,60,56,64,69,67,64,61,60,61,74,59,59,55,52,42,53,67,55,66,50,54,62,
58,42,37,34,37,42,36,34,33,42,46,55,53,37,42,46,58,62,48,47,62,58,57,58,55,70,47,52,64,50,59,63,67,48,65,73,72,56,69,84,75,62,77,77,96,85,95,81,79,81,75,71,77,80,82,84,69,70,69,88,90,95,77,81,97,101,83,79,82,87,87,83,77,84,72,91,79,98,111,85,77,73,106,90,80,77,71,95,97,84,81,88,95,108,89,98,85,80,78,79,91,87,88,89,106,97,85,93,76,75,86,86,75,64,72,78,69,100,76,83,77,82,82,90,95,82,57,62,60,74,63,73,72,83,72,88,74,68,77,84,77,74,74,71,73,68,65,85,93,77,72,79,72,77,73,74,68,73,68,85,75,69,65,64,67,65,59,62,60,67,70,55,67,69,78,69,75,70,75,69,61,57,59,62,65,57,57,63,56,57,54,59,62,68,62,61,55,54,48,43,
51,42,40,31,39,32,35,43,45,46,38,52,63,52,54,51,57,63,53,52,69,52,62,61,48,66,58,44,56,45,61,67,62,54,72,71,69,62,66,71,78,71,74,83,81,82,89,76,79,85,76,75,83,84,71,79,72,90,75,82,89,92,87,90,103,101,91,89,72,85,77,79,77,93,88,83,85,98,114,87,91,83,104,92,87,71,84,89,82,89,94,96,95,92,99,91,75,95,81,86,90,78,93,106,78,95,85,89,79,84,82,82,76,75,68,83,95,89,79,93,75,85,86,88,90,65,65,71,87,72,73,82,79,83,66,70,68,64,84,78,79,67,76,80,90,66,66,90,93,81,78,64,80,80,79,84,86,82,77,69,71,67,73,74,59,65,67,65,62,67,65,56,63,87,90,76,74,59,60,63,65,57,61,54,65,65,77,69,51,65,62,68,60,62,48,49,50,40,46,65,
47,40,42,38,39,38,37,33,40,49,37,44,48,50,41,58,60,53,61,68,69,52,65,63,69,62,60,63,53,49,65,59,69,58,65,79,67,84,69,80,81,87,76,83,98,82,94,80,71,76,77,75,84,81,81,90,86,88,82,72,78,96,93,84,104,97,98,76,86,84,80,84,83,97,92,87,85,81,126,81,96,99,81,86,90,86,101,90,75,81,84,86,107,103,91,87,88,88,89,83,84,93,101,86,91,87,75,76,90,87,71,75,87,81,93,92,93,82,79,80,86,88,90,86,88,87,59,81,90,74,78,95,71,57,65,73,75,80,94,77,72,80,85,90,67,68,85,87,72,78,81,78,80,69,86,84,82,78,75,65,75,73,79,72,60,73,65,77,78,70,80,80,91,93,73,76,63,60,55,71,64,52,63,71,70,59,65,63,69,75,64,54,57,54,48,64,52,53,69,68,
47,37,38,45,40,33,36,29,34,48,41,41,51,42,43,54,77,65,66,63,70,53,53,61,80,60,63,62,55,61,56,59,64,64,75,71,86,78,59,78,78,91,77,84,79,87,87,97,80,88,87,81,75,89,81,88,85,74,72,81,104,85,88,93,97,85,99,98,92,81,80,97,98,100,87,85,89,98,101,91,100,98,105,94,90,83,88,97,77,89,98,99,104,80,84,91,86,105,74,87,86,92,95,99,83,76,67,83,81,83,85,103,97,101,97,85,84,69,73,77,88,95,89,85,96,89,81,85,73,80,77,72,61,65,75,82,87,98,74,73,73,80,83,48,61,84,82,87,81,82,80,78,85,82,92,89,77,72,81,92,90,81,66,75,74,81,68,73,71,70,69,67,81,69,61,55,57,59,66,69,58,61,71,73,62,57,77,75,72,60,56,53,68,66,70,69,68,82,67,60,
52,30,41,50,46,44,36,37,35,41,44,48,45,46,46,37,55,65,60,79,71,66,74,50,71,71,69,62,50,72,59,52,68,68,83,69,91,79,73,75,70,66,83,82,82,84,88,93,95,84,106,93,89,87,75,98,85,87,89,86,94,89,96,96,87,77,98,103,90,94,93,116,101,93,85,82,91,90,96,101,92,102,116,119,92,79,85,99,82,100,95,83,90,96,100,85,84,84,83,96,104,100,91,89,75,85,71,92,102,93,101,80,88,106,90,71,74,77,76,100,99,96,103,85,82,96,77,76,82,73,74,78,79,61,73,86,71,82,75,82,71,72,69,69,70,69,83,99,95,85,87,85,97,96,90,70,67,92,87,91,76,61,66,68,68,71,66,73,73,79,70,74,69,68,73,69,78,67,66,66,62,72,71,70,69,74,73,68,66,60,62,59,66,69,63,73,83,59,45,54,
64,33,40,45,46,46,47,39,46,40,39,49,48,45,46,49,52,52,60,65,72,75,78,72,70,72,66,65,60,68,62,63,70,82,79,79,80,83,69,79,70,62,81,81,78,93,86,82,87,89,100,104,86,91,83,97,96,98,98,86,95,82,83,91,102,101,106,98,79,109,99,103,104,88,94,90,108,92,90,113,105,113,137,106,106,98,93,100,87,90,91,87,93,100,100,93,97,104,85,91,90,94,91,69,89,95,80,97,110,96,96,82,79,89,94,86,80,84,95,101,98,109,106,98,87,86,72,86,81,75,87,74,67,77,79,81,89,86,83,81,79,75,77,77,77,76,93,108,93,86,85,81,89,76,75,70,80,94,79,71,67,67,77,66,69,67,80,70,81,70,65,65,79,82,83,76,74,66,57,62,69,70,74,79,64,66,76,80,65,53,67,65,73,72,71,63,52,40,47,50,
55,32,37,39,47,38,44,44,46,48,28,52,47,51,51,55,57,51,56,70,61,71,78,75,73,86,69,63,53,66,75,63,55,88,86,81,75,86,64,88,76,84,85,81,86,91,82,85,91,99,92,110,109,90,103,93,99,101,99,95,89,97,103,111,93,98,98,105,99,94,103,105,87,78,99,92,98,96,115,110,111,134,112,106,112,100,89,103,97,105,93,83,89,83,94,112,104,94,88,87,78,98,82,80,94,84,83,96,114,100,92,87,106,85,79,78,100,89,115,103,115,91,84,92,91,84,84,87,79,77,73,75,81,74,85,87,80,84,73,88,91,70,79,82,92,90,91,97,97,84,89,93,73,84,85,77,99,87,76,67,62,73,74,70,72,80,77,79,92,78,78,87,78,73,84,83,76,66,63,71,86,74,87,71,76,74,82,77,57,67,71,67,75,66,47,52,52,55,52,53,
55,41,41,39,39,47,39,47,46,59,51,43,33,46,48,50,59,64,60,68,59,73,88,76,68,76,73,73,73,65,89,73,62,86,77,84,80,76,69,83,62,99,100,81,84,84,80,92,77,91,111,104,105,98,93,108,118,99,107,103,107,95,100,104,88,92,106,92,117,106,92,98,73,89,94,91,115,118,120,107,119,128,116,114,100,104,106,117,104,90,100,93,92,90,102,109,91,94,91,83,88,85,92,93,92,87,95,97,97,95,95,99,99,89,78,81,101,111,112,94,98,102,93,79,80,101,98,92,87,83,84,84,93,81,86,90,78,89,75,84,78,77,94,93,91,96,99,89,87,89,96,82,73,85,97,98,105,74,77,71,75,86,72,63,88,90,95,89,91,82,85,97,81,85,78,79,77,71,66,65,77,62,80,70,74,73,65,62,58,76,75,74,65,58,53,47,51,54,54,58,
57,41,41,44,46,49,47,45,46,52,55,62,50,50,44,43,57,57,52,60,63,64,86,90,69,67,62,66,74,75,84,76,80,95,77,76,85,78,78,77,73,95,80,80,84,82,91,90,82,96,101,89,108,108,106,99,97,109,118,98,92,107,109,94,83,93,110,112,118,99,98,95,91,97,96,100,93,117,102,117,122,100,112,111,87,92,99,106,111,94,97,111,112,109,102,90,96,105,93,89,104,108,90,97,102,104,104,112,105,116,103,100,112,94,96,101,117,117,98,109,106,111,86,87,85,107,97,74,77,91,84,90,89,91,85,85,85,90,88,90,94,88,97,94,85,86,92,83,90,103,95,87,77,89,90,85,95,77,85,77,81,69,77,79,90,99,91,85,95,80,72,80,77,77,79,61,60,60,66,66,76,78,79,79,75,57,67,65,69,75,63,64,67,62,73,64,56,69,59,69,
57,30,44,44,46,42,48,48,49,48,56,62,53,59,48,48,54,47,56,55,69,72,88,89,81,68,66,62,61,90,97,72,85,94,84,77,85,82,89,74,84,94,63,89,90,91,82,94,83,91,108,111,100,105,105,106,119,102,96,106,99,102,108,89,90,107,127,117,108,99,108,102,105,103,91,105,100,96,106,129,118,118,101,99,99,90,106,103,113,103,106,111,105,117,94,108,104,104,86,95,91,99,97,105,106,101,113,121,123,112,98,110,102,103,94,96,104,91,96,88,109,86,90,92,95,95,94,92,84,95,95,88,101,86,87,87,86,88,90,101,102,86,104,98,91,83,103,101,86,95,76,89,80,86,78,81,94,70,67,68,67,84,88,88,88,88,96,88,86,76,75,71,77,72,63,71,68,74,69,68,86,74,70,77,77,71,81,76,77,73,72,59,61,59,58,57,60,55,56,60,
58,43,52,46,47,51,42,53,47,56,63,59,69,59,44,58,56,52,58,61,72,77,66,95,77,83,68,81,69,71,91,95,98,90,93,86,90,101,104,98,91,85,78,82,90,102,84,81,87,102,105,105,99,105,101,107,104,109,91,109,109,120,85,98,121,113,122,118,96,109,110,90,92,93,99,102,114,124,103,108,115,125,91,115,114,99,123,117,120,108,99,105,97,110,102,106,113,124,116,112,104,107,99,104,109,106,122,120,104,103,100,97,84,115,104,90,93,93,105,94,107,115,106,104,87,90,96,98,98,99,82,84,92,97,96,96,99,100,101,99,97,95,81,87,80,87,106,92,93,72,77,94,97,86,82,84,84,77,85,81,94,87,90,92,77,70,72,82,82,77,89,88,84,73,78,86,77,84,71,76,83,85,80,80,71,61,70,64,58,66,59,68,60,62,60,71,69,63,64,62,
50,36,37,48,51,48,45,42,56,47,64,59,64,70,67,69,66,57,57,56,68,75,68,82,83,83,83,71,84,71,70,86,77,92,92,87,92,106,112,104,102,89,93,81,95,116,99,102,90,125,109,111,99,110,108,107,94,110,118,99,115,115,125,137,127,114,103,106,115,109,107,93,95,97,106,104,121,133,123,110,115,114,108,124,103,105,118,132,108,107,118,109,118,132,99,91,127,110,118,108,123,128,124,107,113,111,122,105,111,108,118,91,87,103,102,91,90,86,105,107,101,114,103,96,95,102,106,101,102,88,94,96,109,101,97,79,96,88,88,104,94,87,94,109,93,104,96,82,77,83,85,92,90,91,76,91,91,84,85,83,80,73,91,80,84,89,86,97,90,101,91,87,83,80,75,75,66,68,74,83,79,68,65,64,65,70,64,83,89,82,80,82,73,80,68,61,54,50,54,62,
60,30,38,35,49,44,56,46,57,51,63,52,54,66,69,63,69,62,60,66,72,74,78,86,96,89,80,76,73,92,87,84,84,94,95,96,101,93,110,98,95,109,100,98,100,108,108,108,111,113,100,127,102,98,103,118,104,124,115,114,111,121,129,123,128,121,114,118,112,110,112,121,118,99,118,112,123,126,120,133,120,106,101,108,125,124,132,130,115,102,107,114,99,104,100,119,132,103,97,98,99,110,94,100,107,111,110,105,123,110,113,102,111,90,108,98,84,106,104,112,122,113,106,105,113,103,109,108,97,97,96,102,97,98,93,102,97,112,115,102,104,110,95,103,85,88,87,81,83,84,84,84,96,90,87,99,99,85,88,71,74,85,79,85,90,99,88,89,94,96,84,70,68,78,68,66,71,90,86,95,78,75,82,73,80,73,90,92,81,80,78,64,60,54,53,47,61,64,58,57,
66,42,40,41,45,50,55,62,62,63,59,67,64,74,75,79,73,61,62,68,72,78,70,83,89,99,95,71,87,87,92,97,92,83,102,91,98,93,108,103,100,99,111,112,110,112,103,112,122,120,107,113,107,98,125,135,131,123,124,118,108,115,121,126,127,107,114,116,97,103,127,145,132,104,129,123,142,109,144,127,127,114,109,112,121,129,126,132,106,112,120,100,92,114,120,118,122,100,98,95,119,123,111,99,107,124,107,129,116,114,131,121,115,103,117,112,120,102,96,103,102,107,105,98,116,114,117,93,104,101,107,102,94,105,119,108,102,98,92,96,103,107,80,94,84,90,106,93,106,104,106,96,95,94,90,89,86,75,88,91,90,92,90,95,88,82,88,85,91,87,82,77,75,75,80,84,95,94,85,74,81,81,80,89,86,84,93,86,77,65,68,59,60,68,62,61,54,49,45,56,
71,47,50,38,38,52,39,54,57,72,58,57,58,68,70,77,81,83,77,73,86,83,76,74,85,93,109,94,87,86,82,97,104,104,94,109,110,120,115,104,114,110,106,102,95,117,129,109,111,114,117,109,115,117,114,135,120,123,124,115,129,141,127,145,116,117,130,130,111,122,125,121,118,117,134,134,144,133,130,133,131,114,114,142,119,120,126,118,124,132,135,114,115,123,116,120,118,103,112,121,112,111,125,118,118,115,104,119,105,130,128,104,105,101,122,123,115,114,105,102,105,107,129,117,117,119,108,98,112,108,110,111,124,129,112,104,85,102,107,114,101,95,92,84,91,92,97,119,112,94,105,97,82,97,97,89,88,94,101,89,89,84,97,100,94,94,91,97,99,82,71,73,71,77,91,102,89,91,88,85,90,83,79,84,73,85,87,80,85,73,59,65,67,75,67,67,61,64,64,77,
56,37,45,45,41,37,48,43,55,69,68,60,65,72,64,79,77,79,77,76,81,78,88,77,99,96,96,89,95,91,99,105,115,108,102,111,92,123,119,118,128,129,119,108,99,117,118,100,112,115,114,114,116,113,120,124,126,120,127,100,147,137,140,141,135,128,125,139,136,126,118,115,122,135,142,131,128,112,125,125,125,136,134,129,115,131,120,118,114,133,126,138,130,147,127,115,106,104,123,124,119,134,124,100,104,108,121,118,120,117,110,98,117,130,108,119,107,109,102,99,114,122,119,114,114,107,103,116,109,121,111,113,108,103,103,85,100,102,108,90,91,91,91,85,103,103,107,106,103,92,104,100,102,113,96,89,97,102,105,101,95,86,102,83,86,79,100,94,93,88,73,82,81,83,95,81,94,86,80,79,76,73,77,89,84,98,80,82,79,67,80,83,82,70,71,76,67,75,84,76,
54,42,31,52,47,45,54,50,50,63,58,66,79,77,72,71,77,88,86,87,76,88,75,83,103,91,96,94,90,80,112,103,95,116,119,120,108,106,110,111,122,125,119,124,106,124,128,124,117,139,124,123,136,124,140,122,124,137,143,130,139,129,130,128,131,122,118,125,130,126,115,113,132,138,138,133,125,123,113,130,136,144,115,106,134,135,139,125,124,128,134,135,138,127,128,111,100,107,132,115,131,125,118,104,109,105,109,116,114,113,111,102,106,114,122,125,134,132,112,126,132,122,126,112,102,99,109,109,111,119,107,122,108,112,102,96,105,94,97,95,96,105,98,104,103,115,98,109,116,98,106,100,99,92,90,100,102,96,87,84,89,87,76,92,112,101,98,89,87,98,86,84,81,73,71,83,81,72,88,89,108,101,104,100,87,80,79,82,78,78,74,82,69,71,65,73,71,74,69,74,
62,35,44,44,45,40,36,37,53,55,68,62,79,72,81,74,80,89,95,90,82,93,79,79,87,94,102,97,116,90,114,102,109,97,106,120,115,108,121,135,109,116,144,127,132,117,122,133,126,135,100,120,119,130,117,108,130,139,121,145,152,132,141,157,139,114,122,125,123,122,116,122,125,146,142,132,129,147,130,151,161,157,126,147,140,145,160,150,128,118,122,131,155,119,125,133,110,119,144,137,135,138,131,123,114,111,128,114,113,120,119,129,125,128,136,131,132,116,125,126,129,134,113,111,107,89,89,106,131,119,103,122,111,122,118,100,111,102,111,113,116,118,115,104,118,110,106,96,85,104,107,96,100,97,110,113,88,93,100,99,108,98,91,94,106,103,84,101,83,90,93,91,83,83,89,99,91,98,111,111,110,81,67,59,82,69,71,74,78,77,70,58,56,70,73,72,76,76,75,67,
74,48,49,56,51,50,46,56,65,58,71,60,67,67,91,90,90,86,90,115,97,102,88,94,112,97,107,92,108,98,105,102,94,98,94,108,126,99,112,121,121,124,118,122,120,119,128,125,123,137,126,129,138,140,126,115,142,144,144,125,143,131,129,133,143,121,119,117,118,130,134,150,146,146,146,151,132,118,137,138,144,127,136,149,134,143,135,130,122,114,126,114,144,115,117,141,147,144,139,138,126,133,115,126,121,128,144,139,107,117,144,148,150,128,140,127,103,128,107,126,140,143,121,112,94,106,118,127,137,129,127,114,114,112,128,133,126,125,117,121,93,108,104,108,107,94,99,107,108,105,107,117,107,105,100,96,81,94,121,107,111,96,89,110,99,93,84,88,82,96,94,84,95,88,92,79,90,98,86,87,86,81,86,82,80,80,78,63,62,80,81,77,78,91,87,61,64,74,65,71,
65,57,47,57,65,57,63,56,64,66,73,70,80,72,82,88,101,85,83,89,111,101,88,91,97,109,104,96,124,118,106,114,116,110,110,118,133,112,120,132,123,126,114,112,108,125,125,111,130,131,133,134,140,131,133,149,153,158,141,132,141,141,140,147,137,150,142,145,141,134,145,147,132,141,159,140,144,149,131,134,123,141,131,132,134,135,132,114,112,126,131,131,138,128,132,139,140,125,131,137,135,129,132,137,133,140,129,130,126,127,141,137,129,131,138,143,131,138,125,139,135,122,132,120,123,135,126,124,137,132,115,106,103,107,108,131,124,123,123,120,118,114,101,103,120,120,116,99,117,114,109,117,119,111,108,107,104,96,103,108,95,92,111,108,97,102,95,97,88,95,76,76,87,83,84,105,86,90,92,89,89,92,72,65,71,73,67,75,76,83,90,83,92,91,74,72,69,83,81,83,
66,47,36,40,61,64,63,67,66,67,77,73,74,79,87,87,98,91,85,91,99,105,101,102,97,102,107,102,133,115,116,106,109,106,129,119,116,117,131,125,130,137,146,127,136,138,116,130,137,129,142,124,125,130,126,144,146,140,161,148,150,153,146,146,138,145,146,140,136,127,148,143,143,155,159,142,137,139,141,174,139,144,126,151,147,130,129,124,110,134,140,135,142,144,134,142,136,141,163,137,127,138,146,148,128,141,141,129,106,112,135,147,142,134,127,134,136,128,125,131,120,114,126,124,129,137,133,124,111,105,106,115,114,143,136,147,124,124,115,125,113,111,113,112,114,122,131,119,100,111,121,108,110,108,118,110,98,97,107,106,109,104,101,98,98,92,92,88,78,92,88,88,91,92,89,93,107,88,85,79,78,79,80,79,83,80,62,62,84,80,77,70,76,76,80,84,77,71,71,67,
56,47,47,39,42,59,59,57,67,68,67,66,77,71,68,85,94,87,90,92,92,96,115,124,119,105,127,115,99,126,124,116,114,117,124,118,125,121,120,122,128,131,137,146,150,147,143,129,134,129,145,147,134,135,163,165,143,131,145,156,136,137,141,140,124,119,138,133,131,130,140,152,154,161,157,155,160,169,156,145,152,162,138,118,138,133,134,134,133,153,137,132,135,126,130,134,136,132,146,116,132,137,146,149,153,133,124,116,120,138,149,131,148,134,136,132,136,121,138,147,125,127,140,142,139,147,139,143,107,116,119,118,131,131,130,126,124,101,117,101,113,114,112,105,99,110,111,107,97,118,124,117,123,105,103,111,110,119,127,121,103,97,110,108,99,96,99,96,97,93,107,104,90,94,90,91,92,82,77,74,85,77,95,98,91,79,74,87,81,80,83,89,82,69,80,86,80,74,68,56,
47,40,40,42,43,48,63,59,65,71,70,63,69,81,70,74,79,77,91,77,92,92,96,107,124,135,141,134,127,106,124,114,112,115,132,131,126,134,114,118,131,154,136,143,148,134,135,146,137,144,143,151,149,159,168,164,145,148,156,157,144,167,134,151,147,128,138,146,143,127,143,167,177,156,159,156,148,159,144,147,166,152,126,129,146,138,118,139,132,142,141,133,126,105,127,117,127,149,144,131,141,156,148,129,144,137,139,126,130,110,122,126,128,148,131,147,143,132,120,122,132,145,142,143,148,141,147,142,129,118,134,138,141,134,136,126,125,109,117,118,111,112,118,107,110,114,98,111,128,139,123,115,116,107,93,112,119,117,113,110,111,114,129,103,102,89,89,79,79,101,96,103,100,90,91,82,81,81,67,83,111,97,92,94,92,92,97,90,88,82,81,76,78,88,74,60,59,55,53,51,
59,46,56,58,58,47,58,67,68,65,73,82,80,94,78,79,89,82,93,87,96,111,116,100,118,121,120,123,123,136,122,138,132,131,136,129,138,138,120,131,139,140,141,140,149,138,146,166,152,147,133,155,178,160,157,163,157,157,170,142,148,161,132,148,121,122,155,136,161,157,136,149,135,157,148,160,171,145,144,167,156,138,133,141,141,143,146,146,140,139,137,140,120,124,144,132,147,159,126,141,136,120,132,137,132,140,149,133,132,131,136,139,132,132,126,140,135,138,142,144,140,152,157,136,144,136,146,158,142,140,146,147,119,132,129,137,143,142,140,131,128,114,107,112,112,111,116,115,122,136,118,96,119,101,124,137,134,113,114,110,107,101,106,99,105,85,94,92,102,105,108,102,87,84,72,70,81,82,82,94,94,91,93,94,91,90,81,75,75,75,74,69,88,86,68,70,76,66,64,70,
55,48,51,51,51,43,53,49,56,63,63,65,92,106,86,87,104,96,89,100,90,95,100,99,106,107,108,130,120,117,123,141,143,154,140,127,130,149,119,134,132,150,136,146,150,123,142,140,150,153,154,153,157,151,149,169,156,148,155,167,163,168,149,137,121,154,156,155,151,149,159,171,166,175,168,158,150,143,149,162,142,151,141,134,137,144,143,145,137,155,155,159,132,155,132,138,160,139,140,151,150,144,134,139,152,155,135,135,132,126,136,131,133,131,134,135,142,164,152,145,146,149,134,128,138,146,142,135,135,132,142,131,131,137,132,127,133,116,125,124,113,115,108,122,103,107,121,124,134,114,113,110,119,112,117,115,105,103,103,101,92,101,98,105,103,105,113,116,112,116,109,91,81,87,90,84,89,84,79,89,82,90,89,88,85,84,76,99,96,98,97,84,91,81,71,79,75,82,76,79,
63,40,50,53,63,53,48,54,69,78,60,65,73,89,90,98,99,105,92,99,99,95,102,92,116,113,106,119,139,131,119,133,135,126,142,135,130,147,134,135,152,148,152,166,142,145,138,165,149,157,163,165,152,168,165,161,147,142,171,162,174,157,160,163,153,141,161,144,163,161,161,178,177,172,156,162,163,151,156,163,145,134,148,150,140,138,163,149,156,162,153,169,150,146,141,142,155,156,159,152,141,133,131,145,154,157,149,122,130,123,134,147,133,142,133,134,152,143,114,125,144,141,120,132,139,137,145,142,138,140,137,134,142,128,135,134,143,139,154,120,124,118,110,109,121,112,134,115,115,131,131,125,123,112,122,121,84,94,101,97,92,105,115,126,121,104,99,110,108,114,106,106,102,95,84,93,94,103,101,102,99,104,105,87,87,89,87,85,84,86,91,86,83,82,80,99,89,72,72,78,
73,55,54,45,46,54,58,61,47,64,78,88,83,87,81,87,107,101,105,111,103,97,93,112,111,136,112,119,136,142,135,140,133,125,120,139,111,146,137,131,156,151,155,152,150,136,144,167,175,164,164,146,176,156,166,156,152,166,177,185,164,148,159,183,186,179,178,168,164,152,147,174,164,172,168,157,154,160,149,148,138,154,152,142,154,148,165,161,169,168,160,168,148,140,151,144,165,170,161,146,151,144,150,164,142,144,131,139,131,154,156,142,137,137,143,154,142,146,158,142,154,159,158,141,165,148,147,176,158,163,154,142,139,136,138,137,131,140,128,123,119,118,114,117,104,115,149,134,119,103,116,116,125,125,109,108,122,105,108,115,117,140,127,114,111,99,98,108,114,102,97,100,96,101,97,98,99,99,88,92,95,86,82,75,89,95,76,90,86,77,85,74,87,84,78,88,82,79,77,72,
99,71,66,63,58,63,64,66,61,79,69,70,95,93,92,87,90,101,102,110,100,113,108,112,98,118,126,123,147,133,141,139,141,162,135,132,134,137,163,165,164,159,149,153,160,157,146,146,155,157,169,180,171,157,175,162,153,164,165,176,164,163,180,172,169,184,164,177,157,157,151,183,174,160,165,167,173,153,156,165,155,157,170,165,149,162,157,167,164,160,173,179,171,150,150,176,166,136,149,152,159,158,149,170,168,156,150,162,139,158,151,159,146,145,149,149,155,150,145,153,164,147,160,140,160,152,151,153,162,153,133,135,147,154,144,137,133,131,119,119,125,118,122,128,130,128,121,125,113,111,116,126,115,115,100,97,119,118,129,122,128,126,106,89,104,96,101,106,107,109,97,103,103,83,91,94,80,83,97,86,84,85,86,87,102,99,87,96,76,90,102,102,90,81,88,90,79,80,71,80,
72,63,65,81,57,55,61,66,71,75,76,73,86,89,92,106,102,100,80,100,97,113,122,115,124,125,104,120,125,122,129,147,150,149,154,145,149,159,171,170,160,171,158,142,149,140,151,146,156,172,184,168,159,163,179,148,165,190,190,196,183,175,188,170,190,191,162,185,176,167,170,148,182,195,177,168,161,142,162,160,139,172,168,158,167,174,170,155,159,154,157,152,148,155,146,152,155,137,150,167,149,140,159,176,163,169,157,157,148,163,164,161,160,159,156,153,145,150,143,167,152,159,146,144,133,145,155,140,128,145,142,146,157,133,134,119,123,127,109,125,132,120,119,136,123,116,128,133,128,131,129,109,108,103,119,123,126,125,127,110,97,105,110,115,105,122,120,112,112,114,99,102,96,81,84,85,100,100,96,90,93,87,87,99,109,97,98,99,82,96,97,81,85,76,93,89,97,96,85,81,
70,59,57,54,78,72,67,79,82,93,77,71,83,85,92,107,101,103,89,84,94,111,114,125,132,141,136,128,141,120,138,156,137,138,154,154,155,165,190,161,154,158,160,150,167,158,149,183,161,164,163,170,183,174,164,178,175,174,193,191,186,167,171,185,193,197,180,189,167,171,149,149,181,172,176,154,156,150,161,166,161,160,181,168,139,146,163,146,153,157,163,162,156,174,158,164,154,163,176,155,139,164,177,167,152,158,157,148,142,160,154,142,136,129,131,131,154,155,159,154,156,137,125,116,134,127,146,138,135,142,125,128,126,130,137,123,146,141,120,125,141,132,129,124,133,121,124,139,128,122,129,118,104,112,125,118,132,134,127,112,118,107,103,98,119,108,104,114,94,98,94,97,98,95,89,86,99,101,90,110,88,106,103,102,92,89,94,89,87,74,72,76,88,88,82,88,83,77,65,73,
70,56,59,52,48,55,70,64,75,86,77,82,95,105,112,116,111,122,113,113,114,111,96,110,120,119,135,130,142,116,146,137,158,170,161,147,172,172,181,152,152,161,156,180,164,170,164,168,179,165,174,196,182,175,181,162,181,173,173,162,167,168,166,186,200,177,177,192,169,163,170,186,191,182,198,205,176,166,183,191,175,165,172,158,155,155,161,164,156,169,168,160,162,185,182,179,186,181,165,162,179,178,161,173,165,145,135,153,143,155,138,150,131,143,146,132,170,166,154,154,144,116,134,137,128,137,135,153,152,124,123,147,147,144,153,141,138,137,129,143,134,132,121,114,99,118,126,117,120,122,119,123,109,120,125,121,122,120,115,107,128,132,122,118,114,110,105,101,89,96,104,97,86,99,98,98,109,99,107,112,116,95,95,107,93,99,92,85,79,91,93,92,81,71,78,82,63,76,77,73,
55,54,51,50,47,43,63,64,68,70,77,78,82,97,109,111,116,127,121,117,116,125,105,113,111,137,133,134,136,132,136,144,143,147,180,157,150,158,159,149,166,171,159,165,184,171,171,156,173,186,173,190,172,169,172,167,178,192,183,157,155,177,196,171,190,190,189,189,198,179,161,181,169,183,181,191,182,187,170,169,169,150,154,152,143,129,156,168,163,177,166,163,154,180,172,147,164,153,148,150,140,167,169,152,156,146,170,144,149,158,138,153,164,161,136,141,145,140,149,129,124,124,152,149,139,157,145,166,144,137,132,138,121,129,138,147,133,132,131,138,127,117,117,126,108,122,116,109,117,115,119,114,110,103,104,109,121,129,118,129,119,122,118,109,117,125,109,111,121,104,128,111,113,127,128,110,108,113,120,96,93,93,90,104,104,84,93,98,78,69,83,88,82,78,80,79,81,77,76,78,
53,40,47,53,45,48,48,54,75,73,81,80,88,86,100,89,105,117,129,136,122,123,127,127,128,146,156,135,139,152,128,133,135,156,164,177,150,172,187,168,160,177,174,168,181,168,171,179,187,193,207,194,182,195,194,185,197,203,175,194,171,159,190,170,170,193,152,169,188,184,173,197,178,172,176,185,178,170,175,176,158,199,190,163,161,148,181,172,177,181,166,173,154,162,150,148,134,146,151,154,141,152,144,163,170,158,154,165,179,163,162,158,170,160,165,164,155,161,173,147,137,149,148,145,149,139,139,134,142,155,137,140,143,147,155,165,150,119,139,122,127,124,145,144,124,134,138,136,140,106,134,119,108,112,101,117,124,120,151,140,129,118,120,112,106,128,104,116,107,122,106,115,116,115,111,105,113,114,101,84,102,102,104,121,114,100,98,95,92,93,79,88,84,77,87,87,77,80,82,77,
55,44,44,55,56,56,62,61,70,67,67,83,83,92,93,101,102,99,101,110,107,114,127,131,140,145,133,128,118,147,137,136,151,159,151,156,152,154,168,163,166,162,173,171,176,167,163,160,170,171,198,184,188,192,190,184,185,180,175,197,195,163,175,157,156,166,170,192,184,143,174,179,177,177,175,186,179,165,182,172,158,179,170,165,175,181,182,169,184,185,181,160,142,149,151,168,176,164,158,158,146,146,148,173,136,137,163,180,192,189,166,169,165,152,172,187,161,156,160,151,143,145,157,161,154,140,160,158,164,143,139,133,130,146,136,146,149,145,148,138,125,129,122,144,157,157,127,123,127,127,125,125,108,125,128,123,111,112,126,118,123,127,122,121,117,108,108,114,110,105,117,118,113,118,130,118,104,100,111,110,95,94,96,104,93,98,103,88,95,87,86,84,90,86,98,84,83,76,69,71,
55,48,39,41,56,68,55,65,63,66,70,82,83,96,92,101,111,99,102,123,112,103,115,131,139,150,153,131,137,160,162,142,141,158,152,133,160,166,162,164,157,150,158,171,178,175,168,195,169,181,200,207,210,201,207,201,192,183,185,184,190,172,161,136,151,183,188,188,195,171,163,183,196,195,172,181,173,169,163,167,170,183,178,175,175,173,173,169,176,162,171,151,166,172,177,193,184,168,171,157,164,166,154,162,159,174,182,183,165,162,150,159,162,178,164,151,149,142,170,155,144,167,149,166,158,141,138,144,152,145,135,121,129,122,127,127,136,117,118,134,123,128,124,129,152,143,152,146,147,121,133,139,124,126,133,104,108,118,120,128,131,137,126,121,121,109,95,107,104,115,111,116,112,108,111,96,104,88,85,86,88,85,96,99,107,102,88,75,80,98,104,97,86,90,91,90,94,95,80,78,
61,42,52,59,56,69,72,71,68,66,72,83,94,96,91,101,112,109,103,104,99,104,107,118,116,136,144,134,146,150,160,142,148,149,127,133,150,180,180,157,158,159,151,167,169,183,187,207,186,203,174,193,180,177,181,174,179,178,188,202,199,168,159,164,161,187,190,189,214,207,181,175,181,190,188,194,179,171,166,178,192,154,188,187,194,174,176,188,190,183,171,167,165,152,156,170,170,186,189,176,179,179,179,166,182,157,182,171,171,167,164,160,176,161,158,165,151,150,141,145,174,171,153,163,173,152,155,160,156,146,155,144,135,122,128,127,137,128,128,136,145,140,129,143,145,144,125,124,155,143,134,141,123,127,116,109,116,124,130,145,126,119,114,111,100,109,110,102,100,116,112,108,102,103,103,96,107,110,97,103,110,125,118,109,100,90,85,84,86,88,78,90,101,81,95,69,69,68,81,91,
71,49,55,52,58,58,61,65,57,72,67,77,81,99,106,100,121,112,105,111,105,122,113,138,119,110,144,126,146,146,167,169,157,152,141,155,153,163,167,186,177,184,147,168,193,179,178,175,207,198,173,186,174,168,175,175,189,179,187,173,185,182,191,196,184,177,167,175,168,188,182,201,181,188,172,192,180,164,176,173,177,194,176,165,170,170,173,179,185,185,175,177,170,185,171,185,197,197,202,193,181,178,194,161,148,160,178,161,161,168,166,159,167,148,172,163,160,170,168,175,174,162,145,155,150,142,139,132,150,137,127,141,123,119,136,117,136,135,125,133,138,133,142,133,143,121,117,124,121,127,136,134,122,139,128,126,122,119,117,121,108,103,112,111,98,103,109,100,113,113,107,103,97,104,107,104,95,83,86,92,91,96,101,99,92,99,98,89,102,85,80,77,84,78,88,83,89,83,90,84,
62,52,51,47,55,49,56,60,58,52,62,77,94,102,114,107,108,101,97,118,123,113,105,132,119,110,139,152,140,156,145,146,159,155,157,157,150,141,164,178,165,171,166,180,198,190,159,168,184,179,178,192,203,170,167,180,198,183,187,185,196,185,184,176,193,166,182,186,185,193,214,204,179,178,184,186,177,175,170,180,174,184,174,164,163,173,181,186,193,177,179,194,165,186,182,202,184,181,186,188,172,182,173,172,176,193,167,158,153,155,149,180,167,192,197,182,162,180,158,164,166,180,170,171,149,160,159,161,149,161,149,161,143,130,120,122,134,125,128,144,160,143,125,138,140,128,130,126,142,128,118,126,131,139,118,114,124,120,143,138,127,132,113,115,122,124,120,123,106,109,120,124,108,121,109,104,101,97,86,96,100,91,96,88,96,101,104,88,96,91,87,93,93,80,90,85,81,86,78,75,
54,42,43,46,66,57,71,70,73,71,64,65,80,89,90,84,95,92,104,134,122,120,116,139,142,126,129,145,127,129,135,131,144,152,160,166,165,171,160,179,181,188,168,180,187,175,165,178,164,164,165,166,174,172,176,173,171,186,183,192,190,178,210,170,204,183,165,178,188,196,178,193,187,161,185,199,186,183,174,177,189,156,167,172,194,181,165,171,172,175,180,210,193,179,198,188,166,180,170,187,164,198,189,174,179,176,193,192,170,162,155,154,176,167,142,142,153,164,167,164,156,124,137,152,159,144,169,154,151,169,157,144,157,148,147,141,152,144,147,143,154,156,156,139,138,134,116,122,117,141,146,144,134,147,129,130,115,120,137,124,130,126,125,124,135,126,124,120,116,104,109,95,103,104,112,109,102,90,106,88,97,105,112,100,89,81,86,88,80,73,81,79,83,89,84,76,77,75,62,74,
67,62,58,55,62,63,67,64,61,69,79,78,77,94,98,112,116,103,103,135,139,130,130,128,120,135,138,131,138,120,134,155,139,140,149,173,163,155,153,155,174,170,168,189,178,175,173,177,169,182,179,198,174,183,190,166,186,190,171,157,159,164,193,179,181,185,182,193,190,171,174,192,176,174,176,183,183,190,167,169,162,173,169,161,164,174,184,170,142,153,173,202,199,184,182,194,197,197,179,178,182,191,180,178,183,170,190,189,188,190,197,163,166,160,149,157,153,163,183,164,167,153,146,142,145,138,161,157,159,177,149,121,128,127,135,139,142,139,135,140,149,145,148,137,132,122,126,125,142,155,128,114,112,121,120,117,104,113,112,102,110,118,114,102,105,117,100,98,102,110,120,120,100,101,112,109,114,114,103,112,96,93,83,85,87,70,75,89,86,91,83,72,77,73,70,65,69,74,75,81,
65,51,62,72,83,78,77,79,85,84,98,81,79,91,99,94,93,103,118,138,133,100,114,127,134,121,144,154,142,134,141,132,135,146,160,169,148,163,154,151,166,160,153,197,190,170,175,162,163,171,169,185,189,198,176,163,190,180,197,186,187,174,183,174,180,215,192,182,188,188,180,193,162,157,168,205,178,193,191,196,172,166,186,182,176,172,178,178,181,189,195,199,206,171,170,168,196,186,172,182,167,164,160,171,157,167,169,201,186,191,172,138,154,158,145,152,149,145,129,136,135,148,151,167,177,172,171,167,136,122,142,147,147,144,139,126,123,134,136,148,146,153,131,132,132,141,143,135,119,136,103,132,130,125,127,119,108,110,121,117,107,108,119,120,111,120,128,135,137,126,124,124,119,101,106,98,93,100,95,89,98,109,90,102,105,99,98,97,96,103,90,82,90,104,91,79,84,86,64,69,
64,48,42,47,72,62,69,90,74,72,84,77,97,97,108,95,97,100,109,113,117,126,117,119,128,122,144,134,140,142,149,148,154,161,172,175,134,160,181,154,167,171,186,203,184,182,186,162,169,149,168,148,169,179,180,180,186,180,175,206,198,201,193,183,209,204,174,181,184,187,187,178,172,160,177,177,171,170,176,174,173,196,182,190,172,181,178,206,190,199,181,180,187,206,208,182,179,178,170,183,183,171,151,189,158,157,162,171,174,164,164,158,147,166,161,165,163,163,164,151,137,156,167,160,141,136,158,145,158,143,150,154,150,152,145,138,118,132,147,163,161,160,140,130,156,140,138,128,120,142,110,110,121,125,112,126,122,120,119,120,110,106,123,115,96,103,103,106,92,82,97,92,90,99,91,98,90,96,80,88,95,95,91,95,94,92,103,93,93,92,82,76,73,88,77,69,99,87,76,86,
75,59,69,62,75,68,74,73,72,73,71,82,97,89,88,90,108,95,96,95,108,126,118,117,122,137,118,128,132,131,116,139,148,160,168,163,148,157,150,146,160,163,162,165,158,181,185,176,144,163,161,170,179,165,160,162,176,162,176,176,184,180,195,215,205,181,159,171,188,210,195,176,175,182,193,194,179,196,193,203,187,214,182,160,171,183,173,184,165,179,178,186,188,195,174,177,181,176,172,174,176,182,173,162,162,152,149,157,154,151,159,164,157,147,156,161,153,167,158,155,158,159,168,146,147,140,132,142,128,140,142,144,142,126,144,135,132,137,151,145,143,124,133,133,130,126,130,123,131,137,130,133,119,122,117,105,111,120,137,129,127,124,129,132,120,114,108,107,111,95,106,109,123,113,109,109,111,97,102,98,101,105,99,100,108,84,80,84,83,84,67,75,82,87,87,74,72,68,79,75,
58,61,58,55,65,65,80,68,75,78,71,91,94,89,96,94,110,105,104,114,107,104,107,122,138,133,139,140,135,149,132,138,124,132,147,150,161,153,144,149,160,173,163,151,149,155,160,168,156,180,182,169,166,168,181,177,165,172,168,180,171,171,182,200,192,176,173,164,161,201,179,166,179,169,187,199,197,190,197,211,226,187,171,168,180,156,168,175,163,178,204,191,177,163,183,181,198,194,183,175,177,177,169,169,174,180,175,178,153,160,151,162,134,142,130,121,142,163,150,166,169,162,139,143,127,130,133,138,158,135,137,151,145,147,153,144,127,125,141,127,125,147,142,136,133,111,138,122,121,127,138,120,138,121,122,127,118,131,129,115,123,115,128,132,125,125,130,139,128,126,113,119,115,131,116,100,110,113,122,112,113,105,95,98,99,80,82,80,94,97,86,79,88,86,83,72,69,78,84,73,
68,53,52,58,58,50,49,66,77,83,88,73,80,105,79,93,109,112,108,106,105,107,123,132,128,142,136,135,147,162,134,150,145,150,167,154,168,164,159,148,156,136,141,173,169,183,175,182,165,178,187,164,171,188,181,201,190,183,151,188,185,165,166,171,167,187,156,165,166,156,176,169,157,194,176,174,178,205,200,202,195,172,175,175,179,173,159,185,194,173,176,160,178,166,190,193,169,179,188,172,170,181,164,165,184,169,172,177,184,174,165,171,151,155,141,157,155,160,165,156,168,143,153,149,152,133,116,125,136,147,136,135,134,143,159,161,163,140,138,156,137,134,132,121,126,122,114,112,129,142,139,125,116,107,118,128,134,120,124,107,110,103,103,115,110,124,119,122,119,132,116,122,123,122,115,121,104,100,106,97,101,97,109,112,92,86,82,96,69,79,85,92,94,84,75,68,64,63,69,70,
77,60,58,62,58,54,62,74,82,75,81,83,80,82,101,106,88,101,105,110,112,117,132,143,132,135,127,126,155,149,142,138,163,144,143,157,164,153,161,185,144,138,147,142,174,158,145,158,152,157,174,161,161,167,176,172,194,191,184,205,163,182,177,177,167,184,187,169,194,200,187,176,165,186,178,179,186,193,206,189,178,187,186,182,194,179,185,182,177,181,179,178,162,183,186,192,169,162,171,163,156,172,175,171,177,182,163,160,164,179,171,181,166,151,169,154,158,179,176,162,164,149,151,145,138,144,157,141,137,137,139,139,143,155,152,169,151,162,144,140,156,135,116,112,133,118,117,121,129,126,126,133,133,115,112,100,122,126,133,118,125,114,119,118,117,112,116,115,109,109,123,117,111,112,119,111,115,108,109,92,90,96,95,107,115,95,90,96,91,100,95,98,95,77,84,81,78,92,95,97,
68,54,66,50,54,63,63,69,73,65,77,78,86,97,114,101,85,106,111,114,120,121,114,109,132,128,127,141,151,134,127,129,154,157,143,145,152,151,173,159,143,159,178,158,176,172,162,171,157,149,182,174,176,155,169,182,165,181,177,165,161,177,171,180,190,163,163,156,180,197,192,179,168,173,169,162,181,208,211,193,193,188,195,179,192,178,172,198,194,170,173,171,164,179,163,167,175,176,158,185,173,169,153,163,177,185,187,191,178,171,163,166,170,164,170,169,173,153,148,154,156,139,146,140,142,146,148,159,165,156,159,155,140,143,148,152,139,152,153,151,146,142,127,127,133,122,144,134,130,118,135,124,131,130,121,123,122,130,125,131,123,122,115,118,112,113,111,119,130,120,120,134,104,95,99,113,115,114,112,99,92,97,94,96,96,89,90,97,105,90,93,104,94,89,89,89,88,93,93,97,
75,63,70,69,63,66,72,73,77,79,86,88,93,112,104,112,114,120,124,115,100,116,132,130,136,147,163,121,131,131,135,152,153,161,149,123,134,145,179,180,173,159,174,164,162,174,179,176,164,175,169,164,176,179,166,176,178,190,180,178,184,163,161,165,162,176,179,190,195,173,183,183,193,186,172,166,168,158,173,209,212,210,201,187,204,199,182,199,190,195,179,177,181,179,169,181,179,174,181,171,188,182,189,186,185,176,177,175,185,181,184,177,177,194,165,160,164,145,144,147,158,147,139,155,140,151,146,146,141,139,151,147,144,154,158,154,148,146,161,160,147,147,144,155,144,133,163,157,152,131,130,122,127,123,119,124,112,106,108,109,100,109,116,114,122,115,99,104,100,104,104,113,116,92,110,94,93,93,106,92,84,89,87,90,91,91,88,100,94,75,83,93,95,90,87,87,77,66,70,82,
74,53,63,60,56,66,66,67,70,79,81,88,96,92,99,106,106,104,110,94,104,115,111,117,126,123,146,116,128,140,144,154,144,159,148,147,147,134,152,151,153,162,153,150,161,164,178,163,166,165,156,182,181,179,176,180,165,188,182,185,169,168,161,167,167,194,167,188,187,188,209,181,184,182,175,171,172,166,189,196,179,190,174,166,192,199,210,186,173,174,172,194,184,169,158,160,168,195,179,189,163,161,158,161,179,178,181,185,181,187,175,174,162,162,150,151,162,165,149,147,152,166,161,141,161,154,120,122,120,126,131,118,138,135,138,126,121,136,157,165,150,143,145,129,122,141,142,143,125,122,127,146,129,151,142,130,136,118,110,121,114,121,110,102,96,99,106,100,97,111,105,98,93,93,85,87,90,101,87,83,97,96,97,81,80,94,107,95,97,92,77,85,78,78,92,79,72,69,73,73,
70,58,48,55,53,62,65,60,61,85,85,78,94,71,84,93,79,99,111,116,108,121,120,128,132,124,128,149,166,135,135,145,163,151,156,180,172,164,161,173,165,160,158,155,143,151,166,159,166,183,162,167,170,179,168,184,215,174,168,188,196,187,177,186,187,179,170,169,185,195,188,193,206,196,183,198,206,188,178,174,182,187,198,181,169,176,176,183,187,156,169,164,175,170,185,171,185,169,171,143,154,161,166,160,149,162,155,170,165,180,172,164,169,165,147,141,144,162,152,157,135,147,136,155,148,171,157,148,151,163,147,128,133,129,127,145,139,132,129,128,143,144,159,152,126,127,130,127,121,116,115,113,106,130,117,117,114,122,125,118,101,100,110,102,104,103,113,111,113,105,108,103,104,97,97,91,79,94,104,110,94,93,100,87,85,80,85,86,79,79,79,91,87,107,99,93,85,72,70,84,
74,59,44,58,54,75,63,78,62,86,84,98,100,91,97,105,102,97,115,122,101,109,120,124,135,143,133,152,144,130,141,152,157,154,147,157,152,155,141,160,167,164,175,163,157,151,171,178,185,160,169,176,169,196,174,191,200,169,183,166,176,181,186,191,161,167,181,202,165,186,166,176,170,188,177,187,181,191,179,193,194,203,201,185,171,191,164,185,200,186,172,177,193,168,174,170,166,167,150,153,150,162,144,158,153,138,163,168,173,164,152,138,145,153,152,164,154,156,155,145,173,153,164,148,155,144,165,148,148,147,146,143,140,136,122,139,142,144,150,127,129,134,124,144,152,118,121,135,132,122,138,140,119,126,120,121,123,122,113,121,117,115,117,114,107,110,112,106,106,108,101,99,84,90,97,109,103,97,81,101,101,96,101,82,84,84,91,84,85,84,78,78,83,84,86,95,78,82,86,92,
57,41,58,63,58,52,70,75,65,71,77,85,90,82,87,105,96,94,115,109,100,118,121,106,119,126,125,137,139,129,135,143,138,146,157,154,162,141,134,159,162,162,153,173,178,161,157,170,173,165,179,195,189,177,179,169,157,171,181,185,159,149,174,182,184,186,184,174,185,196,185,183,181,194,192,189,166,176,191,180,165,188,178,188,180,193,171,172,171,176,180,201,185,165,165,179,183,175,148,154,167,159,159,150,162,147,150,166,146,154,152,155,144,138,158,164,156,144,166,150,139,150,136,131,115,126,147,147,141,141,140,152,143,148,137,137,144,124,137,126,115,121,126,121,123,113,120,112,102,112,119,118,126,116,118,117,119,126,135,111,112,122,120,105,123,127,129,116,124,116,105,110,106,87,82,88,90,90,97,93,100,90,98,90,94,97,101,121,106,96,96,87,82,94,96,88,84,87,85,89,
56,48,55,50,52,55,68,71,85,81,86,82,97,84,90,94,89,94,113,119,127,109,112,109,111,114,121,124,128,120,126,131,144,146,147,144,163,157,150,152,172,167,163,165,158,143,165,172,153,157,156,174,167,175,179,172,186,193,160,168,177,180,188,180,178,198,170,180,180,180,172,150,132,160,178,188,169,170,182,171,196,199,161,160,190,165,166,154,174,173,190,190,191,205,185,180,161,163,160,171,175,175,161,162,156,140,140,153,166,162,159,152,143,134,148,145,148,164,155,139,138,152,152,147,135,133,136,114,134,127,118,131,119,110,122,139,140,136,122,130,117,124,127,138,139,125,129,125,115,114,117,122,110,118,124,113,104,87,105,105,98,118,107,115,121,106,115,117,125,110,88,97,98,106,102,92,95,89,82,96,88,89,84,92,85,90,91,85,86,92,83,94,86,92,90,84,82,74,73,84,
59,41,40,45,50,64,69,72,81,85,91,80,91,99,98,97,106,104,113,112,114,120,120,106,99,114,122,143,156,132,124,140,131,138,145,145,140,147,147,146,161,166,136,161,144,141,158,166,161,159,157,165,177,188,176,188,189,190,165,171,171,177,182,164,171,178,194,182,169,168,186,187,160,161,192,164,168,160,175,200,200,190,185,197,182,166,159,170,176,174,150,181,185,196,185,176,182,170,174,158,153,161,164,160,151,154,137,150,143,139,165,161,151,170,150,151,145,163,170,143,141,144,143,138,132,130,144,129,143,118,118,122,123,119,118,133,138,115,122,133,124,104,119,123,124,120,112,126,127,123,117,122,110,115,114,117,122,113,113,125,112,89,99,108,104,110,106,115,110,107,118,115,109,106,107,104,99,100,94,92,99,80,87,92,90,82,88,95,96,91,89,87,84,80,90,81,84,87,68,78,
64,52,47,53,64,70,50,64,62,73,79,80,84,88,87,78,114,119,123,106,125,132,124,134,131,131,148,145,121,133,142,150,146,135,138,134,153,146,152,165,159,161,157,172,154,166,161,174,168,152,158,174,164,163,160,175,172,176,185,163,146,180,170,172,190,183,192,174,184,165,161,158,155,160,163,164,161,174,203,181,185,177,168,156,168,161,156,169,175,171,166,178,171,175,172,168,167,185,160,171,172,163,161,176,177,154,154,151,149,139,151,169,167,176,171,140,150,150,164,151,153,147,145,133,119,114,133,145,129,138,135,144,135,123,113,124,137,132,126,137,149,126,131,131,138,140,129,120,136,126,123,131,129,112,98,112,120,132,134,124,105,115,118,119,127,132,115,95,102,104,96,108,111,114,94,93,115,102,100,94,88,89,81,84,85,82,95,94,103,101,105,99,102,103,71,67,67,72,76,66,
67,49,54,57,68,60,64,62,78,68,68,70,91,83,103,102,104,111,115,117,130,134,125,132,132,122,117,126,130,143,126,140,127,147,140,133,138,149,149,148,146,165,166,168,154,166,148,154,162,169,149,149,122,127,127,150,165,168,166,153,166,173,161,166,171,178,183,178,160,169,166,168,180,180,154,170,160,157,172,150,174,152,167,151,166,160,170,163,185,171,170,192,181,150,151,146,151,177,186,191,169,157,162,159,151,171,156,155,147,163,162,174,184,156,170,161,143,138,139,158,134,118,124,117,137,144,136,145,129,133,135,130,144,124,105,120,103,125,131,127,131,120,129,127,128,121,107,121,117,123,122,114,102,108,100,111,125,107,123,130,128,122,124,120,112,112,121,109,99,119,110,118,109,100,93,85,90,95,96,82,92,76,99,102,106,83,101,100,93,107,106,94,93,103,95,90,79,73,72,74,
62,52,52,55,79,73,68,69,66,65,68,84,95,94,92,105,108,105,103,102,105,104,112,125,139,134,134,142,139,133,129,138,121,122,130,135,134,143,155,151,137,155,162,159,162,170,181,160,154,160,139,154,146,162,140,141,152,179,169,175,185,187,182,168,184,165,161,176,177,169,176,168,175,190,182,179,201,177,183,180,170,167,165,174,162,165,193,175,168,168,154,159,166,169,153,153,173,166,176,175,166,162,172,170,166,177,168,165,163,166,148,158,150,137,138,157,148,124,153,146,140,117,120,115,142,125,126,137,128,138,130,133,131,130,132,117,112,111,125,144,136,123,125,128,126,122,126,111,119,121,119,132,119,106,109,114,117,106,121,102,104,120,120,107,107,111,108,105,104,103,90,116,97,99,94,105,111,121,107,102,108,98,92,75,90,96,99,101,94,95,97,106,92,93,89,92,79,76,68,77,
61,49,55,53,49,67,77,69,75,76,83,67,86,95,95,114,110,118,102,98,93,115,129,124,123,129,133,144,135,141,131,128,123,122,123,137,162,155,157,156,151,164,151,153,166,174,144,154,160,166,154,173,190,144,162,171,165,164,168,178,187,170,181,178,162,189,142,155,165,150,162,167,176,176,196,169,153,152,176,178,183,180,166,161,139,153,155,161,174,164,162,163,166,157,157,150,143,146,162,180,182,157,170,156,172,179,179,188,173,161,146,151,129,126,109,133,122,119,125,118,117,127,128,133,122,119,131,136,127,142,142,123,122,136,123,141,139,106,120,110,117,132,129,141,136,118,121,126,117,116,108,111,117,115,101,101,106,113,115,117,111,108,96,114,120,129,118,127,93,102,111,97,101,98,74,92,86,99,95,93,102,109,103,88,89,91,88,99,93,98,97,87,98,82,74,82,77,80,68,77,
70,49,47,52,62,68,67,76,67,74,64,85,88,82,101,102,94,102,108,106,100,111,140,130,148,138,133,144,127,132,118,113,136,128,136,127,153,136,161,154,170,143,163,153,141,174,138,137,142,169,146,169,174,163,167,138,148,149,184,167,170,182,187,174,215,179,177,183,170,162,170,117,127,140,153,175,174,178,177,191,179,164,162,189,169,171,168,160,169,155,160,179,199,157,168,147,144,138,162,167,161,170,179,163,145,180,178,157,164,186,149,158,145,144,143,126,132,130,139,148,136,156,147,150,131,128,126,125,123,112,127,122,132,118,133,126,129,135,127,126,128,134,122,133,126,112,120,113,118,112,115,107,107,117,107,100,109,112,110,111,99,101,84,97,87,111,122,120,117,111,117,108,99,116,113,99,98,103,98,94,102,99,104,103,85,69,71,75,83,84,80,77,98,88,83,85,77,80,80,83,
67,38,41,55,54,65,64,63,71,67,77,89,85,87,90,87,102,110,98,113,117,114,135,128,136,145,133,136,124,132,125,118,122,123,150,132,126,145,168,147,151,138,140,147,151,148,161,153,146,143,151,147,153,126,157,146,142,155,154,161,183,184,198,191,174,186,159,158,173,170,168,141,163,163,159,167,169,170,178,168,153,164,168,176,154,165,166,164,167,185,176,164,162,146,159,165,155,156,166,166,154,157,153,152,147,164,153,175,165,165,157,154,157,141,139,125,123,126,133,141,124,124,133,133,136,135,136,128,133,136,124,125,117,111,116,118,130,120,115,114,124,118,100,114,126,122,120,122,123,120,116,109,111,106,94,102,105,107,111,121,107,99,108,103,110,122,115,106,121,105,97,111,108,99,108,111,115,113,113,111,100,86,86,99,89,102,97,90,93,83,78,73,73,79,72,74,70,68,73,73,
53,46,61,55,68,71,70,72,79,71,71,75,84,100,88,104,103,110,111,118,120,117,112,121,122,134,121,134,143,133,126,133,140,141,125,134,143,152,136,155,135,147,157,153,156,142,145,146,150,167,160,153,141,150,157,155,149,169,164,139,176,168,181,192,174,167,173,160,165,169,160,152,165,164,177,174,179,173,179,177,165,159,172,179,189,166,149,139,136,176,171,175,153,170,180,165,154,172,153,154,157,180,164,174,159,165,150,146,155,156,154,160,147,156,159,145,139,149,124,119,124,157,141,135,146,138,129,126,117,135,118,150,129,127,132,135,126,132,113,105,103,129,116,115,112,138,122,143,133,114,120,105,111,122,104,108,105,109,98,101,107,95,90,91,94,92,87,90,89,92,103,111,110,92,88,95,92,103,100,98,88,85,84,106,102,75,70,66,72,74,72,84,76,75,75,70,77,68,68,70,
67,59,59,63,75,72,67,76,69,62,66,74,81,89,73,89,80,109,98,109,100,100,111,106,103,112,125,136,149,151,150,122,116,121,136,119,133,134,120,136,134,147,173,165,133,135,144,143,159,148,149,158,153,161,158,139,156,161,153,139,180,173,168,185,174,157,163,157,161,187,158,156,142,142,132,139,140,171,162,161,159,155,161,169,156,149,151,165,164,141,158,173,175,166,152,158,156,166,151,160,135,168,141,140,140,150,152,146,142,129,141,147,147,151,151,151,135,154,134,140,151,155,143,147,133,138,131,132,135,139,141,134,142,120,117,126,128,123,125,113,125,136,120,117,123,126,128,114,129,121,116,113,100,93,117,106,105,104,108,107,105,93,90,100,113,106,95,99,94,100,86,92,100,94,79,73,71,79,85,95,101,90,74,81,82,85,77,94,73,75,78,85,76,75,79,62,60,62,64,72,
69,60,55,60,65,64,58,57,67,57,58,82,75,86,90,95,99,87,96,115,96,92,111,111,101,130,117,117,110,130,142,124,132,141,122,109,107,121,119,139,137,125,134,133,127,138,127,137,130,145,151,142,148,144,126,155,160,158,151,150,168,170,150,167,159,163,163,161,159,165,167,154,152,135,126,137,149,163,155,147,154,143,172,185,172,156,151,170,153,136,145,151,162,147,162,171,171,147,156,149,149,160,156,140,160,160,158,154,154,163,148,155,149,161,136,146,152,154,150,135,137,146,147,123,132,136,127,123,142,132,135,115,116,110,105,101,102,96,122,116,105,118,116,111,107,99,102,109,108,116,118,115,111,112,105,100,99,95,102,116,114,104,88,103,83,114,90,85,89,84,90,85,85,97,85,75,73,68,70,58,77,86,89,97,91,72,78,82,82,92,76,74,78,78,80,85,84,77,69,68,
62,46,46,48,50,58,51,63,63,63,74,85,81,80,81,92,92,89,91,96,91,84,95,117,104,105,105,106,132,128,133,126,122,112,125,132,122,130,109,101,127,133,137,136,139,154,132,142,132,147,141,139,128,128,135,132,138,138,157,145,160,165,170,150,164,168,167,169,142,148,163,135,153,137,155,146,135,156,150,150,136,151,166,179,172,153,158,152,155,169,147,151,146,144,154,161,147,153,150,147,131,145,148,146,156,146,146,146,139,145,141,140,144,152,145,148,163,157,148,142,147,158,136,142,122,119,119,109,138,151,149,139,118,107,121,128,132,124,121,112,108,112,103,96,98,114,116,113,89,92,112,114,112,114,102,102,95,85,97,104,105,108,111,95,101,102,106,86,103,94,78,73,91,84,88,89,93,90,91,88,85,76,86,78,92,81,91,78,71,64,73,74,73,72,68,66,74,76,71,66,
57,48,48,47,49,55,65,62,65,67,81,71,73,92,86,85,82,93,88,86,91,92,107,99,102,92,116,103,127,119,106,124,122,113,121,121,112,116,111,105,130,128,155,146,143,160,136,131,139,148,132,125,125,123,131,139,150,146,154,163,159,147,144,154,155,136,145,145,148,136,155,140,139,153,167,157,159,143,156,155,154,177,184,181,192,164,147,140,151,177,143,145,140,138,127,141,147,159,127,140,134,157,159,150,152,139,154,149,130,132,124,131,141,148,143,140,142,145,150,160,140,143,149,131,130,146,132,129,129,143,141,142,135,123,112,106,133,128,133,111,103,121,135,127,113,108,102,117,101,80,104,100,94,97,93,97,104,86,87,95,97,96,105,99,88,86,93,104,95,92,83,82,93,90,81,75,80,77,85,87,90,74,80,80,76,86,86,76,80,76,68,61,62,62,60,64,56,61,78,66,
65,54,54,52,62,59,55,76,78,71,63,67,80,79,80,84,80,93,86,104,83,105,90,91,106,110,102,107,109,130,107,123,135,116,128,118,116,97,113,130,117,118,135,140,129,144,130,139,151,133,149,160,143,136,142,142,134,125,132,144,145,134,150,154,145,149,153,145,157,151,148,137,144,136,146,147,144,152,166,161,172,150,159,164,155,156,157,152,147,164,159,151,154,149,145,157,148,148,144,134,126,142,136,135,150,150,147,135,136,137,155,135,111,123,118,125,139,130,144,138,126,146,152,130,123,125,140,124,137,146,132,124,135,116,94,94,124,129,133,131,106,106,127,127,122,115,101,113,114,118,113,113,103,88,103,99,96,103,96,80,93,83,90,80,77,93,83,94,94,85,80,90,100,94,81,91,90,76,83,91,100,81,87,84,87,90,86,91,88,88,76,73,58,65,67,70,64,64,57,60,
73,47,43,46,58,61,59,56,59,49,70,65,75,72,77,78,69,84,86,98,95,104,103,108,105,113,123,113,96,113,116,107,112,98,122,115,135,120,134,109,114,113,147,142,135,132,132,135,155,130,149,150,139,139,135,125,138,146,135,146,166,149,151,138,156,133,123,126,139,126,156,152,130,130,127,145,148,135,127,152,145,139,152,130,147,148,132,153,141,163,138,138,147,139,139,137,140,146,133,139,116,136,148,154,134,145,138,157,152,141,143,148,133,106,116,103,137,126,141,143,135,126,133,132,142,126,122,112,124,124,136,127,126,126,119,110,106,98,107,106,133,107,119,115,112,112,117,110,107,114,95,107,115,114,108,98,107,91,93,105,112,95,90,87,80,90,99,93,93,91,86,92,78,82,74,83,94,63,74,73,75,81,84,71,66,87,75,77,92,87,78,76,71,72,73,66,61,54,54,59,
64,44,50,66,64,51,54,56,50,64,58,69,58,54,74,76,78,77,83,85,97,111,112,108,101,110,114,99,106,118,112,114,97,86,104,108,109,110,132,110,116,122,148,146,140,132,138,150,144,126,130,145,140,138,137,125,139,136,136,141,127,123,144,126,144,124,126,141,131,140,129,138,114,129,145,142,136,126,111,134,145,135,157,136,138,142,152,149,146,149,134,130,146,146,144,132,144,134,124,147,161,148,128,139,144,133,137,125,125,134,125,137,116,128,135,122,118,117,118,127,146,145,145,136,133,144,131,122,128,129,121,127,124,127,116,123,132,103,115,110,116,134,113,124,116,133,118,101,99,108,97,102,106,105,101,105,106,104,101,93,122,116,99,103,100,99,100,101,85,86,74,84,80,77,71,76,74,86,72,79,76,76,68,75,74,76,69,71,73,70,63,68,59,59,59,77,63,70,63,54,
65,45,63,59,51,41,47,58,53,56,57,63,66,73,70,81,71,68,92,87,93,108,86,102,90,91,92,85,95,112,107,119,112,99,107,120,108,132,138,110,117,121,134,143,131,123,133,116,136,131,130,121,125,128,132,115,132,120,126,136,136,133,130,133,146,134,132,140,137,132,145,142,149,141,153,121,117,110,136,128,135,117,121,135,127,135,128,134,138,141,144,129,122,149,148,143,115,148,140,127,146,147,136,126,131,138,135,131,112,127,131,143,137,128,139,110,121,127,116,125,139,132,124,120,142,138,141,139,129,123,124,124,111,98,109,116,122,124,111,101,101,110,124,133,104,103,105,92,85,94,89,96,117,102,92,106,107,100,94,91,81,94,94,100,91,75,85,89,96,115,97,94,99,93,78,84,82,93,88,93,72,85,74,60,67,76,79,85,90,87,75,82,69,65,60,69,64,65,66,61,
67,63,64,44,43,54,67,62,62,63,63,73,75,84,79,78,81,78,97,87,80,80,93,99,105,97,80,94,120,133,113,97,104,93,106,105,92,101,110,106,118,122,135,132,120,113,123,120,128,120,148,137,116,118,127,126,137,132,122,118,122,146,138,131,136,131,119,118,114,116,118,137,137,124,121,131,132,107,134,118,130,130,106,131,139,135,138,136,139,154,139,137,119,136,136,158,129,129,133,138,142,146,150,123,134,151,142,129,134,113,138,118,131,143,126,104,109,115,109,111,111,113,123,101,103,115,117,130,118,131,114,113,107,119,114,110,95,95,118,106,103,115,97,107,111,115,109,111,99,89,91,84,111,112,97,89,90,90,77,91,96,88,84,84,88,93,89,94,90,98,95,102,98,86,81,83,74,68,83,89,83,91,74,68,70,76,62,73,71,65,71,72,68,70,66,59,73,69,63,73,
74,59,46,52,56,60,63,55,51,60,74,65,69,64,78,68,66,69,88,74,75,79,80,97,103,88,96,95,99,101,95,96,107,98,94,95,86,92,111,120,114,132,125,123,117,106,119,111,114,122,121,117,146,128,130,136,136,130,121,124,117,134,120,121,122,139,148,133,109,119,133,151,120,120,125,134,144,122,109,119,117,128,114,114,129,148,137,131,127,138,134,130,111,122,127,142,123,110,112,101,108,125,142,132,114,147,154,145,140,132,126,127,130,131,124,110,110,116,110,106,105,112,108,98,88,104,93,111,110,125,126,115,103,104,106,105,106,95,94,96,98,99,102,98,91,92,95,111,113,108,103,100,104,98,80,100,103,91,88,91,82,101,92,84,82,89,81,93,96,99,71,98,80,79,69,69,60,73,66,77,69,80,82,77,77,74,66,67,64,62,70,69,65,65,62,65,74,67,66,62,
76,56,48,46,49,55,50,49,53,53,61,51,60,48,56,55,67,72,78,69,76,74,80,100,111,85,73,92,81,85,96,105,108,102,100,99,97,84,95,98,93,107,96,119,116,111,117,113,105,100,119,111,129,130,109,122,87,103,120,127,123,114,118,129,125,126,132,137,122,107,125,120,114,115,122,122,129,110,111,112,99,116,111,130,119,146,128,130,126,138,141,143,139,132,132,140,122,130,112,119,127,114,100,130,112,129,135,128,127,119,126,114,112,121,120,110,119,118,119,108,106,104,113,112,102,100,112,109,96,97,113,116,125,124,125,103,107,104,101,104,96,93,107,114,106,102,99,105,107,106,103,98,107,106,74,78,94,87,84,88,80,85,95,83,85,88,84,87,81,95,94,78,80,91,92,92,79,77,75,80,72,72,64,77,74,70,71,77,66,59,59,66,70,68,64,54,57,61,50,51,
74,51,37,44,51,47,49,52,58,63,59,56,50,58,60,61,66,82,73,76,85,74,81,83,81,88,81,78,80,81,77,84,93,97,87,97,88,106,108,108,91,99,98,124,99,103,92,112,107,108,125,117,123,125,114,113,99,115,107,114,109,118,113,107,127,135,110,116,110,116,115,125,112,104,109,114,123,99,99,115,105,106,100,105,115,144,140,116,109,121,113,121,125,115,133,132,118,131,117,114,115,129,108,105,135,117,128,117,109,95,122,117,105,104,124,109,111,103,129,110,129,108,95,104,133,108,105,90,94,98,101,106,109,117,113,106,107,116,108,105,95,111,93,100,105,94,101,86,101,104,111,110,105,105,93,79,76,75,75,85,83,87,98,80,76,95,74,97,96,96,91,92,84,88,77,81,75,87,79,85,88,70,80,71,77,69,69,77,68,64,65,61,50,62,66,58,56,59,59,50,
66,42,45,50,38,51,55,50,53,57,47,44,45,50,65,69,71,77,77,65,68,64,70,78,84,87,74,76,96,79,69,72,96,102,82,92,92,100,100,98,85,91,112,120,110,102,99,104,94,96,108,109,106,122,112,110,101,104,109,112,110,129,108,91,108,120,116,94,126,128,130,124,116,125,99,87,119,106,106,101,104,97,101,106,93,118,127,123,125,123,106,115,114,105,111,111,113,130,119,94,104,113,114,111,125,146,126,127,121,112,89,101,117,99,108,93,105,109,121,120,124,123,104,116,109,124,109,92,97,94,94,78,91,97,98,99,102,102,105,106,109,74,93,102,112,93,106,99,99,91,99,96,99,104,91,100,94,102,85,72,81,86,73,79,82,92,67,66,93,92,79,95,92,81,76,68,67,76,68,63,72,77,87,68,70,74,65,65,59,71,83,80,74,60,62,70,71,73,65,59,
63,42,30,42,49,53,46,47,39,46,40,52,45,63,66,64,61,64,76,61,73,64,71,85,74,89,78,79,68,80,68,81,83,90,92,98,71,75,95,93,89,90,110,105,118,103,86,85,94,81,106,109,93,108,119,110,104,106,116,103,87,103,106,100,109,109,124,92,114,120,119,111,123,130,120,91,109,106,123,99,97,99,86,101,96,107,125,129,108,115,106,82,117,122,114,116,99,119,122,123,101,95,110,118,109,137,126,110,137,108,91,96,106,104,114,114,98,101,99,103,98,99,127,111,108,116,123,109,89,99,91,78,90,99,94,92,96,86,94,97,115,104,93,93,100,81,113,108,91,105,103,88,86,91,105,106,95,100,78,65,69,84,84,83,77,85,76,67,73,79,86,97,84,84,99,82,76,85,89,70,70,67,80,63,75,73,66,68,60,75,65,60,65,62,62,64,70,74,68,63,
69,38,47,47,47,34,33,31,42,45,50,67,51,66,66,65,65,57,77,62,45,59,71,90,79,67,75,69,60,62,71,78,94,102,104,78,66,70,89,75,76,76,97,91,105,113,93,82,86,102,109,100,101,105,106,100,105,90,104,117,110,101,95,98,109,121,105,77,101,97,112,124,110,109,127,106,110,107,114,100,107,98,92,97,111,93,102,112,102,108,113,87,83,97,113,104,103,117,105,114,108,96,100,111,115,109,125,110,110,110,120,91,86,91,90,94,97,97,106,117,104,113,115,112,107,96,92,98,108,102,107,97,85,84,97,75,89,93,93,89,100,91,85,80,86,90,93,97,98,99,97,82,99,87,92,110,98,86,90,79,73,65,70,72,84,86,77,74,74,70,69,72,84,88,89,70,73,72,80,75,75,60,56,72,74,68,73,69,63,55,59,50,49,58,50,47,55,73,63,56,
70,43,28,34,45,36,41,52,48,47,63,54,52,63,51,55,56,65,66,62,52,69,73,69,70,67,84,63,63,64,73,77,82,90,96,74,73,79,80,81,72,81,106,93,89,83,96,91,106,101,96,97,106,105,109,101,100,91,100,102,99,110,107,98,105,111,98,98,88,93,113,116,106,103,111,114,122,126,122,96,93,94,105,110,98,94,92,102,113,98,102,104,89,106,111,109,97,100,111,107,110,93,91,111,107,105,111,117,112,110,119,115,100,83,81,87,91,109,113,124,89,105,99,106,95,111,102,101,93,79,88,110,111,87,87,75,77,100,87,96,96,99,89,78,86,90,96,94,86,95,81,69,72,80,87,104,104,99,104,83,87,90,80,78,76,76,74,79,71,90,81,74,62,72,79,77,81,93,75,77,55,65,64,61,58,57,59,68,61,55,54,59,48,49,43,39,39,63,59,62,
59,36,36,41,39,45,54,54,49,49,54,55,47,65,62,63,57,57,55,60,56,58,57,69,70,80,69,61,65,76,66,66,71,72,73,73,78,72,88,92,75,77,85,90,87,83,87,97,101,98,91,97,101,116,104,96,101,92,89,93,98,103,102,102,105,93,100,89,92,112,110,101,79,104,91,126,113,113,120,100,92,92,97,108,98,101,80,97,119,106,97,115,113,100,103,115,90,84,114,100,131,104,104,112,98,102,106,97,100,112,99,111,104,97,80,82,87,96,104,92,106,106,106,113,113,111,94,109,92,100,84,97,97,89,89,78,84,87,84,89,93,92,96,88,95,91,93,88,81,80,76,75,81,66,78,89,77,78,95,91,83,81,80,94,75,68,73,79,75,73,81,64,70,69,81,87,77,85,89,96,82,61,64,57,54,57,49,59,59,57,61,56,65,56,50,46,40,38,47,51,
60,37,44,33,54,54,49,42,37,46,53,50,65,45,61,60,51,55,48,59,57,52,64,75,67,70,56,63,73,72,65,72,58,62,74,70,76,71,91,88,80,74,81,83,93,95,94,107,93,107,103,100,101,100,97,99,88,93,91,84,93,99,99,92,103,90,111,102,90,104,95,85,81,95,95,107,109,104,112,99,103,86,79,92,95,100,98,94,120,107,88,106,106,108,93,96,111,101,96,100,95,116,109,117,104,98,109,100,102,92,95,103,103,83,86,83,88,108,124,98,92,94,89,90,105,105,104,110,102,92,105,104,89,87,84,95,81,79,86,93,85,92,87,92,97,92,79,78,78,86,76,69,74,74,82,82,84,78,76,70,80,81,74,79,78,78,77,63,79,73,80,65,73,52,78,77,77,78,82,83,71,94,84,74,58,70,72,53,56,45,45,48,57,59,62,51,51,46,47,46,
60,39,43,41,45,39,48,44,42,53,51,50,59,43,56,53,46,65,56,40,54,47,68,72,52,59,59,59,75,60,64,59,66,60,68,79,82,72,82,84,72,75,84,78,99,86,92,93,80,90,89,98,97,95,101,72,95,85,89,80,102,88,97,98,91,79,99,101,85,100,102,95,92,77,84,93,114,110,101,93,96,96,86,85,98,89,105,91,97,109,101,89,85,113,100,78,113,106,102,110,97,107,102,102,106,102,104,99,100,100,93,101,82,86,85,96,99,100,93,98,98,97,110,91,85,94,83,110,105,106,96,86,92,93,85,95,78,83,85,90,84,86,98,71,94,94,87,84,82,82,83,81,75,79,98,80,89,73,82,71,71,70,64,73,70,71,67,66,67,77,82,66,70,65,70,67,76,65,79,69,65,74,86,74,68,68,73,68,58,58,52,44,53,51,57,45,49,53,47,52,
60,40,44,33,44,44,54,41,41,46,51,51,49,46,54,58,48,49,32,44,48,56,65,63,65,61,74,58,67,64,59,70,70,57,65,74,90,75,81,74,75,75,79,87,87,82,86,71,82,95,99,86,99,87,97,74,83,96,96,83,98,91,108,87,87,88,87,93,90,103,89,85,93,77,92,93,93,105,108,90,96,78,92,96,99,85,98,116,104,91,89,88,90,105,96,84,90,110,96,108,112,112,88,100,97,86,106,101,98,97,103,92,86,83,96,95,104,113,89,84,101,86,76,78,94,110,110,91,101,96,93,92,92,99,86,88,87,77,78,75,100,86,81,90,81,93,94,78,78,72,81,74,75,77,68,75,93,91,89,70,71,77,73,63,70,62,66,74,58,57,78,73,72,73,70,68,66,60,58,73,73,81,79,75,68,66,67,80,64,58,59,55,48,45,47,56,51,48,48,55,
60,36,31,39,42,55,39,46,51,43,45,52,45,41,61,53,50,41,26,48,56,53,57,59,64,63,56,61,68,55,79,65,72,61,56,80,75,63,79,71,70,81,79,86,91,83,78,82,74,90,102,99,85,79,81,71,82,83,94,93,88,90,103,99,85,89,76,69,85,99,92,85,82,81,76,71,84,94,110,105,95,81,81,110,88,77,88,107,110,96,92,90,113,97,79,102,98,82,106,104,114,122,107,103,104,97,83,106,116,94,96,93,97,93,99,113,84,95,99,77,85,86,94,99,81,80,86,91,91,102,104,90,69,106,97,90,83,108,85,71,95,88,84,83,83,67,89,85,86,73,66,75,69,85,76,64,65,79,88,90,75,78,72,69,65,74,72,68,54,60,68,74,65,69,60,73,80,72,62,61,60,64,62,72,64,76,60,66,68,69,56,58,60,52,48,48,48,46,42,41,
50,28,40,42,41,50,39,49,42,39,45,38,38,47,58,50,38,35,43,42,55,50,67,66,67,62,54,68,52,60,74,50,66,61,53,67,72,71,78,90,66,74,80,76,76,82,86,94,78,83,76,99,83,67,68,78,82,88,93,99,87,94,98,94,77,83,76,88,85,93,84,87,67,71,96,76,88,81,94,100,90,84,79,106,91,81,90,95,116,97,97,79,101,106,79,102,94,88,102,85,95,99,113,104,95,103,95,84,101,110,99,89,94,94,87,98,92,87,90,82,90,82,91,92,106,90,69,80,70,82,93,85,92,86,81,86,101,90,80,86,85,89,82,77,86,85,84,84,83,71,65,81,72,72,71,77,78,71,64,85,75,80,72,72,66,55,75,68,59,59,58,73,61,78,65,60,71,68,59,62,63,56,63,63,60,62,59,69,65,61,59,66,68,58,54,56,41,51,35,38,
49,43,39,39,41,44,45,46,33,47,39,34,41,45,48,50,40,46,32,46,52,64,55,57,64,51,62,60,53,65,70,59,71,62,61,70,70,63,75,84,72,70,66,63,81,85,83,86,58,75,63,91,95,68,75,94,78,91,81,94,94,104,96,86,73,86,79,92,90,87,85,82,76,76,83,77,78,84,87,107,90,82,84,95,88,100,96,91,95,93,114,96,94,100,93,86,99,106,89,93,74,100,118,100,97,91,95,94,87,94,94,95,88,92,99,92,90,84,79,84,78,87,87,96,85,99,95,74,69,78,80,74,82,89,95,83,83,85,83,88,93,81,80,82,86,88,88,92,81,79,76,64,63,79,75,70,57,67,70,84,85,69,77,68,75,67,63,57,73,76,72,76,61,53,68,69,63,73,66,54,62,59,46,52,60,66,62,67,59,62,54,54,67,63,61,57,57,55,51,46,
62,32,35,40,36,51,52,39,31,38,35,40,43,44,43,43,37,46,38,56,64,43,62,60,60,37,65,54,72,60,70,62,70,55,55,76,77,76,79,68,77,75,63,67,73,77,82,80,67,74,58,94,98,72,83,82,77,80,90,75,90,89,77,83,73,78,82,90,71,101,82,79,88,66,71,82,87,100,84,78,88,69,82,85,82,84,87,95,95,88,106,98,105,89,83,98,85,84,96,94,84,96,105,108,89,83,112,100,89,75,96,93,94,87,88,85,93,88,78,78,76,90,85,88,99,87,80,100,87,72,84,95,78,77,76,74,76,73,71,65,91,85,75,77,74,78,89,93,82,80,76,86,69,70,72,73,73,63,67,68,73,64,71,73,74,70,74,67,66,77,77,81,86,59,58,53,61,79,72,56,66,73,66,56,49,46,56,48,60,60,65,56,55,59,56,53,65,56,60,55,
49,33,39,48,43,43,39,36,33,34,36,43,37,40,37,47,47,43,45,53,54,46,66,59,55,58,61,60,73,54,73,68,57,59,60,70,75,70,78,73,72,61,74,70,70,74,83,70,71,72,73,79,92,80,85,75,82,73,80,92,83,82,85,78,83,75,83,86,74,88,78,75,89,65,78,86,98,96,80,86,79,81,77,77,84,79,91,97,80,76,95,96,91,92,101,103,96,95,86,87,80,91,113,105,104,104,96,96,92,69,77,93,81,97,91,79,94,95,79,80,78,76,84,88,83,91,86,74,81,92,79,78,86,91,66,80,74,87,67,61,82,76,83,79,68,64,73,80,70,73,83,79,82,76,66,70,81,72,63,67,74,76,72,61,62,69,66,75,69,57,65,65,69,64,66,66,58,63,67,64,51,62,71,62,67,47,53,53,46,46,53,55,49,56,58,57,50,60,64,58,
51,38,37,39,33,39,33,34,36,34,33,35,30,39,45,49,47,54,51,56,49,51,58,45,60,59,49,55,64,66,67,66,61,61,60,68,64,65,73,77,62,59,76,67,71,81,67,76,71,70,65,80,91,78,70,72,83,73,80,79,83,80,78,83,70,83,74,80,70,83,74,71,94,93,85,81,82,86,79,84,83,80,74,69,80,77,102,84,84,89,87,88,99,87,79,97,92,106,80,72,92,78,106,93,97,115,113,91,103,67,77,94,68,71,93,92,85,87,94,69,73,80,84,87,83,78,82,89,100,82,87,77,76,76,71,76,71,67,81,62,82,85,80,73,68,72,72,63,73,59,82,74,71,90,85,64,64,64,64,75,65,76,68,71,71,76,58,59,63,56,59,70,76,66,52,58,58,64,63,59,66,54,64,65,67,58,60,55,48,47,49,44,45,40,45,50,52,38,44,64,
54,37,39,42,41,38,28,40,33,36,33,32,35,46,46,51,52,51,54,47,50,39,53,48,57,47,44,62,61,74,59,63,61,60,69,61,69,67,68,78,61,66,76,75,63,69,72,68,82,63,70,75,75,78,65,63,80,85,73,80,85,86,77,72,80,83,72,70,75,77,77,82,87,92,77,94,79,76,61,74,85,76,77,78,61,76,84,90,86,83,83,100,92,96,76,84,94,94,97,83,92,82,81,100,92,109,115,109,81,86,78,108,83,71,80,80,77,88,86,94,74,82,75,102,81,65,76,93,95,95,76,77,75,84,84,77,66,60,72,67,80,77,76,79,76,74,75,66,54,81,75,76,70,67,66,75,61,67,66,66,60,64,68,54,73,75,70,70,68,70,57,57,70,79,66,59,67,73,59,63,52,59,70,60,59,60,61,58,59,52,54,44,48,48,39,48,47,44,49,50,
48,38,33,29,33,33,34,30,34,33,29,32,35,55,40,52,46,52,49,39,37,35,46,49,51,50,40,64,72,62,55,66,66,57,69,50,70,69,58,77,66,72,65,58,67,77,82,66,70,76,62,68,58,88,66,84,79,75,60,72,73,76,73,71,86,89,82,72,76,71,72,79,91,89,78,79,73,74,72,60,76,88,74,81,84,74,67,82,93,79,82,107,99,84,90,97,83,98,87,89,90,94,83,89,92,106,88,94,100,85,88,91,82,88,84,84,82,80,87,77,69,67,75,83,90,80,75,77,80,85,85,75,81,64,72,76,80,72,68,71,76,67,79,77,69,70,80,67,50,62,76,72,76,62,73,62,72,56,64,70,62,68,58,57,67,80,74,66,63,60,55,51,72,59,57,63,56,59,61,65,59,55,54,56,58,66,57,67,61,46,59,50,45,46,36,40,45,52,48,46,
57,33,34,36,38,34,32,33,38,32,34,40,41,45,43,37,47,52,43,44,31,36,50,49,47,57,50,52,66,58,52,62,60,61,50,48,70,68,65,66,67,67,65,61,62,88,54,66,78,67,57,55,72,75,78,76,66,67,59,67,80,84,82,71,90,89,72,73,81,75,61,83,69,74,84,82,76,62,64,71,85,82,68,73,79,91,62,65,74,84,85,88,84,93,83,82,91,82,96,106,99,90,87,91,99,104,85,90,85,82,71,84,82,82,78,91,82,85,79,84,63,80,74,71,79,74,74,89,70,81,93,79,89,88,69,70,70,63,76,85,81,75,57,75,76,67,73,84,69,65,63,64,74,66,64,64,70,80,65,59,74,54,64,55,57,66,82,68,77,69,64,53,56,57,65,57,54,49,48,52,64,70,61,52,53,51,69,56,66,53,61,55,54,45,52,36,36,45,43,50,
52,34,42,31,33,29,29,45,42,27,35,35,44,44,44,42,51,46,52,28,26,43,35,58,53,53,48,54,58,62,61,53,71,59,58,63,58,53,73,73,73,73,67,57,68,77,68,62,81,53,59,69,66,60,78,76,66,56,54,75,73,76,81,70,86,78,67,72,88,74,60,67,70,76,67,81,75,67,66,65,76,71,84,78,75,85,79,60,73,72,97,74,74,70,94,82,91,72,78,100,96,77,105,93,85,104,110,97,85,76,74,81,80,81,90,83,84,71,65,73,80,80,82,64,74,71,74,82,84,71,56,79,85,84,87,84,73,55,69,70,67,77,90,63,75,69,76,73,71,86,53,42,71,68,63,58,58,59,79,76,72,69,59,57,57,59,71,69,71,78,71,74,68,56,52,44,57,51,54,52,58,58,60,52,52,56,56,56,62,70,64,56,51,45,46,55,48,40,38,45,
48,42,37,34,34,33,31,43,24,36,33,40,36,42,40,44,40,41,48,33,22,44,46,65,45,55,50,51,49,64,61,50,71,60,57,58,54,57,65,73,77,61,51,64,65,76,72,60,66,60,65,67,67,61,64,65,66,82,63,71,73,71,84,76,79,91,68,65,76,78,70,59,72,62,76,78,90,66,60,64,69,89,76,75,67,75,84,72,68,62,80,72,76,74,91,74,99,80,71,93,101,99,86,91,99,86,105,92,90,84,71,71,70,72,109,92,84,66,72,68,74,75,81,86,81,70,66,81,93,80,57,60,72,80,94,69,73,66,63,67,64,59,71,75,71,67,74,78,74,74,74,74,53,67,62,55,60,63,62,60,64,69,57,67,60,62,57,60,60,71,64,68,73,76,73,53,47,51,46,49,49,58,66,54,57,55,47,52,57,54,52,63,61,53,44,40,48,50,38,40,
61,47,32,29,31,27,38,42,34,36,37,36,39,37,40,39,39,52,44,30,31,51,60,58,53,51,53,49,53,68,56,65,61,60,58,54,63,55,67,76,69,57,57,68,75,76,62,64,56,72,64,78,67,63,61,66,75,70,78,62,69,69,76,80,96,78,67,74,67,75,69,64,64,67,68,83,82,82,78,69,69,77,77,67,72,70,74,77,82,74,70,76,82,84,87,81,87,87,89,87,84,98,95,93,99,89,93,96,94,83,92,71,82,83,83,91,75,72,67,80,83,74,68,76,87,83,73,72,65,84,76,80,82,71,84,81,67,75,81,77,63,64,73,83,77,67,77,76,60,66,74,81,63,78,71,59,55,64,84,57,73,76,62,65,88,76,67,76,61,57,62,61,73,64,74,69,68,54,48,49,52,59,50,49,61,56,53,41,53,54,67,55,55,59,63,60,38,41,46,43,
