0,0,0,0,0,0,0,0,0,0,0,0,0,0,0,0,0,0,0,0,0,0,0,0,0,0,0,0,0,0,0,0,0,0,0,0,0,0,0,0,0,0,0,0,0,0,0,0,0,0,1,2,2,0,0,0,0,2,2,1,0,0,1,0,0,0,0,1,0,0,0,0,0,0,0,0,0,0,0,2,1,0,0,0,0,0,0,0,0,0,0,0,0,0,0,0,0,2,1,1,1,0,0,0,2,3,2,2,0,1,1,2,1,1,1,0,0,1,1,1,1,1,1,1,3,3,2,2,1,1,1,3,4,3,2,3,3,2,2,2,1,1,1,2,3,2,3,2,3,3,5,5,4,1,1,1,2,2,2,2,2,3,4,3,3,4,5,7,4,6,5,5,4,5,4,2,2,4,4,4,3,3,2,2,3,4,4,4,4,4,3,5,4,4,3,5,6,6,7,0,
0,0,0,0,0,0,0,0,0,0,0,0,0,0,0,0,0,0,0,0,0,0,0,0,0,0,0,0,0,0,0,0,0,0,0,0,0,0,0,0,0,0,0,0,0,0,0,0,1,1,0,0,1,0,0,1,1,3,0,0,0,1,1,0,0,1,1,0,0,0,0,0,0,0,0,0,0,1,2,1,0,0,0,0,0,0,0,0,0,0,0,0,0,1,1,1,1,1,1,2,1,1,2,2,1,1,0,1,1,1,1,0,0,2,2,2,3,2,1,2,3,3,2,2,0,1,3,3,3,4,4,3,2,1,1,0,0,1,1,2,3,4,4,4,3,4,2,6,5,5,1,2,3,3,2,3,2,3,4,4,6,6,6,7,6,5,4,3,3,1,4,5,5,4,4,4,3,1,4,6,5,4,4,4,3,3,3,5,6,6,6,4,4,4,6,6,7,9,9,0,
0,0,0,0,0,0,0,0,0,0,0,0,0,0,0,0,0,0,0,0,0,0,0,0,0,0,0,0,0,0,0,0,0,0,0,0,0,0,0,0,0,0,0,0,0,0,1,1,0,0,0,0,1,1,1,1,1,1,0,0,0,1,0,0,0,1,0,0,0,0,0,0,0,0,0,0,0,2,0,0,0,0,0,0,0,0,0,0,0,0,1,1,1,0,0,0,0,2,2,2,1,0,2,1,1,1,1,1,1,1,2,2,3,2,2,2,3,3,3,2,2,3,3,4,4,3,2,2,3,1,1,0,0,0,0,3,3,6,6,5,4,4,4,2,3,5,6,3,3,3,4,3,3,3,4,5,6,8,8,7,6,5,4,2,3,4,5,5,6,6,3,2,4,4,4,5,5,8,8,6,5,6,5,5,4,4,5,5,5,5,9,10,9,9,8,7,8,8,7,0,
0,0,0,0,0,0,0,0,0,0,0,0,0,0,1,0,0,0,0,0,0,0,0,0,0,0,0,0,0,0,0,0,0,0,0,0,0,0,0,0,0,0,0,0,1,1,1,0,0,0,0,1,1,2,1,1,0,0,0,0,1,0,0,0,1,0,0,0,0,0,0,0,0,0,0,0,2,0,0,0,0,0,0,0,0,0,1,1,1,1,0,0,0,0,0,2,2,2,1,0,2,2,1,1,1,2,2,3,3,2,1,1,5,4,5,4,3,3,2,3,2,1,1,0,2,3,2,1,0,0,1,1,3,7,9,6,8,4,3,3,4,4,5,7,6,3,2,2,4,5,5,7,8,9,10,8,6,4,3,3,2,2,4,4,5,5,6,6,5,7,7,9,7,7,8,7,7,4,4,4,4,2,3,5,10,11,10,11,10,10,7,9,11,11,10,11,8,7,9,0,
0,0,0,0,0,0,0,0,0,0,0,0,0,1,0,0,0,0,0,0,0,0,0,0,0,0,0,0,0,0,0,0,0,0,0,0,0,0,0,0,0,0,1,1,0,0,0,0,0,1,1,0,0,2,0,0,0,0,0,1,0,0,0,1,1,0,0,0,0,0,0,0,0,0,0,2,0,0,0,0,0,0,1,1,1,2,1,0,0,0,0,1,1,2,2,0,0,1,3,3,1,3,2,3,4,4,4,3,4,5,5,6,4,2,1,1,1,1,1,0,0,0,2,2,1,1,1,1,5,6,7,9,10,7,4,4,3,3,5,6,6,4,4,4,8,8,8,10,9,6,8,6,5,3,1,1,2,3,4,7,8,10,8,11,10,10,7,9,8,7,7,7,6,6,5,5,6,10,9,9,11,13,14,15,11,10,11,9,12,11,12,12,10,13,15,14,15,17,20,0,
0,0,0,0,0,0,0,0,0,0,0,0,0,0,0,0,0,0,0,0,0,0,0,0,0,0,0,0,0,0,0,0,0,0,1,1,0,0,0,0,1,1,0,0,0,0,0,1,1,0,0,0,1,0,1,0,0,0,1,1,0,0,1,0,0,0,0,0,0,0,0,0,0,1,2,0,0,0,0,1,1,2,2,1,1,0,0,0,1,1,1,1,1,0,0,0,2,4,5,4,5,5,5,5,4,3,2,4,4,2,1,2,1,1,1,1,0,0,0,1,2,4,4,5,8,8,7,7,7,6,4,5,3,3,4,5,7,7,7,9,9,9,8,6,2,3,5,4,4,4,3,4,5,6,7,10,11,11,11,8,9,8,8,7,7,6,8,6,8,10,11,8,9,11,13,15,15,13,12,11,13,12,11,9,10,12,15,19,18,21,21,20,21,17,15,16,17,17,16,0,
0,0,0,0,0,0,0,0,0,0,0,0,0,0,0,0,0,0,0,0,0,0,0,0,0,0,0,0,0,0,0,0,0,0,1,0,0,0,1,1,0,0,0,0,0,1,1,0,0,0,1,1,0,0,1,0,0,0,1,0,0,0,1,0,0,0,0,0,0,0,0,0,0,2,0,1,1,2,2,1,1,0,0,0,1,1,1,1,0,0,1,2,2,3,5,8,9,5,4,5,3,2,2,2,3,3,3,0,0,1,2,1,0,0,0,1,2,4,10,10,10,8,6,5,2,5,7,8,3,7,7,4,7,7,10,10,7,7,5,2,2,3,4,6,8,9,8,9,8,10,12,11,10,10,9,7,6,8,9,10,8,6,10,10,12,12,12,13,15,12,14,19,18,16,16,16,13,13,16,21,21,24,25,23,22,20,17,18,13,13,14,14,19,19,23,23,22,25,26,0,
0,0,0,0,0,0,0,0,0,0,0,0,0,0,0,0,0,0,0,0,0,0,0,0,0,0,0,0,0,0,0,0,0,1,1,0,1,1,0,0,0,0,0,1,1,0,0,0,0,1,1,0,0,0,1,1,0,1,0,0,1,1,0,0,0,0,0,0,0,0,0,1,3,2,2,1,1,0,0,1,0,0,1,1,0,1,2,2,3,5,5,4,5,6,6,2,0,2,3,4,2,3,2,2,0,1,1,1,2,1,3,3,5,9,10,12,12,10,5,4,2,4,7,10,11,7,6,7,8,10,9,9,7,6,5,5,8,9,8,8,7,8,11,11,12,10,11,12,12,11,9,8,8,8,9,10,11,13,13,14,15,16,17,21,19,20,24,22,19,20,17,15,18,21,21,21,24,25,24,19,18,12,14,16,19,23,24,24,29,28,31,33,31,35,35,41,41,38,40,0,
0,0,0,0,0,0,0,0,0,0,0,0,0,0,0,0,0,0,0,0,0,0,0,0,0,0,0,0,0,0,0,0,1,1,1,1,0,0,0,0,1,1,1,0,0,0,0,0,1,0,0,0,0,0,0,1,1,0,0,0,1,0,0,0,0,0,0,0,0,2,3,3,1,0,0,1,1,1,1,3,3,3,3,4,4,3,3,3,3,2,2,3,2,2,4,2,3,3,2,3,3,2,2,3,5,4,6,6,9,10,8,11,10,5,6,7,4,5,7,11,13,12,8,5,7,6,8,9,11,6,7,10,13,11,8,9,9,11,12,14,14,15,13,11,8,11,9,9,9,10,11,14,16,16,20,24,24,24,24,23,28,30,25,21,23,24,25,23,25,25,22,21,21,17,17,18,25,24,27,33,37,39,39,41,37,34,39,39,43,45,42,42,43,39,40,38,39,37,37,0,
0,0,0,0,0,0,0,0,0,0,0,0,0,0,0,0,0,0,0,0,0,0,0,0,0,0,0,0,0,0,0,1,2,1,0,0,0,0,0,1,1,0,0,0,0,0,0,1,1,0,0,0,0,0,0,2,1,0,0,1,0,0,0,0,0,2,2,2,2,1,2,1,1,2,3,3,4,5,5,2,2,2,1,0,2,2,1,3,2,2,3,3,2,2,3,5,4,4,5,7,9,7,6,8,7,7,7,8,8,9,11,9,8,9,8,9,10,9,8,8,7,7,9,12,10,15,13,12,12,14,17,15,13,15,16,14,11,11,11,8,12,12,14,16,18,20,22,23,24,23,21,27,30,33,30,31,30,28,30,33,28,27,29,30,28,27,27,25,26,29,37,38,37,40,42,41,38,44,42,43,47,46,51,48,47,47,45,43,43,38,38,36,34,35,33,36,41,42,44,0,
0,0,0,0,0,0,0,0,0,0,0,0,0,0,0,0,0,0,0,0,0,0,0,0,0,0,0,0,0,0,2,2,0,0,0,0,1,1,1,0,0,0,0,0,0,0,1,0,0,0,0,0,0,0,0,1,1,0,2,1,0,2,2,2,2,0,1,2,3,4,3,3,5,4,3,2,1,0,0,0,1,2,3,3,3,3,3,2,4,4,4,6,9,10,6,8,8,8,7,6,8,8,11,9,11,11,9,9,9,9,10,8,10,12,13,14,14,14,15,12,15,18,18,17,18,14,18,17,13,11,10,9,10,10,16,17,20,20,23,26,26,27,31,31,34,31,32,32,33,40,42,37,34,36,37,36,38,37,41,36,39,40,44,39,42,43,40,47,47,47,44,45,48,51,48,51,51,48,53,51,46,46,42,42,45,49,48,46,45,51,47,49,56,59,60,57,56,56,65,0,
0,0,0,0,0,0,0,0,0,0,0,0,0,0,0,0,0,0,0,0,0,0,0,0,0,0,0,0,1,2,1,0,0,0,1,1,0,0,0,0,0,0,0,0,0,1,0,0,0,0,0,0,0,0,1,0,1,2,3,2,3,2,1,2,4,4,3,3,3,3,3,2,0,0,0,0,1,2,3,3,3,6,6,6,6,5,7,8,6,7,8,10,7,8,10,8,8,10,10,10,8,11,9,9,10,12,15,17,18,16,14,20,18,17,16,15,16,18,20,21,21,17,18,17,13,15,13,17,21,25,26,31,35,37,38,40,42,40,41,41,41,44,46,45,44,48,52,51,49,47,47,48,46,43,43,48,54,56,50,54,53,53,47,50,52,57,61,54,52,49,57,59,61,60,62,62,57,59,59,60,60,64,62,65,66,64,69,70,66,66,72,76,77,75,79,82,82,82,87,0,
0,0,0,0,0,0,0,0,0,0,0,0,0,0,0,0,0,0,0,0,0,0,0,0,0,0,1,1,1,1,0,0,1,1,1,0,0,0,0,0,0,0,0,1,1,0,0,0,0,0,0,0,0,3,3,3,3,5,4,3,3,4,4,3,1,2,2,2,2,0,0,1,2,3,4,6,6,6,6,8,9,6,4,4,6,6,7,6,11,10,9,12,12,12,12,14,14,14,13,14,14,17,17,17,17,16,16,18,18,20,21,19,21,25,25,24,23,23,18,28,29,31,34,42,46,47,47,52,53,49,51,50,55,52,49,50,47,50,48,51,55,54,48,50,54,53,54,56,62,62,64,60,64,69,76,72,64,67,68,65,64,68,72,80,79,79,75,81,83,85,73,75,75,77,81,83,86,88,80,87,90,94,95,98,97,103,100,105,116,117,120,118,116,121,112,110,109,108,106,0,
0,0,0,0,0,0,0,0,0,0,0,0,0,0,0,0,0,0,0,0,0,0,0,0,1,1,0,1,1,0,1,1,0,0,0,0,0,0,0,0,0,0,1,1,0,0,0,0,1,1,1,4,6,4,2,3,4,4,3,2,1,0,1,2,2,1,2,2,3,6,6,8,7,7,6,6,6,5,6,4,6,8,10,12,12,14,15,18,16,18,19,16,17,14,13,11,15,18,19,21,27,24,24,26,26,29,31,33,31,32,37,41,43,39,40,46,54,55,61,57,56,62,64,59,60,54,53,47,50,52,59,60,61,65,69,67,72,77,79,83,90,90,93,98,91,88,87,86,85,86,84,92,93,92,89,84,91,94,96,97,103,107,113,111,113,111,120,113,112,119,127,123,125,128,133,128,138,144,146,144,148,140,138,138,136,133,140,136,126,125,121,127,128,130,138,141,137,139,136,0,
0,0,0,0,0,0,0,0,0,0,0,0,0,0,0,0,0,0,0,0,0,0,0,0,0,0,1,2,1,1,0,0,0,0,0,0,0,0,0,0,0,2,1,1,1,1,3,3,3,3,3,3,2,2,2,3,1,2,2,3,3,3,5,5,6,7,9,8,9,7,7,4,5,6,12,10,14,16,19,21,16,18,21,19,20,23,23,24,23,20,22,23,27,30,31,34,36,34,36,37,39,47,48,49,54,60,63,61,63,62,61,59,60,67,69,69,67,65,67,64,74,67,76,79,85,94,101,106,111,113,112,110,116,120,117,119,116,117,116,116,108,115,115,114,122,127,128,129,133,133,136,134,138,142,146,154,149,148,165,168,171,173,175,169,162,168,163,167,173,171,175,185,177,175,179,182,170,167,171,173,167,167,172,181,184,182,175,176,172,173,176,173,161,163,161,158,160,159,168,0,
0,0,0,0,0,0,0,0,0,0,0,0,0,0,0,0,0,0,0,0,0,0,0,0,0,1,2,1,0,0,0,0,0,0,0,1,1,1,1,1,2,2,1,2,3,3,1,2,2,2,2,3,1,3,4,2,4,7,8,8,6,8,6,5,7,6,10,11,12,14,14,17,17,22,23,24,25,29,27,29,35,35,31,35,36,37,35,38,41,44,48,54,58,57,62,68,66,72,79,81,81,86,94,94,92,88,86,93,96,96,98,107,114,114,125,127,131,142,151,154,157,166,156,160,155,155,154,149,146,150,160,162,155,156,159,162,167,171,184,178,186,180,185,195,199,201,207,210,206,210,214,220,220,224,226,223,228,230,222,226,228,219,227,232,237,236,234,223,223,225,218,208,218,222,218,215,222,216,220,216,230,230,231,230,232,243,247,249,256,262,265,268,273,268,263,264,265,267,269,0,
0,0,0,0,0,0,0,0,0,0,0,0,0,0,0,0,0,0,0,0,0,0,0,1,1,3,1,1,2,2,2,1,1,1,1,1,1,1,1,2,3,1,1,1,2,2,5,5,5,6,8,9,9,10,11,14,15,15,16,18,16,16,23,26,26,29,27,26,28,29,31,37,42,41,45,45,44,45,47,47,56,64,73,77,81,88,96,97,107,112,117,120,121,119,117,121,129,133,140,157,163,159,163,170,173,183,193,190,197,203,211,208,208,208,205,209,217,218,208,215,213,212,215,217,222,233,241,258,264,265,260,269,289,294,295,306,303,296,286,295,293,308,304,310,311,311,302,300,300,299,304,299,302,305,300,307,307,295,288,286,290,304,305,307,307,306,306,316,314,318,323,329,330,326,320,330,334,342,340,337,322,321,319,319,323,312,306,305,307,300,292,292,287,288,283,284,272,273,279,0,
0,0,0,0,0,0,0,0,0,0,0,0,0,0,0,0,0,0,0,1,1,2,3,2,3,1,1,2,0,1,1,1,2,2,3,2,2,3,5,6,9,8,14,14,13,18,17,20,22,25,28,26,28,24,23,22,24,31,35,39,46,49,55,60,61,67,80,88,92,101,103,110,112,120,120,132,149,151,156,164,167,171,171,184,195,202,207,211,227,237,237,247,255,267,282,284,280,289,295,297,293,296,301,308,313,316,315,327,331,334,342,347,353,369,376,371,364,369,381,392,404,410,413,428,432,435,446,448,447,443,446,442,422,421,418,407,409,420,421,414,420,423,430,422,425,425,430,433,424,425,416,418,425,424,431,430,435,442,439,439,448,444,444,449,448,449,456,453,451,457,454,449,447,453,449,438,435,415,406,396,399,407,412,410,401,395,393,391,384,390,389,388,389,380,373,378,389,388,399,0,
0,0,0,0,0,0,0,0,0,0,0,0,0,0,0,1,1,1,1,2,2,4,4,5,6,6,6,6,7,6,9,11,14,17,19,23,28,31,35,40,40,43,44,48,57,59,62,67,71,80,87,106,122,132,145,162,172,176,187,198,211,221,228,233,245,259,267,276,283,300,311,324,333,340,357,375,377,390,406,415,423,431,452,447,463,468,480,498,497,510,526,533,539,541,542,548,560,563,573,564,579,585,596,599,619,628,630,646,647,652,648,658,677,680,679,685,682,681,669,674,666,667,662,652,647,638,635,634,634,651,663,666,673,686,698,694,691,690,687,686,672,663,659,669,661,663,663,667,675,680,673,674,649,645,636,637,641,640,628,623,619,617,610,604,601,585,568,574,572,567,557,563,563,557,566,567,569,579,587,596,583,575,573,578,579,577,573,564,564,542,535,533,532,534,542,538,528,518,523,0,
0,0,0,0,2,3,4,5,6,9,11,15,20,27,34,39,49,58,63,75,85,93,108,116,128,146,159,179,196,213,232,254,275,287,304,326,345,349,360,384,400,423,451,482,508,520,540,559,583,598,612,617,636,658,674,694,705,719,743,770,787,800,821,845,859,877,888,908,913,918,936,943,954,970,991,993,1012,1018,1013,1033,1037,1046,1053,1077,1080,1081,1084,1090,1094,1089,1077,1074,1076,1092,1096,1101,1108,1125,1109,1120,1130,1148,1142,1129,1128,1134,1134,1132,1120,1122,1117,1102,1083,1072,1070,1072,1068,1064,1071,1042,1017,1007,1011,1018,1016,1014,1017,1015,1009,1009,998,988,982,979,984,986,995,998,994,991,973,962,950,964,960,943,945,939,930,926,945,938,963,957,952,951,947,940,936,926,922,915,908,899,882,878,864,843,833,820,821,802,791,796,795,797,798,775,760,753,749,747,736,730,714,712,712,715,701,698,698,698,700,694,693,689,684,692,692,0,
181,304,416,526,634,739,836,922,1010,1093,1195,1261,1327,1403,1467,1522,1584,1644,1704,1752,1802,1831,1858,1907,1939,1963,1995,2022,2044,2066,2079,2098,2101,2119,2128,2138,2155,2185,2191,2206,2233,2247,2248,2251,2217,2233,2231,2231,2225,2223,2235,2251,2249,2268,2279,2294,2298,2300,2301,2294,2302,2306,2292,2303,2305,2315,2323,2329,2334,2336,2325,2322,2319,2295,2258,2243,2237,2203,2204,2180,2172,2157,2150,2112,2122,2112,2094,2091,2079,2070,2084,2070,2071,2035,2045,2029,2015,1993,1994,1989,1955,1926,1910,1902,1887,1869,1853,1845,1850,1843,1819,1810,1799,1767,1750,1753,1735,1725,1722,1728,1739,1729,1711,1709,1705,1706,1685,1663,1661,1633,1626,1630,1637,1607,1573,1556,1537,1522,1528,1515,1508,1496,1496,1471,1465,1461,1431,1422,1402,1387,1364,1373,1366,1338,1327,1314,1300,1295,1279,1271,1256,1239,1224,1214,1222,1229,1215,1211,1186,1181,1156,1152,1149,1121,1097,1099,1091,1099,1086,1095,1072,1068,1057,1051,1041,1026,1026,1015,1011,1006,994,989,976,961,953,940,934,933,927,0,
350,534,741,957,1140,1312,1477,1648,1817,1952,2099,2232,2365,2487,2622,2723,2816,2900,2994,3079,3136,3228,3283,3325,3384,3440,3500,3578,3605,3671,3726,3802,3860,3899,3914,3928,3946,3965,3998,4005,3997,4005,4019,4021,4023,4031,4020,4046,4065,4068,4054,4065,4061,4028,4028,4001,3995,3976,3964,3940,3895,3880,3862,3832,3806,3787,3755,3722,3690,3671,3654,3631,3606,3564,3562,3573,3552,3525,3483,3481,3454,3428,3367,3370,3314,3297,3299,3253,3209,3178,3142,3115,3099,3087,3043,3035,3021,2996,2952,2925,2924,2912,2861,2832,2798,2779,2752,2728,2694,2665,2655,2636,2628,2643,2611,2578,2551,2530,2494,2478,2442,2401,2390,2363,2340,2314,2298,2279,2259,2247,2223,2184,2156,2126,2118,2101,2067,2060,2036,2026,2010,1994,1966,1950,1919,1895,1879,1858,1841,1824,1792,1762,1756,1751,1739,1734,1719,1706,1692,1673,1658,1649,1653,1623,1597,1586,1570,1558,1544,1531,1525,1506,1469,1463,1460,1423,1409,1396,1399,1371,1365,1344,1331,1316,1297,1280,1262,1243,1223,1203,1190,1175,1170,1144,1132,1115,1108,1085,1091,0,
420,685,959,1205,1464,1655,1876,2093,2306,2492,2679,2848,3000,3176,3288,3440,3559,3668,3803,3914,4011,4092,4159,4293,4395,4485,4538,4619,4678,4746,4790,4821,4857,4888,4934,5012,5039,5057,5098,5104,5131,5138,5166,5190,5202,5219,5197,5191,5183,5171,5177,5199,5199,5204,5189,5174,5140,5130,5119,5101,5064,5036,4999,4980,4952,4939,4923,4919,4913,4873,4881,4846,4830,4802,4751,4712,4671,4627,4610,4534,4501,4468,4464,4410,4398,4342,4305,4290,4256,4226,4184,4148,4122,4083,4044,4017,3971,3918,3877,3842,3786,3765,3738,3738,3714,3676,3683,3655,3609,3564,3534,3501,3449,3390,3370,3341,3310,3274,3232,3202,3187,3177,3138,3103,3069,3033,3021,3009,2977,2946,2935,2892,2873,2852,2825,2776,2745,2701,2658,2629,2598,2559,2537,2500,2480,2434,2400,2386,2368,2317,2309,2298,2259,2227,2202,2173,2131,2097,2088,2077,2071,2050,1999,1979,1964,1934,1927,1917,1901,1868,1846,1821,1806,1805,1776,1766,1749,1729,1719,1692,1671,1654,1631,1617,1592,1564,1540,1524,1502,1486,1470,1450,1430,1424,1414,1417,1411,1414,1395,0,
539,845,1163,1452,1722,1983,2217,2439,2682,2922,3115,3299,3490,3678,3852,4042,4231,4370,4498,4601,4725,4830,4980,5088,5202,5285,5374,5466,5546,5629,5673,5734,5793,5896,5938,5947,6016,6060,6135,6174,6202,6217,6197,6214,6199,6189,6199,6212,6215,6228,6220,6214,6194,6178,6183,6185,6205,6183,6171,6174,6138,6136,6112,6066,6030,5955,5901,5877,5845,5810,5735,5704,5705,5667,5661,5607,5561,5517,5493,5454,5412,5345,5305,5252,5226,5183,5131,5109,5071,5016,4975,4935,4924,4868,4817,4761,4723,4676,4646,4603,4551,4498,4482,4435,4369,4325,4249,4202,4162,4109,4082,4026,3968,3914,3849,3795,3772,3734,3677,3637,3621,3576,3528,3486,3466,3441,3394,3355,3329,3287,3238,3206,3164,3120,3091,3066,3054,3029,3006,2953,2920,2883,2856,2834,2782,2749,2737,2710,2675,2661,2646,2598,2599,2574,2539,2520,2503,2478,2436,2408,2374,2335,2332,2317,2287,2247,2213,2196,2162,2149,2125,2103,2089,2059,2036,2000,1971,1935,1912,1909,1894,1871,1846,1822,1812,1803,1792,1767,1761,1743,1718,1706,1677,1655,1633,1620,1591,1579,1585,0,
597,951,1294,1605,1912,2185,2455,2704,2971,3223,3484,3697,3922,4144,4372,4599,4746,4865,5032,5174,5372,5538,5672,5816,5928,6061,6176,6273,6398,6453,6526,6584,6668,6728,6773,6860,6876,6928,6956,6981,7004,7048,7061,7076,7118,7132,7140,7113,7126,7106,7124,7132,7134,7128,7131,7108,7101,7085,7072,7073,7051,7016,6992,6970,6911,6871,6801,6742,6690,6671,6620,6581,6523,6503,6473,6403,6334,6279,6240,6184,6158,6125,6064,6011,5957,5920,5873,5807,5750,5726,5692,5634,5580,5505,5458,5401,5366,5317,5272,5219,5171,5127,5088,5038,4985,4918,4859,4823,4779,4742,4693,4634,4593,4570,4534,4497,4417,4395,4384,4356,4281,4246,4198,4160,4106,4061,3990,3928,3901,3865,3822,3772,3754,3739,3682,3653,3620,3599,3554,3516,3484,3458,3411,3360,3330,3317,3256,3205,3202,3164,3128,3111,3071,3025,2996,2957,2933,2908,2870,2842,2802,2766,2734,2697,2658,2617,2573,2539,2503,2463,2431,2424,2384,2359,2327,2317,2290,2253,2238,2200,2185,2166,2162,2126,2095,2051,2023,1997,1971,1965,1947,1927,1927,1915,1899,1882,1872,1832,1834,0,
621,1001,1403,1783,2160,2480,2778,3099,3369,3646,3917,4149,4395,4614,4839,5063,5273,5465,5619,5774,5932,6043,6157,6309,6433,6540,6644,6755,6835,6910,6991,7043,7118,7198,7307,7390,7431,7506,7533,7572,7581,7638,7684,7699,7736,7743,7736,7760,7758,7746,7701,7705,7678,7682,7669,7670,7664,7656,7646,7636,7624,7589,7560,7540,7530,7475,7481,7438,7412,7353,7328,7287,7248,7161,7124,7090,7050,7013,6947,6891,6830,6755,6717,6674,6607,6533,6490,6429,6376,6324,6295,6227,6185,6130,6077,6022,5972,5909,5855,5790,5753,5715,5658,5601,5539,5489,5460,5411,5356,5296,5242,5158,5135,5083,5044,4989,4971,4908,4856,4826,4784,4741,4688,4640,4575,4519,4468,4429,4346,4288,4245,4207,4148,4079,4045,4012,3975,3924,3888,3832,3797,3770,3761,3738,3673,3613,3578,3542,3491,3456,3407,3370,3330,3284,3237,3182,3149,3109,3077,3019,2980,2953,2905,2863,2809,2781,2762,2705,2678,2640,2619,2582,2555,2530,2517,2498,2469,2452,2427,2413,2373,2359,2319,2292,2258,2234,2200,2195,2181,2150,2133,2088,2067,2051,2017,1987,1952,1928,1905,0,
672,1076,1497,1897,2272,2630,3002,3364,3674,3965,4272,4535,4800,5075,5290,5508,5709,5900,6079,6281,6469,6654,6772,6927,7062,7210,7331,7455,7609,7709,7757,7858,7922,8019,8067,8132,8194,8269,8311,8352,8361,8380,8363,8376,8402,8440,8484,8460,8450,8453,8484,8465,8480,8466,8421,8397,8388,8369,8346,8295,8262,8190,8181,8148,8121,8131,8091,8065,8019,7977,7923,7874,7847,7798,7733,7733,7658,7589,7541,7521,7457,7403,7337,7277,7229,7187,7103,7046,7001,6956,6890,6864,6777,6733,6665,6639,6606,6569,6524,6484,6404,6343,6296,6255,6184,6119,6039,5985,5908,5827,5746,5696,5593,5529,5478,5437,5378,5300,5221,5156,5101,5056,4998,4961,4909,4863,4831,4791,4758,4716,4662,4605,4548,4509,4490,4417,4352,4298,4257,4219,4136,4104,4033,4001,3959,3931,3884,3820,3794,3730,3700,3651,3585,3547,3512,3482,3440,3420,3355,3341,3303,3251,3233,3178,3156,3108,3066,3027,3001,2989,2947,2896,2886,2844,2821,2798,2770,2733,2711,2665,2626,2576,2549,2524,2492,2485,2464,2424,2373,2359,2318,2297,2264,2219,2218,2192,2162,2159,2165,0,
717,1113,1548,1969,2396,2794,3208,3559,3907,4233,4544,4840,5113,5351,5575,5820,6042,6241,6446,6647,6841,7030,7220,7339,7465,7607,7737,7832,7947,8031,8126,8230,8334,8415,8485,8550,8622,8680,8758,8780,8821,8858,8912,8961,8975,9012,8973,9018,9002,9015,9018,9047,9051,9062,9090,9066,9034,9052,9009,8967,8958,8917,8864,8822,8790,8748,8715,8662,8622,8571,8550,8502,8454,8401,8348,8293,8246,8178,8103,8038,7992,7949,7896,7828,7769,7690,7633,7575,7506,7471,7418,7336,7273,7228,7167,7100,7015,6950,6876,6817,6773,6693,6620,6554,6499,6456,6401,6344,6296,6245,6185,6142,6111,6052,6004,5974,5886,5837,5748,5671,5600,5549,5490,5421,5377,5323,5263,5200,5129,5063,4997,4929,4918,4871,4796,4761,4740,4659,4613,4583,4529,4485,4433,4362,4324,4249,4200,4165,4104,4066,4009,3987,3953,3892,3871,3844,3816,3770,3732,3688,3653,3616,3553,3541,3491,3466,3425,3384,3347,3291,3281,3252,3195,3158,3119,3068,3023,3006,2995,2940,2904,2878,2855,2812,2783,2732,2700,2673,2662,2629,2596,2565,2512,2491,2436,2423,2380,2350,2338,0,
778,1252,1717,2164,2575,2978,3368,3763,4080,4404,4739,5041,5328,5585,5820,6089,6364,6606,6838,7039,7208,7383,7564,7787,7930,8075,8224,8349,8476,8603,8712,8818,8916,8995,9040,9095,9139,9206,9244,9331,9379,9407,9452,9446,9468,9517,9576,9541,9541,9504,9528,9510,9528,9534,9528,9502,9466,9419,9390,9369,9360,9306,9268,9257,9228,9183,9128,9098,9071,9042,8976,8928,8892,8878,8809,8705,8649,8635,8608,8580,8554,8495,8426,8380,8309,8282,8220,8159,8090,8009,7953,7881,7788,7737,7681,7591,7535,7438,7394,7302,7213,7171,7112,7051,6987,6941,6870,6794,6729,6680,6611,6542,6479,6401,6332,6260,6190,6101,6059,6001,5954,5892,5857,5782,5696,5653,5612,5559,5513,5475,5417,5351,5279,5203,5162,5068,4995,4971,4902,4841,4781,4718,4680,4621,4552,4508,4474,4424,4424,4373,4355,4286,4237,4194,4124,4089,4012,3979,3939,3885,3860,3794,3761,3682,3630,3603,3590,3561,3509,3481,3432,3406,3378,3353,3319,3282,3269,3211,3165,3145,3084,3052,3015,2989,2968,2930,2904,2883,2850,2824,2809,2769,2746,2705,2692,2657,2650,2622,2621,0,
763,1270,1727,2187,2613,3072,3430,3812,4156,4478,4817,5142,5456,5769,5988,6229,6439,6697,6940,7168,7362,7581,7772,7941,8087,8214,8375,8472,8616,8718,8822,8920,9004,9087,9210,9310,9396,9455,9518,9565,9619,9685,9704,9775,9804,9810,9842,9849,9862,9852,9825,9789,9790,9732,9689,9717,9727,9698,9694,9675,9636,9605,9562,9522,9449,9412,9385,9345,9340,9293,9232,9190,9131,9044,9002,8950,8909,8865,8802,8709,8619,8574,8527,8474,8432,8369,8341,8285,8202,8148,8076,8021,7978,7885,7799,7733,7671,7587,7514,7478,7401,7326,7284,7227,7149,7075,7016,6953,6888,6807,6731,6679,6614,6557,6512,6446,6407,6358,6298,6229,6177,6085,6008,5934,5886,5828,5756,5711,5663,5608,5544,5465,5397,5338,5275,5225,5184,5123,5084,5039,5009,4937,4867,4832,4776,4732,4686,4652,4570,4502,4474,4425,4371,4326,4269,4193,4171,4135,4093,4050,3981,3954,3929,3908,3892,3854,3819,3759,3728,3686,3626,3592,3539,3497,3444,3403,3369,3329,3300,3256,3241,3193,3148,3115,3081,3060,3026,2976,2938,2889,2854,2813,2781,2757,2720,2696,2674,2636,2622,0,
821,1338,1834,2313,2751,3219,3660,4082,4457,4830,5194,5560,5824,6130,6409,6680,6938,7189,7435,7680,7896,8053,8266,8426,8554,8713,8835,8983,9129,9210,9302,9387,9494,9605,9701,9798,9848,9884,9939,9965,10035,10065,10104,10125,10194,10231,10254,10258,10270,10301,10312,10347,10332,10350,10326,10302,10264,10202,10180,10152,10183,10140,10096,10087,10062,10001,9948,9911,9844,9826,9809,9772,9707,9657,9586,9523,9493,9457,9374,9311,9255,9192,9122,9034,8978,8916,8851,8779,8705,8657,8553,8483,8378,8362,8317,8225,8197,8110,8025,7989,7934,7856,7779,7674,7584,7508,7432,7407,7314,7249,7157,7082,6998,6932,6877,6792,6724,6645,6584,6518,6438,6376,6313,6250,6163,6110,6027,5946,5881,5797,5706,5678,5614,5563,5527,5473,5412,5357,5310,5242,5160,5093,5049,5016,4965,4904,4860,4794,4746,4700,4662,4623,4596,4552,4517,4489,4456,4385,4342,4273,4204,4146,4089,4047,4014,3970,3910,3868,3814,3771,3720,3664,3651,3606,3545,3506,3440,3405,3361,3346,3317,3276,3207,3152,3107,3082,3058,3028,3001,2953,2910,2881,2855,2829,2793,2784,2724,2705,2704,0,
811,1352,1890,2390,2862,3314,3738,4172,4591,4944,5277,5611,5927,6226,6535,6890,7142,7420,7638,7868,8108,8322,8483,8681,8846,9014,9194,9355,9489,9633,9763,9868,9946,10081,10160,10215,10350,10432,10526,10569,10609,10608,10636,10662,10655,10658,10642,10636,10608,10594,10601,10624,10593,10586,10601,10605,10575,10562,10500,10508,10455,10386,10354,10290,10252,10219,10177,10167,10170,10100,10038,9973,9914,9871,9854,9825,9740,9661,9621,9601,9520,9457,9395,9331,9238,9182,9120,9035,9009,8933,8863,8817,8749,8692,8609,8525,8440,8391,8313,8207,8141,8098,8002,7979,7886,7801,7705,7614,7540,7462,7390,7348,7231,7156,7116,7066,6951,6872,6813,6772,6700,6631,6571,6490,6426,6358,6321,6283,6232,6204,6150,6081,6023,5940,5887,5845,5796,5757,5696,5661,5629,5571,5490,5410,5354,5297,5267,5226,5157,5122,5040,4977,4915,4855,4797,4719,4648,4619,4580,4500,4484,4419,4373,4309,4239,4200,4155,4126,4086,4027,3992,3945,3881,3835,3790,3759,3716,3658,3640,3574,3521,3493,3482,3438,3378,3331,3294,3255,3194,3172,3150,3114,3085,3058,3015,2971,2928,2878,2894,0,
854,1394,1931,2463,2959,3410,3874,4278,4709,5124,5494,5873,6226,6566,6884,7171,7469,7723,7961,8183,8375,8544,8788,8963,9136,9327,9489,9637,9754,9879,10031,10127,10288,10387,10457,10568,10618,10689,10760,10841,10874,10942,10945,10933,10967,10974,10980,10989,11008,11057,11060,11021,11047,11042,11047,11007,11019,10969,10954,10904,10868,10841,10810,10788,10727,10723,10656,10614,10535,10489,10450,10421,10358,10303,10188,10113,10009,9956,9893,9818,9709,9651,9594,9518,9412,9327,9238,9236,9188,9127,9081,9031,8943,8846,8762,8710,8665,8623,8563,8512,8472,8424,8358,8285,8214,8170,8115,8032,7928,7812,7753,7632,7563,7467,7364,7281,7203,7141,7087,6995,6932,6873,6820,6740,6684,6646,6548,6462,6379,6302,6262,6191,6132,6115,6053,5999,5931,5852,5768,5675,5624,5554,5539,5474,5408,5382,5313,5271,5223,5156,5096,5035,4982,4928,4901,4855,4824,4801,4736,4731,4681,4647,4575,4529,4459,4433,4343,4290,4251,4215,4160,4122,4065,4003,3973,3919,3879,3847,3791,3750,3711,3667,3626,3588,3547,3473,3419,3397,3377,3349,3317,3313,3269,3238,3188,3139,3102,3068,3055,0,
995,1548,2119,2655,3199,3676,4140,4562,4976,5370,5720,6114,6438,6786,7067,7305,7613,7878,8170,8430,8685,8894,9115,9296,9465,9680,9817,9931,10106,10236,10403,10494,10585,10650,10689,10801,10897,10923,11025,11097,11103,11150,11222,11288,11303,11329,11356,11388,11399,11423,11392,11377,11374,11372,11325,11283,11245,11261,11236,11211,11198,11192,11179,11118,11080,11037,10995,10938,10880,10774,10715,10678,10650,10582,10541,10502,10479,10398,10323,10246,10195,10135,10036,9955,9896,9780,9764,9677,9607,9564,9508,9423,9339,9256,9219,9106,9012,8921,8850,8762,8672,8567,8517,8447,8389,8319,8208,8102,8072,8022,7936,7849,7780,7719,7674,7609,7542,7435,7364,7323,7256,7188,7133,7086,7015,6920,6863,6788,6718,6652,6547,6488,6441,6340,6279,6182,6112,6089,6031,5962,5866,5822,5742,5679,5623,5544,5502,5428,5386,5333,5251,5214,5169,5104,5054,4986,4895,4818,4802,4746,4693,4613,4562,4514,4448,4406,4366,4327,4257,4219,4180,4135,4116,4085,4062,3996,3951,3913,3866,3827,3770,3754,3741,3706,3668,3630,3573,3534,3489,3444,3399,3343,3289,3275,3242,3206,3197,3169,3161,0,
989,1607,2157,2722,3226,3723,4190,4644,5132,5520,5920,6297,6673,7004,7322,7632,7906,8122,8368,8604,8853,9100,9326,9510,9719,9900,10064,10212,10405,10489,10585,10691,10813,10945,11062,11100,11163,11198,11199,11266,11350,11391,11407,11451,11504,11509,11543,11543,11564,11546,11567,11571,11538,11560,11586,11519,11526,11476,11473,11421,11344,11325,11259,11244,11206,11186,11119,11091,11026,11000,10923,10898,10847,10798,10747,10691,10611,10529,10443,10384,10314,10213,10200,10152,10046,9981,9944,9896,9791,9704,9610,9527,9445,9378,9305,9272,9172,9084,8977,8928,8843,8769,8673,8588,8512,8434,8371,8302,8228,8158,8106,8036,7954,7923,7824,7777,7687,7619,7556,7500,7409,7333,7281,7187,7108,7058,7010,6903,6849,6776,6718,6620,6527,6490,6382,6334,6259,6159,6102,6023,5970,5886,5820,5778,5716,5658,5598,5554,5495,5442,5409,5329,5271,5216,5153,5091,5055,5025,4966,4919,4865,4823,4767,4713,4667,4594,4572,4525,4499,4462,4399,4347,4280,4225,4154,4128,4076,4024,4009,3974,3940,3890,3825,3749,3721,3696,3680,3621,3575,3528,3470,3430,3400,3318,3281,3259,3216,3161,3165,0,
950,1555,2138,2750,3284,3772,4253,4733,5158,5575,5977,6428,6779,7196,7495,7812,8143,8422,8686,8975,9247,9501,9722,9868,10086,10265,10453,10579,10739,10903,11051,11179,11270,11327,11400,11522,11564,11687,11758,11785,11848,11873,11892,11912,11951,12036,12053,12074,12109,12137,12137,12141,12123,12125,12114,12098,12076,12030,11977,11928,11870,11817,11780,11732,11662,11588,11569,11525,11468,11433,11382,11337,11243,11157,11121,11005,10937,10858,10813,10750,10670,10598,10495,10437,10382,10297,10177,10107,10041,9964,9927,9837,9760,9730,9658,9571,9518,9434,9356,9278,9205,9130,9075,8991,8891,8786,8716,8627,8572,8510,8406,8321,8252,8165,8083,7972,7870,7788,7683,7568,7485,7413,7322,7257,7174,7077,7006,6946,6921,6841,6753,6686,6609,6514,6473,6402,6373,6316,6246,6198,6141,6090,6034,5971,5902,5835,5764,5660,5586,5523,5491,5449,5385,5321,5252,5215,5178,5135,5065,5009,4952,4885,4863,4821,4774,4741,4667,4612,4552,4467,4425,4364,4322,4286,4254,4197,4177,4142,4087,4040,3985,3924,3864,3845,3777,3720,3658,3630,3584,3539,3514,3478,3444,3414,3386,3327,3278,3263,3236,0,
986,1571,2160,2708,3269,3811,4306,4825,5269,5750,6163,6535,6874,7257,7576,7910,8252,8455,8739,9005,9279,9495,9718,9924,10091,10294,10501,10648,10783,10933,11065,11196,11329,11443,11537,11651,11780,11860,11915,11974,12004,12124,12135,12147,12193,12203,12237,12231,12240,12199,12222,12184,12191,12169,12140,12151,12115,12100,12059,12016,11987,11974,11961,11918,11870,11805,11768,11700,11644,11582,11509,11441,11368,11309,11224,11159,11070,10990,10926,10837,10784,10709,10631,10554,10504,10431,10334,10219,10121,10047,9953,9904,9843,9734,9640,9576,9493,9406,9363,9264,9204,9082,9013,8921,8870,8798,8727,8679,8605,8488,8436,8351,8226,8168,8091,8008,7971,7890,7784,7732,7674,7608,7538,7464,7378,7316,7243,7153,7074,7000,6903,6816,6726,6625,6592,6514,6407,6340,6282,6214,6129,6083,6023,5949,5890,5824,5757,5729,5680,5613,5545,5460,5408,5341,5280,5229,5159,5124,5075,5006,4964,4912,4860,4791,4721,4665,4622,4582,4550,4509,4481,4436,4401,4354,4303,4277,4182,4139,4066,4019,3990,3947,3922,3876,3844,3811,3773,3735,3693,3647,3597,3562,3530,3475,3429,3388,3350,3298,3295,0,
999,1601,2219,2806,3375,3863,4397,4854,5321,5763,6202,6608,6926,7339,7709,7997,8310,8619,8926,9159,9368,9633,9871,10114,10329,10500,10666,10852,11044,11196,11325,11430,11550,11682,11783,11914,11959,12036,12140,12233,12319,12345,12400,12456,12443,12455,12462,12482,12490,12508,12484,12505,12476,12424,12419,12358,12332,12341,12341,12306,12286,12229,12164,12129,12086,12004,11947,11895,11854,11743,11699,11649,11589,11580,11486,11449,11428,11335,11256,11175,11109,11029,10926,10843,10790,10723,10654,10591,10526,10420,10365,10257,10164,10091,10009,9913,9807,9732,9648,9568,9509,9421,9339,9230,9112,9033,8954,8867,8815,8740,8668,8572,8490,8407,8338,8290,8238,8177,8073,7972,7895,7817,7755,7696,7653,7549,7471,7399,7332,7268,7208,7141,7026,6994,6885,6792,6704,6642,6573,6512,6422,6320,6268,6214,6139,6076,5997,5947,5899,5841,5760,5714,5633,5585,5520,5427,5390,5323,5280,5224,5204,5152,5094,5038,5014,4967,4888,4846,4800,4756,4672,4607,4568,4502,4464,4395,4354,4294,4257,4215,4168,4123,4081,4044,3992,3946,3889,3823,3786,3720,3657,3611,3569,3518,3489,3464,3418,3377,3361,0,
1081,1716,2339,2923,3502,4042,4512,4981,5442,5892,6307,6683,7063,7408,7770,8081,8451,8766,9063,9321,9550,9786,9988,10220,10404,10642,10798,10974,11071,11188,11302,11422,11508,11636,11758,11829,11906,11989,12054,12127,12177,12212,12279,12384,12447,12484,12499,12519,12528,12526,12516,12517,12548,12564,12574,12573,12553,12535,12476,12428,12354,12303,12268,12247,12205,12148,12101,12076,12030,12000,11942,11859,11769,11672,11600,11487,11375,11355,11285,11211,11133,11065,10998,10882,10775,10694,10631,10566,10521,10451,10408,10321,10245,10155,10072,10007,9955,9866,9802,9707,9642,9559,9483,9398,9371,9286,9217,9115,9024,8949,8844,8795,8777,8679,8587,8528,8381,8297,8233,8156,8094,8021,7971,7861,7754,7709,7644,7590,7544,7455,7396,7339,7272,7196,7104,7052,6993,6899,6846,6774,6712,6635,6582,6530,6451,6368,6310,6229,6158,6092,6030,5961,5879,5783,5706,5642,5609,5541,5468,5404,5328,5263,5180,5105,5050,5002,4948,4883,4821,4758,4696,4656,4573,4529,4460,4408,4369,4303,4246,4183,4129,4100,4079,4054,4004,3946,3939,3891,3827,3801,3755,3711,3683,3652,3615,3559,3523,3476,3458,0,
1016,1684,2348,2925,3505,4056,4597,5101,5612,5989,6436,6826,7236,7632,7994,8276,8527,8819,9120,9479,9740,9957,10165,10407,10627,10791,10971,11153,11319,11478,11638,11781,11903,12077,12172,12246,12329,12417,12512,12546,12569,12624,12678,12700,12701,12747,12801,12810,12815,12826,12791,12765,12757,12753,12733,12687,12691,12608,12616,12612,12603,12554,12506,12415,12413,12355,12256,12213,12183,12109,12062,12078,12037,11948,11912,11843,11818,11668,11569,11469,11394,11296,11212,11184,11108,10996,10918,10821,10688,10587,10507,10463,10376,10305,10247,10149,10069,10009,9920,9864,9753,9668,9589,9506,9400,9319,9255,9170,9068,8998,8906,8794,8668,8604,8508,8457,8385,8290,8202,8157,8067,7984,7840,7753,7663,7612,7570,7501,7386,7324,7257,7146,7110,7024,6951,6890,6855,6812,6726,6688,6624,6587,6525,6427,6342,6289,6222,6163,6095,6018,5959,5902,5867,5832,5786,5706,5640,5558,5517,5441,5374,5306,5286,5227,5185,5127,5059,5001,4926,4885,4830,4763,4689,4620,4586,4533,4500,4452,4420,4371,4303,4245,4186,4130,4090,4033,3964,3909,3874,3804,3751,3700,3622,3557,3507,3491,3441,3389,3401,0,
1050,1702,2361,2968,3485,4064,4597,5084,5545,6012,6437,6841,7261,7644,8019,8381,8708,8988,9286,9569,9796,10004,10236,10473,10625,10820,10961,11090,11231,11406,11558,11690,11840,11911,12043,12166,12260,12356,12405,12488,12522,12562,12559,12609,12664,12671,12705,12708,12720,12709,12729,12733,12714,12687,12645,12614,12561,12580,12536,12498,12463,12381,12374,12351,12281,12212,12176,12119,12067,11994,11957,11842,11774,11713,11650,11601,11537,11482,11395,11277,11173,11118,11067,10931,10853,10789,10755,10681,10640,10567,10469,10359,10256,10145,10007,9930,9843,9742,9655,9579,9532,9453,9336,9253,9141,9049,8967,8884,8790,8710,8634,8596,8549,8465,8402,8338,8270,8222,8155,8043,8003,7914,7861,7820,7756,7685,7561,7464,7412,7309,7218,7163,7065,6992,6902,6863,6756,6699,6649,6566,6479,6388,6335,6267,6227,6156,6083,6019,5954,5905,5853,5776,5710,5647,5565,5509,5446,5412,5377,5329,5278,5230,5182,5130,5065,4997,4935,4886,4858,4810,4769,4728,4674,4614,4550,4492,4426,4372,4303,4270,4218,4165,4109,4071,4029,3966,3913,3872,3852,3833,3811,3760,3748,3728,3684,3629,3591,3557,3521,0,
1036,1681,2297,2937,3497,4024,4591,5112,5626,6094,6538,6906,7286,7647,8026,8373,8678,8957,9283,9560,9814,10068,10315,10491,10730,10889,11067,11248,11392,11526,11646,11776,11891,12022,12084,12180,12258,12272,12364,12431,12513,12573,12614,12692,12713,12769,12762,12842,12837,12843,12862,12850,12845,12887,12858,12800,12780,12775,12716,12684,12670,12657,12612,12551,12569,12532,12505,12426,12357,12292,12220,12178,12117,12048,12001,11877,11772,11744,11654,11570,11509,11470,11362,11287,11232,11170,11094,11043,10941,10897,10807,10702,10553,10474,10411,10330,10186,10105,10005,9922,9802,9738,9693,9635,9560,9480,9426,9315,9241,9145,9049,8922,8839,8722,8626,8568,8514,8426,8310,8279,8169,8057,7948,7852,7788,7722,7668,7587,7500,7436,7359,7303,7232,7157,7099,7029,6975,6906,6842,6786,6722,6633,6567,6478,6407,6363,6296,6226,6164,6091,6025,5972,5903,5847,5809,5735,5673,5600,5515,5431,5378,5320,5246,5210,5155,5141,5084,5040,4984,4922,4856,4810,4792,4737,4664,4596,4578,4532,4461,4403,4346,4310,4278,4237,4190,4130,4090,4053,3990,3938,3905,3848,3809,3760,3714,3670,3627,3587,3585,0,
1093,1750,2450,3061,3627,4257,4755,5229,5704,6147,6594,7057,7444,7887,8274,8647,9024,9324,9566,9797,10052,10253,10471,10740,10915,11117,11329,11506,11672,11843,11959,12147,12315,12403,12517,12590,12689,12797,12834,12871,12912,12913,12946,12952,12979,13062,13092,13086,13105,13171,13182,13165,13163,13162,13132,13101,13072,13008,12945,12919,12884,12852,12853,12817,12730,12686,12629,12596,12565,12535,12455,12394,12330,12298,12216,12131,12067,11941,11883,11794,11717,11609,11506,11438,11324,11267,11159,11080,11011,10912,10859,10813,10702,10635,10570,10515,10467,10412,10325,10245,10190,10090,10014,9906,9835,9753,9647,9570,9468,9356,9279,9196,9096,9044,8948,8857,8792,8722,8615,8508,8422,8344,8272,8173,8095,7993,7937,7847,7759,7687,7598,7499,7440,7346,7257,7157,7068,6989,6920,6806,6738,6662,6612,6557,6486,6421,6369,6300,6240,6168,6103,6046,5978,5912,5864,5836,5791,5697,5646,5602,5544,5449,5371,5325,5279,5212,5154,5088,5052,5011,4969,4905,4859,4798,4745,4686,4636,4579,4555,4508,4497,4422,4353,4298,4261,4241,4176,4110,4082,4029,3980,3942,3891,3831,3783,3741,3683,3632,3648,0,
1077,1757,2419,3018,3621,4152,4673,5161,5694,6181,6636,7055,7426,7790,8165,8543,8916,9245,9541,9836,10096,10352,10596,10803,11000,11227,11414,11615,11761,11909,12058,12219,12313,12418,12546,12660,12786,12862,12989,13038,13136,13158,13211,13253,13280,13296,13288,13319,13298,13322,13315,13341,13292,13252,13265,13233,13224,13223,13188,13178,13145,13125,13069,13021,12949,12889,12826,12765,12636,12557,12483,12446,12374,12306,12220,12167,12076,12042,11956,11893,11872,11794,11700,11580,11460,11354,11233,11146,11071,10983,10877,10786,10752,10666,10576,10480,10424,10351,10269,10178,10082,9969,9892,9833,9753,9640,9567,9471,9378,9323,9273,9185,9099,8987,8924,8863,8774,8707,8648,8554,8430,8370,8274,8186,8138,8092,7996,7897,7784,7710,7634,7550,7490,7380,7317,7245,7166,7089,7020,6953,6906,6841,6750,6684,6624,6544,6447,6389,6319,6241,6179,6109,6037,6011,5915,5806,5727,5694,5635,5615,5511,5450,5426,5380,5309,5244,5193,5138,5070,4990,4935,4867,4799,4737,4681,4648,4586,4532,4469,4445,4373,4327,4297,4251,4225,4173,4148,4118,4065,4027,3977,3948,3908,3866,3825,3780,3775,3743,3746,0,
1012,1686,2357,2977,3597,4177,4724,5265,5763,6239,6699,7097,7538,7962,8346,8729,9082,9395,9698,9945,10187,10475,10747,10969,11181,11339,11521,11632,11764,11999,12147,12268,12443,12545,12612,12691,12783,12914,12948,13034,13119,13209,13244,13298,13319,13350,13398,13460,13460,13485,13454,13397,13376,13363,13369,13336,13305,13285,13279,13215,13193,13113,13097,13078,13033,12961,12864,12745,12723,12696,12665,12564,12490,12425,12387,12306,12226,12137,12050,11974,11853,11737,11660,11574,11494,11425,11357,11278,11203,11117,11023,10923,10816,10788,10710,10627,10528,10414,10368,10273,10186,10125,10022,9952,9886,9801,9700,9588,9493,9409,9275,9221,9157,9091,8955,8839,8751,8636,8532,8415,8362,8300,8216,8176,8085,8011,7955,7900,7862,7779,7678,7616,7508,7466,7396,7329,7271,7217,7132,7069,6966,6904,6836,6753,6685,6620,6564,6466,6412,6347,6269,6183,6128,6048,6019,5951,5920,5858,5771,5671,5646,5593,5542,5491,5446,5385,5337,5256,5195,5134,5048,5007,4964,4943,4898,4832,4791,4740,4718,4662,4610,4600,4548,4485,4414,4387,4325,4304,4257,4210,4176,4097,4031,3989,3935,3896,3832,3791,3780,0,
1091,1747,2400,3045,3656,4192,4729,5262,5784,6235,6704,7147,7562,7964,8371,8712,9053,9350,9644,9936,10224,10459,10672,10899,11112,11293,11480,11692,11880,12009,12115,12233,12337,12439,12595,12711,12746,12761,12835,12899,12941,12954,13000,12962,12997,13055,13049,13030,13075,13059,13051,13117,13117,13125,13124,13117,13098,13092,13052,13021,12983,12967,12890,12854,12806,12781,12723,12678,12615,12510,12463,12419,12312,12266,12215,12133,12092,12009,11935,11839,11765,11726,11684,11600,11518,11417,11356,11235,11133,11061,10991,10869,10779,10624,10564,10478,10422,10369,10315,10221,10181,10040,9909,9813,9704,9639,9550,9493,9449,9349,9323,9235,9156,9030,8977,8928,8843,8797,8743,8660,8583,8478,8368,8244,8184,8092,8012,7929,7838,7748,7672,7576,7524,7416,7348,7263,7170,7064,7018,6968,6893,6843,6747,6706,6610,6567,6470,6437,6368,6332,6292,6212,6159,6107,6030,5960,5876,5835,5780,5755,5707,5653,5579,5502,5422,5356,5292,5242,5190,5152,5136,5095,5059,4992,4919,4871,4799,4759,4684,4629,4575,4510,4466,4422,4372,4306,4281,4202,4157,4099,4075,4023,4000,3971,3935,3915,3856,3807,3791,0,
1027,1677,2357,3009,3603,4188,4744,5228,5699,6183,6627,7033,7449,7854,8228,8554,8886,9239,9570,9850,10108,10372,10614,10873,11074,11282,11507,11711,11837,11973,12115,12237,12421,12564,12661,12740,12860,12942,12977,13032,13080,13135,13169,13262,13333,13330,13358,13383,13332,13298,13320,13334,13325,13317,13286,13309,13259,13227,13224,13202,13150,13109,13079,13007,12923,12876,12829,12796,12736,12707,12635,12538,12496,12406,12324,12283,12186,12124,12061,11982,11918,11824,11764,11655,11576,11508,11388,11331,11267,11176,11115,11038,11004,10986,10874,10805,10745,10631,10567,10487,10375,10280,10223,10131,10080,9980,9866,9770,9674,9586,9493,9400,9303,9220,9094,8997,8899,8830,8730,8665,8576,8475,8398,8329,8214,8104,8020,7937,7881,7807,7751,7631,7531,7466,7399,7330,7246,7180,7103,7021,6989,6888,6840,6761,6714,6657,6591,6523,6450,6358,6302,6261,6172,6103,6029,5967,5892,5813,5758,5690,5615,5581,5509,5433,5400,5339,5273,5236,5171,5125,5068,5036,4974,4941,4908,4876,4846,4757,4706,4622,4565,4511,4450,4401,4378,4327,4266,4236,4181,4130,4076,4023,3990,3938,3911,3871,3837,3798,3789,0,
1110,1812,2467,3119,3657,4189,4762,5245,5762,6229,6663,7075,7503,7916,8287,8629,8988,9289,9610,9885,10145,10379,10655,10871,11063,11269,11476,11612,11832,11996,12149,12254,12368,12427,12537,12637,12731,12833,12959,13075,13146,13219,13267,13335,13347,13415,13474,13500,13523,13578,13567,13565,13567,13544,13522,13476,13422,13381,13322,13302,13245,13217,13137,13139,13082,13025,13022,12979,12901,12801,12707,12616,12527,12481,12402,12354,12301,12206,12061,12028,11949,11853,11776,11685,11601,11560,11504,11416,11327,11256,11184,11123,11040,10921,10862,10747,10643,10561,10435,10344,10287,10199,10137,10026,9912,9803,9701,9602,9510,9437,9359,9287,9193,9105,8985,8918,8853,8779,8669,8586,8505,8435,8355,8257,8178,8123,8057,7978,7870,7768,7706,7677,7607,7519,7437,7381,7307,7221,7126,7053,6984,6944,6876,6801,6727,6661,6593,6546,6488,6444,6376,6287,6230,6130,6069,5999,5964,5887,5808,5734,5682,5601,5560,5513,5481,5424,5377,5338,5271,5201,5147,5076,5007,4942,4900,4849,4787,4719,4670,4601,4591,4541,4506,4453,4409,4383,4338,4282,4243,4195,4145,4124,4055,4024,3975,3926,3876,3838,3855,0,
1089,1830,2520,3167,3787,4332,4912,5417,5916,6391,6832,7252,7620,8012,8388,8785,9124,9458,9724,10005,10310,10606,10844,11084,11297,11522,11685,11855,12064,12248,12403,12557,12666,12769,12900,13042,13149,13186,13211,13338,13369,13422,13466,13524,13540,13559,13559,13547,13578,13563,13555,13537,13497,13508,13467,13496,13479,13441,13493,13476,13461,13429,13289,13199,13155,13067,12991,12938,12909,12865,12849,12780,12745,12683,12570,12509,12417,12317,12257,12165,12065,12000,11920,11832,11729,11632,11556,11409,11335,11243,11171,11088,11035,10908,10811,10719,10623,10556,10485,10374,10292,10189,10097,10006,9933,9873,9808,9733,9656,9589,9489,9379,9318,9219,9151,9033,8939,8864,8762,8651,8558,8477,8392,8312,8252,8173,8072,7971,7877,7795,7689,7634,7556,7465,7411,7348,7306,7233,7185,7097,7028,6933,6852,6772,6691,6601,6549,6468,6421,6353,6266,6205,6140,6080,5998,5947,5877,5820,5751,5702,5652,5601,5551,5501,5405,5353,5280,5223,5144,5099,5058,4993,4945,4911,4854,4804,4774,4728,4658,4621,4531,4488,4434,4393,4340,4267,4218,4174,4136,4064,4029,3974,3950,3903,3869,3841,3803,3754,3749,0,
1112,1780,2467,3091,3668,4234,4802,5345,5861,6344,6812,7269,7669,8037,8362,8729,9060,9381,9692,9970,10244,10467,10716,10904,11101,11359,11571,11708,11914,12039,12183,12352,12482,12614,12711,12831,12939,13044,13098,13152,13226,13311,13425,13455,13531,13541,13549,13576,13568,13567,13620,13608,13595,13599,13586,13556,13478,13495,13472,13454,13358,13311,13326,13322,13253,13239,13115,13036,12996,12941,12902,12824,12741,12693,12607,12552,12510,12432,12339,12253,12184,12097,11999,11947,11864,11811,11736,11583,11503,11360,11232,11133,11034,10919,10866,10755,10690,10582,10503,10416,10306,10217,10170,10087,10045,9994,9874,9764,9644,9565,9487,9407,9313,9243,9124,9038,8936,8857,8769,8688,8607,8524,8450,8379,8272,8202,8148,8065,7986,7912,7852,7746,7654,7607,7530,7469,7366,7309,7228,7182,7133,7082,7011,6942,6875,6792,6686,6622,6547,6472,6412,6344,6280,6205,6136,6079,5999,5944,5921,5870,5767,5696,5621,5578,5524,5460,5396,5337,5283,5227,5163,5080,5015,4939,4879,4849,4793,4741,4697,4629,4594,4530,4481,4443,4389,4355,4310,4260,4205,4160,4093,4060,4013,3956,3894,3834,3824,3789,3771,0,
1099,1791,2432,3056,3688,4291,4828,5414,5999,6482,6961,7420,7860,8257,8665,8993,9323,9634,9961,10245,10547,10804,11016,11283,11537,11731,11914,12063,12206,12345,12464,12617,12761,12847,12945,13096,13263,13345,13393,13425,13497,13560,13597,13629,13702,13721,13747,13807,13793,13803,13770,13767,13813,13781,13730,13684,13673,13617,13615,13560,13536,13462,13405,13303,13249,13203,13168,13100,13007,12956,12911,12865,12786,12727,12669,12547,12434,12319,12269,12171,12114,12020,11931,11843,11742,11638,11551,11466,11393,11294,11234,11141,11053,10968,10829,10766,10690,10593,10485,10401,10300,10221,10066,9995,9881,9748,9667,9575,9543,9427,9350,9261,9166,9089,9026,8965,8891,8832,8746,8657,8606,8515,8423,8351,8254,8167,8101,8062,7988,7902,7782,7743,7693,7580,7477,7397,7336,7252,7212,7146,7070,6992,6937,6893,6802,6745,6706,6636,6545,6441,6378,6333,6264,6190,6114,6045,5946,5890,5813,5745,5708,5644,5564,5488,5436,5382,5352,5293,5253,5200,5128,5099,5049,4975,4934,4864,4805,4743,4687,4615,4544,4523,4449,4383,4328,4273,4227,4175,4144,4104,4088,4045,3997,3960,3916,3864,3817,3790,3775,0,
1153,1827,2448,3077,3659,4240,4763,5283,5809,6324,6762,7220,7624,8039,8461,8823,9150,9458,9800,10110,10361,10641,10889,11159,11381,11638,11861,12021,12191,12331,12469,12621,12744,12913,13035,13101,13136,13244,13292,13408,13476,13467,13476,13518,13508,13532,13556,13493,13535,13548,13539,13579,13593,13525,13486,13499,13535,13514,13466,13391,13376,13363,13260,13236,13186,13132,13096,13031,12950,12818,12750,12659,12606,12533,12492,12427,12339,12249,12168,12116,12065,12002,11904,11851,11731,11634,11545,11486,11370,11310,11169,11067,10975,10916,10828,10732,10639,10540,10448,10349,10291,10214,10147,10050,10030,9959,9884,9780,9669,9572,9472,9404,9299,9248,9154,9036,8978,8871,8787,8729,8657,8570,8471,8384,8319,8241,8127,8033,7987,7911,7866,7767,7677,7631,7612,7533,7424,7351,7273,7186,7098,7037,7001,6929,6860,6772,6706,6674,6609,6572,6501,6395,6342,6289,6214,6136,6084,6009,5940,5903,5850,5800,5753,5703,5638,5590,5516,5476,5386,5341,5286,5218,5148,5111,5030,4954,4894,4849,4810,4780,4742,4652,4606,4585,4537,4470,4400,4339,4296,4244,4192,4127,4081,4030,3980,3942,3898,3853,3837,0,
1116,1812,2466,3116,3746,4349,4893,5400,5919,6429,6869,7294,7737,8110,8480,8866,9250,9574,9856,10162,10457,10732,10966,11211,11440,11656,11817,12007,12166,12359,12507,12601,12734,12831,12954,13024,13126,13184,13264,13322,13354,13409,13446,13476,13523,13535,13602,13602,13534,13567,13561,13573,13591,13601,13541,13489,13420,13406,13379,13348,13272,13228,13179,13124,13098,13036,12968,12931,12879,12874,12845,12811,12723,12632,12506,12456,12356,12274,12206,12112,12028,11946,11838,11754,11685,11597,11548,11453,11390,11339,11245,11144,11082,11013,10924,10823,10751,10661,10567,10473,10357,10255,10220,10126,10020,9963,9880,9807,9711,9630,9500,9383,9311,9223,9136,9065,8940,8841,8733,8659,8558,8527,8455,8355,8283,8221,8173,8107,8035,7923,7825,7750,7685,7600,7498,7429,7372,7286,7218,7128,7084,7018,6927,6838,6751,6693,6616,6543,6465,6393,6316,6282,6206,6107,6059,6002,5935,5912,5836,5763,5681,5630,5578,5486,5444,5387,5338,5281,5249,5163,5112,5085,5031,4986,4958,4918,4883,4819,4764,4698,4635,4614,4590,4533,4488,4442,4409,4361,4311,4259,4211,4164,4105,4063,4037,3972,3918,3879,3841,0,
1099,1778,2452,3111,3676,4286,4833,5352,5894,6324,6794,7235,7710,8123,8523,8865,9208,9572,9875,10148,10443,10691,10926,11169,11393,11596,11773,11944,12080,12231,12366,12506,12639,12758,12871,12971,13049,13146,13232,13308,13395,13441,13439,13510,13588,13636,13636,13684,13691,13664,13659,13655,13577,13579,13544,13519,13496,13434,13399,13369,13366,13321,13321,13276,13188,13148,13100,13025,12961,12909,12813,12681,12607,12556,12532,12434,12333,12291,12182,12083,12028,11972,11887,11805,11719,11691,11566,11470,11383,11302,11222,11139,11023,10924,10872,10813,10722,10604,10527,10456,10416,10325,10165,10079,9995,9935,9846,9741,9678,9624,9548,9414,9333,9256,9208,9105,9064,8987,8922,8835,8788,8716,8636,8522,8437,8334,8262,8162,8070,7996,7906,7844,7758,7675,7578,7504,7468,7399,7314,7237,7137,7047,6956,6867,6811,6718,6678,6603,6540,6454,6404,6352,6295,6235,6155,6079,6024,5941,5905,5816,5739,5667,5618,5551,5512,5465,5397,5316,5269,5216,5173,5085,5020,4957,4897,4821,4757,4707,4662,4632,4579,4524,4445,4405,4342,4284,4261,4219,4190,4155,4095,4061,4053,4009,3955,3921,3879,3811,3807,0,
1088,1741,2382,3012,3576,4186,4729,5228,5737,6247,6736,7142,7567,7910,8274,8614,8964,9296,9624,9901,10198,10428,10676,10893,11078,11342,11553,11711,11880,12065,12250,12411,12516,12653,12767,12881,12965,13064,13143,13239,13286,13368,13435,13491,13495,13514,13486,13496,13515,13502,13470,13397,13380,13334,13354,13335,13240,13219,13198,13129,13119,13106,13052,12959,12931,12876,12797,12738,12694,12658,12592,12527,12468,12408,12322,12219,12184,12098,12014,11943,11871,11752,11693,11616,11515,11393,11360,11290,11221,11142,11092,11020,10917,10825,10693,10577,10477,10452,10364,10285,10181,10098,10038,9946,9870,9758,9670,9591,9495,9356,9301,9209,9121,9071,8964,8860,8750,8721,8617,8541,8420,8356,8281,8251,8168,8096,8020,7971,7892,7826,7786,7669,7606,7554,7507,7380,7308,7233,7185,7136,7055,6981,6905,6856,6757,6709,6614,6560,6467,6388,6326,6271,6191,6120,6038,5980,5908,5844,5771,5725,5653,5581,5529,5477,5401,5343,5303,5247,5162,5123,5074,5017,4948,4909,4825,4796,4745,4687,4628,4562,4506,4467,4415,4323,4322,4288,4213,4169,4120,4076,4048,3979,3909,3847,3795,3771,3743,3692,3677,0,
1100,1757,2415,3010,3578,4132,4669,5225,5706,6214,6650,7049,7434,7826,8176,8571,8950,9234,9512,9808,10078,10326,10576,10764,10966,11209,11420,11660,11806,11967,12095,12215,12385,12521,12593,12664,12755,12809,12896,12928,12990,13047,13084,13119,13160,13248,13239,13265,13314,13347,13359,13385,13403,13343,13320,13291,13281,13286,13283,13233,13187,13168,13121,13045,13020,12939,12881,12827,12789,12720,12645,12541,12468,12397,12301,12221,12143,12106,12028,11951,11851,11770,11661,11576,11509,11481,11414,11270,11163,11061,10952,10881,10801,10724,10632,10559,10509,10402,10297,10213,10110,9996,9897,9801,9696,9613,9563,9445,9328,9264,9177,9099,9001,8885,8821,8760,8684,8581,8497,8424,8318,8227,8125,7991,7922,7859,7778,7712,7655,7595,7526,7445,7364,7265,7170,7129,7044,6974,6895,6828,6751,6690,6622,6554,6545,6484,6420,6343,6290,6253,6170,6086,6035,5960,5907,5849,5795,5771,5718,5652,5608,5564,5496,5417,5380,5288,5225,5157,5094,5011,4969,4936,4892,4831,4799,4734,4687,4643,4604,4548,4506,4419,4387,4343,4251,4212,4157,4115,4063,4018,3956,3913,3858,3822,3798,3746,3696,3652,3666,0,
1081,1762,2421,3051,3664,4270,4785,5316,5795,6267,6721,7160,7558,7921,8278,8597,8906,9175,9456,9757,10009,10258,10561,10830,11036,11233,11398,11521,11703,11898,11980,12093,12186,12297,12448,12566,12655,12751,12857,12925,13041,13069,13100,13093,13149,13154,13176,13199,13184,13192,13261,13266,13237,13231,13218,13172,13131,13052,13019,13028,12923,12850,12819,12773,12725,12665,12641,12628,12610,12546,12467,12463,12413,12364,12324,12239,12145,12040,11944,11816,11781,11684,11637,11580,11458,11359,11252,11215,11142,11091,11011,10920,10820,10739,10710,10630,10488,10395,10286,10185,10079,9996,9940,9875,9786,9680,9591,9513,9451,9364,9308,9232,9184,9101,9011,8910,8817,8728,8628,8519,8460,8390,8333,8274,8183,8088,8005,7910,7828,7717,7624,7541,7481,7424,7370,7286,7214,7126,7056,6964,6908,6886,6802,6731,6626,6561,6493,6444,6366,6276,6192,6116,6041,6005,5950,5907,5822,5754,5698,5616,5548,5484,5407,5365,5289,5243,5167,5115,5072,5028,4967,4927,4864,4820,4765,4745,4699,4627,4572,4506,4453,4411,4357,4299,4275,4235,4204,4163,4133,4078,4030,3976,3975,3926,3881,3825,3774,3721,3688,0,
1038,1704,2360,2961,3535,4125,4643,5172,5653,6068,6530,6956,7393,7803,8196,8548,8906,9247,9531,9823,10172,10407,10595,10829,11049,11206,11360,11520,11637,11804,11992,12129,12314,12394,12469,12524,12581,12687,12745,12864,12865,12919,12926,12972,13019,13037,13065,13066,13082,13120,13130,13147,13116,13072,13034,13039,13018,12954,12878,12862,12833,12786,12774,12757,12717,12674,12567,12497,12393,12320,12279,12186,12140,12123,12057,12055,12014,11968,11927,11811,11718,11691,11611,11522,11477,11408,11330,11262,11164,11111,10987,10912,10835,10746,10644,10556,10489,10399,10344,10240,10152,10065,9969,9844,9761,9685,9602,9575,9513,9386,9253,9168,9045,8955,8882,8773,8675,8590,8499,8423,8371,8274,8219,8107,8016,7941,7877,7799,7696,7628,7545,7440,7361,7280,7218,7143,7083,7041,6962,6890,6814,6702,6607,6554,6490,6399,6357,6279,6230,6182,6116,6081,6020,5952,5872,5800,5739,5645,5587,5575,5517,5449,5387,5321,5273,5196,5159,5118,5042,4986,4964,4924,4854,4812,4740,4661,4550,4501,4438,4402,4339,4297,4239,4219,4172,4125,4080,4045,4014,4004,3947,3894,3825,3763,3718,3669,3642,3610,3623,0,
1096,1772,2405,2999,3582,4168,4741,5179,5662,6129,6567,7029,7410,7784,8108,8463,8768,9024,9329,9613,9809,10019,10206,10470,10701,10931,11154,11322,11515,11641,11761,11929,12024,12133,12223,12348,12429,12504,12599,12638,12756,12778,12837,12853,12899,12964,13008,13096,13072,13035,12976,12952,12975,12979,12992,12927,12912,12915,12875,12786,12744,12721,12662,12622,12595,12536,12503,12446,12375,12308,12205,12136,12066,11998,11930,11807,11723,11614,11521,11497,11381,11327,11274,11234,11103,11022,10938,10885,10786,10672,10630,10569,10475,10407,10331,10266,10154,10122,10016,9947,9876,9820,9789,9718,9634,9553,9489,9371,9242,9148,9086,8967,8901,8845,8767,8698,8638,8556,8524,8453,8333,8264,8175,8059,7957,7835,7737,7645,7584,7504,7435,7372,7290,7219,7156,7084,7044,6963,6897,6835,6776,6705,6666,6595,6532,6466,6412,6373,6298,6254,6193,6119,6043,5969,5883,5821,5753,5737,5696,5613,5547,5481,5408,5370,5310,5271,5210,5146,5071,5016,4932,4887,4858,4790,4765,4705,4694,4639,4595,4538,4488,4413,4364,4311,4289,4227,4182,4136,4060,4011,3961,3955,3937,3915,3867,3838,3794,3755,3735,0,
997,1699,2345,2929,3482,4064,4555,5064,5575,6015,6453,6839,7196,7582,7976,8327,8649,8952,9266,9519,9808,10074,10327,10552,10719,10892,11076,11216,11398,11499,11656,11739,11861,11978,12123,12182,12278,12364,12429,12504,12568,12621,12655,12668,12710,12766,12781,12739,12763,12790,12826,12843,12859,12826,12826,12795,12747,12782,12809,12810,12773,12692,12650,12631,12581,12539,12507,12458,12360,12295,12228,12177,12142,12116,12021,11976,11923,11848,11795,11677,11544,11460,11353,11241,11186,11100,11019,10937,10838,10783,10636,10504,10401,10288,10194,10115,10059,9961,9879,9768,9693,9607,9510,9440,9401,9321,9263,9189,9107,9043,8947,8911,8812,8731,8620,8551,8464,8395,8262,8169,8130,8059,7996,7920,7858,7774,7705,7666,7599,7528,7481,7403,7342,7241,7194,7104,7023,6922,6848,6766,6695,6629,6556,6463,6405,6393,6298,6193,6152,6070,6063,5963,5915,5861,5789,5736,5705,5629,5567,5509,5463,5387,5327,5267,5234,5154,5082,5017,4976,4943,4909,4876,4816,4774,4690,4638,4553,4522,4434,4398,4364,4315,4266,4214,4177,4138,4093,4029,3981,3933,3902,3850,3793,3752,3679,3649,3592,3547,3534,0,
1042,1726,2348,2973,3566,4109,4611,5060,5538,6031,6421,6853,7250,7599,7975,8299,8591,8921,9190,9418,9687,9964,10170,10393,10606,10777,10970,11182,11316,11468,11637,11771,11931,12044,12148,12225,12271,12404,12482,12587,12623,12672,12726,12769,12791,12748,12788,12766,12793,12757,12743,12700,12634,12599,12579,12544,12547,12494,12390,12372,12354,12345,12342,12282,12215,12129,12058,12044,11989,11947,11905,11838,11749,11666,11646,11563,11511,11440,11304,11228,11205,11114,11092,11033,10975,10937,10849,10760,10695,10575,10506,10421,10314,10229,10141,10069,9966,9899,9843,9785,9693,9599,9493,9449,9344,9218,9110,9045,8978,8887,8828,8720,8613,8520,8450,8382,8309,8214,8116,8077,7985,7914,7822,7758,7687,7611,7551,7466,7380,7283,7201,7112,7035,6977,6890,6834,6794,6748,6700,6634,6582,6526,6476,6416,6330,6240,6162,6088,6013,5938,5876,5859,5784,5704,5648,5583,5485,5420,5370,5326,5269,5224,5174,5085,5012,4984,4928,4891,4834,4778,4721,4651,4581,4507,4460,4412,4380,4331,4311,4255,4213,4184,4133,4091,4038,4006,3929,3905,3860,3819,3759,3706,3657,3617,3602,3557,3507,3502,3496,0,
1058,1690,2325,2921,3464,3994,4465,4939,5380,5802,6270,6659,7044,7364,7719,7976,8281,8625,8866,9143,9387,9637,9860,10060,10244,10407,10587,10716,10908,11072,11185,11323,11439,11567,11663,11750,11859,11918,12006,12070,12151,12203,12259,12330,12385,12406,12419,12466,12423,12454,12495,12519,12531,12513,12468,12439,12402,12404,12375,12356,12306,12246,12227,12158,12101,12042,12025,11952,11902,11836,11788,11741,11651,11614,11521,11447,11367,11287,11222,11177,11081,11000,10936,10868,10797,10650,10553,10457,10388,10321,10229,10160,10111,10059,9984,9924,9865,9764,9660,9567,9519,9429,9353,9274,9195,9147,9109,9000,8932,8847,8748,8665,8655,8593,8507,8442,8350,8287,8223,8122,8039,7943,7853,7800,7706,7663,7556,7475,7395,7337,7237,7144,7055,6948,6892,6807,6713,6615,6534,6440,6349,6293,6199,6143,6067,6003,5979,5937,5878,5839,5764,5681,5599,5540,5467,5388,5359,5316,5269,5194,5105,5045,5014,4997,4937,4872,4826,4785,4720,4691,4653,4595,4535,4512,4472,4437,4387,4361,4303,4281,4228,4204,4153,4071,4052,3987,3935,3871,3823,3782,3762,3696,3650,3624,3583,3527,3496,3444,3422,0,
1008,1636,2262,2885,3412,3950,4462,4973,5408,5867,6226,6627,6940,7274,7652,7932,8224,8565,8843,9089,9380,9604,9869,10092,10285,10479,10642,10775,10929,11034,11184,11284,11397,11493,11596,11650,11738,11841,11907,11963,12033,12071,12117,12087,12155,12223,12205,12224,12323,12311,12290,12328,12292,12275,12287,12246,12247,12212,12146,12084,12048,11999,11979,11929,11875,11849,11770,11699,11634,11579,11547,11494,11454,11371,11285,11253,11206,11155,11101,11040,10966,10871,10807,10710,10612,10563,10474,10365,10313,10216,10169,10055,9989,9874,9761,9667,9585,9512,9453,9410,9313,9241,9187,9117,9032,8930,8825,8713,8586,8523,8508,8427,8320,8281,8211,8130,8055,7970,7901,7851,7754,7678,7619,7558,7493,7391,7325,7240,7175,7114,7049,7001,6898,6861,6774,6691,6613,6565,6531,6456,6386,6285,6217,6143,6091,5997,5924,5872,5808,5746,5710,5650,5582,5525,5489,5401,5343,5287,5197,5140,5093,5032,4991,4907,4845,4783,4714,4646,4573,4524,4482,4434,4406,4345,4296,4239,4220,4187,4151,4075,4021,3960,3933,3884,3816,3776,3727,3685,3650,3611,3591,3558,3531,3505,3469,3431,3393,3336,3350,0,
978,1564,2153,2733,3258,3760,4254,4744,5198,5638,6044,6437,6800,7178,7479,7873,8180,8452,8715,8982,9220,9402,9644,9828,9988,10201,10368,10594,10722,10842,10955,11104,11205,11317,11410,11508,11593,11686,11756,11811,11855,11936,11989,12068,12088,12100,12121,12143,12163,12213,12197,12173,12228,12233,12241,12215,12151,12130,12115,12105,12076,12022,11967,11937,11830,11764,11711,11679,11626,11579,11477,11381,11333,11232,11165,11096,11034,10976,10878,10803,10753,10709,10635,10556,10511,10428,10388,10339,10264,10184,10104,10053,9964,9882,9788,9733,9607,9507,9419,9331,9257,9149,9078,8983,8928,8876,8817,8765,8728,8634,8540,8484,8385,8272,8175,8119,8045,8000,7923,7809,7792,7746,7619,7499,7435,7338,7268,7167,7089,7014,6940,6876,6846,6756,6659,6607,6536,6428,6352,6291,6248,6188,6132,6104,6026,5973,5932,5873,5836,5745,5693,5618,5556,5503,5464,5421,5371,5320,5263,5224,5177,5120,5051,4997,4961,4919,4899,4830,4798,4725,4676,4609,4544,4468,4408,4350,4317,4250,4216,4156,4104,4065,4022,3995,3945,3904,3851,3794,3776,3746,3678,3655,3613,3564,3508,3476,3431,3411,3390,0,
938,1508,2110,2678,3212,3707,4250,4676,5150,5606,6000,6365,6719,7071,7401,7729,8006,8266,8536,8796,9080,9341,9531,9760,9983,10140,10261,10434,10597,10786,10898,10994,11099,11227,11319,11469,11517,11577,11664,11752,11802,11824,11880,11888,11894,11921,11925,11938,11968,11950,11936,11892,11873,11846,11831,11833,11840,11838,11819,11774,11698,11688,11643,11615,11595,11564,11545,11497,11432,11363,11299,11271,11234,11170,11154,11062,10992,10896,10806,10742,10680,10638,10551,10487,10396,10292,10176,10094,9976,9904,9781,9697,9634,9587,9528,9425,9351,9305,9205,9128,8997,8971,8903,8833,8733,8634,8538,8457,8374,8345,8274,8207,8129,8035,8012,7917,7847,7795,7717,7640,7553,7449,7391,7313,7228,7177,7108,7054,6975,6899,6843,6763,6654,6610,6574,6490,6423,6389,6309,6260,6202,6142,6090,6001,5957,5895,5841,5788,5708,5699,5617,5584,5527,5453,5363,5297,5239,5176,5139,5074,5014,4969,4903,4870,4793,4746,4682,4654,4610,4566,4513,4488,4455,4446,4381,4319,4248,4222,4192,4160,4095,4054,4006,3959,3907,3850,3815,3765,3722,3668,3641,3613,3597,3525,3500,3465,3437,3409,3392,0,
979,1598,2173,2699,3226,3731,4209,4681,5148,5574,5940,6327,6665,6970,7306,7639,7904,8213,8518,8823,9096,9316,9528,9712,9888,10109,10289,10425,10594,10692,10823,10943,11012,11082,11120,11179,11256,11343,11459,11551,11590,11652,11664,11695,11735,11740,11780,11778,11784,11790,11784,11777,11739,11714,11669,11639,11641,11596,11551,11554,11511,11452,11411,11364,11295,11224,11137,11066,11005,10950,10876,10844,10749,10717,10634,10596,10564,10554,10484,10402,10339,10252,10183,10109,10016,9969,9906,9857,9838,9770,9723,9671,9584,9504,9425,9336,9267,9155,9068,8984,8941,8831,8756,8664,8569,8483,8387,8309,8234,8141,8106,8004,7922,7859,7782,7730,7674,7563,7500,7426,7352,7280,7219,7129,7051,6968,6886,6794,6730,6672,6599,6539,6498,6448,6380,6330,6241,6152,6119,6012,5958,5905,5859,5798,5703,5666,5618,5546,5478,5419,5334,5301,5258,5212,5163,5124,5087,5071,5021,4986,4939,4886,4816,4753,4684,4639,4586,4507,4433,4396,4333,4285,4229,4169,4148,4118,4062,4017,3959,3929,3895,3866,3818,3745,3702,3654,3622,3593,3538,3485,3448,3407,3354,3340,3297,3254,3209,3165,3161,0,
902,1487,2017,2581,3073,3570,4044,4495,4949,5322,5699,6036,6374,6736,7074,7370,7655,7922,8212,8425,8650,8872,9114,9333,9545,9678,9795,9939,10019,10162,10293,10406,10556,10617,10717,10825,10903,10944,10982,11010,11054,11060,11073,11130,11177,11178,11162,11183,11201,11220,11256,11221,11238,11228,11210,11177,11125,11092,11103,11054,11012,10976,10926,10897,10907,10848,10826,10788,10739,10736,10720,10616,10561,10493,10397,10330,10262,10185,10149,10097,10023,9960,9863,9796,9750,9687,9613,9503,9371,9276,9211,9114,9046,8987,8894,8821,8745,8716,8666,8594,8464,8400,8350,8259,8231,8150,8074,7975,7918,7854,7755,7695,7602,7538,7470,7366,7295,7237,7167,7047,6987,6930,6877,6843,6791,6700,6647,6568,6522,6449,6398,6339,6252,6191,6117,6081,6037,5977,5898,5869,5816,5791,5736,5672,5668,5627,5554,5509,5447,5404,5372,5305,5254,5185,5131,5067,5022,4932,4851,4753,4711,4654,4615,4580,4535,4486,4466,4441,4413,4351,4298,4241,4210,4182,4125,4087,4041,3975,3943,3880,3829,3770,3721,3669,3648,3609,3556,3502,3467,3459,3415,3398,3381,3316,3281,3226,3186,3142,3151,0,
909,1501,2019,2515,2973,3442,3877,4328,4759,5175,5491,5891,6256,6598,6911,7195,7455,7688,7944,8189,8428,8605,8805,8989,9207,9385,9558,9732,9890,10016,10107,10220,10308,10453,10555,10653,10720,10769,10861,10936,10985,11059,11104,11099,11163,11216,11281,11316,11308,11306,11277,11227,11221,11168,11147,11136,11124,11118,11051,11012,11006,10948,10879,10840,10805,10756,10641,10558,10525,10443,10341,10260,10240,10208,10143,10092,10038,10007,9949,9928,9847,9768,9671,9584,9547,9495,9447,9400,9350,9314,9234,9171,9111,9056,8966,8854,8761,8707,8596,8532,8497,8413,8314,8275,8193,8118,8038,7968,7858,7765,7737,7683,7641,7531,7476,7417,7322,7249,7173,7144,7052,6977,6946,6856,6786,6726,6662,6604,6523,6435,6366,6308,6241,6167,6089,6022,5944,5901,5828,5785,5725,5631,5561,5507,5440,5375,5325,5246,5173,5130,5075,5028,4961,4914,4867,4825,4776,4719,4667,4627,4594,4579,4523,4470,4411,4376,4301,4243,4201,4161,4124,4067,4018,3976,3942,3899,3867,3835,3815,3779,3741,3716,3680,3645,3589,3554,3520,3474,3445,3400,3351,3296,3238,3216,3166,3146,3095,3061,3046,0,
857,1353,1881,2354,2840,3279,3690,4087,4488,4877,5258,5622,5925,6273,6560,6826,7069,7343,7605,7827,8017,8237,8395,8606,8780,8960,9051,9231,9374,9526,9667,9764,9887,9965,10021,10105,10183,10206,10285,10374,10444,10446,10483,10579,10641,10660,10678,10655,10684,10695,10693,10691,10754,10762,10759,10729,10686,10666,10602,10629,10582,10545,10504,10422,10366,10305,10296,10246,10191,10144,10110,10110,10071,10038,10018,9977,9896,9814,9724,9655,9613,9542,9493,9430,9344,9291,9234,9158,9094,9024,8978,8895,8796,8696,8634,8586,8504,8402,8319,8246,8188,8100,8035,7956,7875,7817,7767,7721,7692,7622,7512,7409,7312,7292,7207,7137,7063,7012,6936,6864,6803,6742,6688,6661,6578,6494,6407,6355,6277,6228,6152,6092,6016,5946,5905,5824,5764,5718,5644,5585,5536,5483,5411,5361,5302,5238,5191,5140,5115,5087,5028,4943,4872,4821,4758,4706,4655,4582,4550,4495,4441,4399,4360,4314,4276,4218,4152,4119,4059,3998,3935,3920,3871,3816,3785,3732,3689,3648,3605,3551,3522,3472,3413,3376,3330,3301,3256,3229,3185,3147,3133,3097,3055,3047,3029,2982,2932,2894,2882,0,
829,1389,1899,2374,2853,3280,3735,4102,4511,4891,5255,5620,5872,6169,6466,6752,7004,7257,7496,7696,7936,8127,8327,8534,8699,8848,9008,9127,9261,9371,9466,9569,9678,9726,9825,9905,9984,10059,10108,10204,10265,10263,10292,10342,10307,10335,10354,10338,10381,10347,10349,10320,10341,10351,10327,10316,10297,10287,10269,10199,10160,10172,10168,10164,10141,10110,10075,10011,9966,9926,9890,9832,9766,9708,9619,9516,9474,9435,9401,9346,9277,9218,9165,9077,9006,8921,8856,8775,8708,8652,8606,8537,8499,8447,8364,8273,8223,8142,8080,7997,7945,7865,7810,7739,7667,7599,7489,7400,7323,7281,7211,7174,7116,7049,6976,6876,6799,6748,6660,6610,6569,6508,6430,6343,6276,6195,6143,6077,6013,5940,5882,5844,5795,5736,5676,5633,5574,5510,5445,5371,5310,5266,5216,5136,5098,5022,4967,4927,4853,4798,4734,4708,4657,4624,4597,4530,4469,4448,4375,4329,4269,4203,4168,4115,4055,4003,3992,3938,3907,3873,3832,3773,3711,3687,3618,3597,3562,3528,3483,3455,3423,3385,3354,3309,3284,3259,3227,3191,3163,3125,3086,3060,3029,2967,2909,2885,2857,2825,2827,0,
793,1285,1784,2218,2663,3093,3496,3865,4230,4591,4951,5334,5639,5882,6139,6408,6679,6901,7172,7359,7517,7687,7876,8069,8208,8365,8525,8626,8769,8904,9021,9108,9173,9259,9360,9458,9549,9593,9643,9696,9740,9767,9801,9834,9832,9845,9859,9875,9867,9873,9874,9879,9831,9848,9841,9843,9819,9802,9760,9736,9696,9664,9624,9602,9575,9541,9508,9472,9397,9370,9332,9265,9225,9156,9129,9098,9021,8962,8885,8815,8762,8690,8640,8583,8531,8451,8393,8355,8282,8239,8158,8099,8024,7942,7882,7813,7723,7627,7548,7487,7403,7393,7288,7236,7182,7113,7090,7036,6991,6923,6842,6771,6683,6633,6536,6479,6411,6340,6300,6230,6157,6105,6034,5970,5904,5834,5792,5758,5713,5677,5599,5539,5474,5442,5385,5375,5324,5268,5239,5187,5156,5082,5039,4973,4906,4850,4774,4701,4669,4621,4559,4494,4452,4381,4327,4290,4234,4178,4123,4068,4029,3996,3959,3911,3890,3842,3822,3770,3728,3686,3624,3580,3544,3499,3479,3421,3367,3338,3313,3303,3263,3255,3206,3177,3138,3085,3049,3023,3003,2953,2931,2895,2867,2829,2821,2781,2736,2681,2654,0,
726,1168,1636,2084,2528,2970,3337,3688,4028,4338,4633,4968,5234,5506,5782,6029,6266,6456,6687,6913,7116,7308,7442,7584,7757,7880,7976,8129,8245,8361,8458,8557,8635,8747,8773,8837,8880,8978,9018,9068,9131,9173,9195,9204,9214,9244,9251,9245,9259,9272,9279,9281,9320,9286,9285,9278,9235,9214,9173,9203,9182,9149,9147,9095,9075,9048,8951,8881,8848,8795,8759,8729,8693,8644,8605,8537,8492,8454,8386,8319,8250,8216,8168,8100,8049,7959,7912,7871,7827,7776,7708,7647,7588,7492,7456,7406,7351,7291,7242,7160,7107,7039,6980,6915,6878,6838,6777,6709,6671,6619,6562,6467,6437,6341,6333,6270,6224,6144,6058,6003,5951,5890,5827,5745,5697,5612,5545,5498,5427,5355,5299,5236,5166,5090,5041,4983,4917,4872,4815,4754,4694,4664,4606,4557,4480,4453,4416,4355,4304,4274,4254,4223,4168,4101,4045,3998,3984,3964,3928,3890,3844,3809,3764,3725,3658,3616,3558,3504,3452,3400,3393,3342,3292,3246,3211,3184,3156,3088,3048,3028,3003,2956,2940,2910,2897,2869,2830,2811,2786,2760,2714,2685,2647,2625,2573,2565,2534,2524,2515,0,
708,1136,1594,1990,2396,2792,3165,3470,3815,4177,4474,4753,5055,5325,5570,5812,5998,6253,6413,6628,6771,6967,7134,7290,7406,7565,7703,7788,7875,7982,8091,8166,8261,8331,8378,8453,8511,8510,8580,8614,8651,8705,8759,8778,8830,8861,8853,8862,8849,8864,8873,8858,8864,8842,8838,8824,8792,8765,8763,8739,8720,8678,8634,8629,8556,8517,8486,8464,8427,8382,8348,8284,8278,8189,8139,8111,8078,8043,7971,7919,7845,7802,7760,7746,7682,7642,7623,7566,7511,7467,7404,7319,7243,7203,7112,7040,7025,6984,6921,6855,6810,6722,6674,6621,6579,6504,6414,6352,6291,6230,6166,6124,6046,5988,5937,5877,5801,5763,5727,5696,5606,5535,5483,5449,5403,5342,5262,5199,5160,5095,5054,5037,4981,4920,4861,4799,4739,4679,4622,4567,4495,4438,4431,4419,4398,4337,4292,4240,4179,4134,4085,4029,3993,3979,3948,3889,3830,3782,3715,3676,3646,3595,3556,3536,3513,3471,3453,3414,3392,3343,3281,3247,3212,3191,3147,3115,3067,3068,3047,2985,2934,2898,2854,2830,2779,2720,2709,2673,2649,2618,2587,2564,2549,2502,2493,2459,2433,2385,2383,0,
692,1125,1504,1925,2292,2673,3004,3368,3678,3932,4191,4465,4710,4952,5193,5410,5608,5800,6031,6245,6407,6576,6702,6855,6993,7100,7237,7326,7474,7606,7723,7800,7852,7958,8032,8099,8157,8200,8251,8281,8292,8325,8364,8365,8329,8336,8372,8358,8395,8383,8360,8387,8395,8401,8353,8321,8300,8285,8283,8258,8239,8213,8185,8130,8114,8093,8055,8000,7937,7882,7829,7781,7734,7731,7682,7636,7564,7505,7488,7427,7403,7333,7251,7180,7124,7080,7008,6970,6912,6836,6791,6732,6664,6608,6539,6476,6397,6323,6264,6257,6199,6156,6098,6056,5979,5931,5881,5844,5777,5713,5680,5623,5587,5535,5478,5397,5336,5310,5267,5189,5139,5083,5020,4987,4940,4888,4839,4768,4713,4667,4620,4550,4485,4444,4438,4380,4334,4272,4219,4204,4156,4106,4046,3985,3950,3911,3870,3841,3798,3772,3740,3703,3662,3616,3578,3555,3526,3478,3455,3402,3377,3334,3303,3239,3229,3217,3192,3168,3107,3081,3043,3031,3002,2946,2911,2868,2828,2794,2767,2745,2734,2688,2662,2640,2602,2595,2553,2525,2504,2481,2472,2443,2411,2373,2339,2315,2282,2261,2273,0,
627,1038,1433,1786,2127,2451,2773,3060,3361,3664,3918,4174,4387,4647,4854,5051,5259,5430,5590,5770,5956,6107,6245,6385,6517,6648,6746,6851,6937,7032,7128,7186,7282,7351,7402,7441,7483,7578,7605,7630,7727,7728,7759,7757,7793,7805,7808,7838,7819,7834,7832,7815,7789,7794,7752,7722,7695,7723,7717,7703,7667,7625,7586,7523,7475,7437,7372,7337,7324,7261,7234,7229,7172,7140,7083,7014,6976,6928,6849,6832,6810,6770,6730,6679,6677,6613,6552,6503,6431,6373,6294,6262,6227,6156,6079,6038,5972,5967,5911,5830,5748,5688,5618,5552,5488,5424,5373,5334,5311,5246,5187,5140,5081,5039,4964,4906,4869,4780,4731,4703,4668,4633,4609,4556,4511,4460,4431,4420,4380,4327,4273,4205,4177,4126,4054,4033,3988,3942,3900,3862,3811,3752,3720,3674,3633,3612,3573,3532,3500,3453,3401,3363,3351,3323,3264,3219,3181,3155,3127,3117,3092,3058,3014,3012,2962,2916,2880,2833,2816,2772,2736,2706,2694,2676,2657,2644,2605,2570,2541,2492,2460,2442,2410,2384,2353,2303,2268,2240,2216,2184,2145,2112,2090,2069,2062,2046,2020,1977,1944,0,
580,952,1311,1651,1998,2289,2586,2865,3120,3384,3639,3878,4113,4292,4489,4696,4851,5039,5193,5318,5469,5605,5754,5857,5957,6076,6160,6234,6309,6395,6470,6539,6579,6671,6743,6813,6847,6857,6920,6937,6950,6933,6933,6929,6961,6991,7014,7026,7036,7017,6989,6986,6971,6974,6994,6994,6929,6888,6871,6854,6829,6839,6834,6831,6801,6778,6772,6712,6662,6635,6576,6517,6460,6429,6402,6363,6358,6317,6278,6225,6158,6127,6069,6028,5959,5888,5854,5818,5804,5762,5704,5653,5616,5592,5565,5531,5492,5423,5390,5348,5295,5250,5223,5167,5109,5099,5051,4992,4924,4883,4830,4779,4737,4673,4628,4581,4514,4457,4413,4350,4293,4259,4212,4166,4114,4064,4024,3980,3916,3888,3826,3804,3746,3706,3670,3625,3574,3539,3509,3457,3420,3389,3376,3353,3313,3288,3243,3206,3176,3141,3114,3092,3055,3019,3007,3004,2972,2940,2906,2885,2838,2810,2799,2752,2719,2697,2675,2648,2618,2596,2559,2502,2465,2427,2406,2382,2349,2340,2315,2292,2277,2244,2226,2200,2195,2210,2176,2140,2110,2092,2073,2060,2022,2004,1963,1930,1898,1890,1880,0,
482,763,1075,1385,1667,1946,2235,2491,2728,2956,3134,3363,3553,3773,3985,4180,4336,4489,4670,4788,4908,5001,5097,5196,5276,5340,5424,5518,5626,5706,5780,5864,5941,5970,6000,6049,6088,6122,6176,6200,6245,6268,6290,6313,6287,6276,6270,6265,6276,6301,6311,6309,6315,6276,6239,6231,6242,6218,6235,6220,6193,6156,6127,6090,6071,6020,5974,5919,5910,5872,5854,5803,5780,5757,5715,5649,5599,5596,5530,5480,5443,5419,5362,5318,5259,5218,5159,5132,5076,5008,4984,4921,4893,4857,4818,4769,4720,4692,4636,4601,4585,4545,4494,4455,4413,4338,4292,4252,4221,4186,4132,4075,4036,4012,3978,3940,3903,3856,3821,3802,3760,3721,3697,3646,3620,3589,3569,3533,3504,3453,3435,3412,3367,3351,3322,3302,3293,3253,3224,3187,3135,3107,3063,3006,2945,2913,2882,2845,2809,2755,2727,2674,2650,2627,2587,2559,2536,2504,2486,2454,2430,2396,2344,2317,2293,2257,2215,2190,2159,2126,2102,2089,2058,2033,1988,1956,1953,1928,1899,1885,1875,1854,1834,1807,1787,1752,1726,1717,1711,1702,1685,1673,1653,1635,1640,1639,1628,1607,1619,0,
428,704,968,1230,1492,1699,1891,2095,2288,2520,2701,2894,3036,3199,3377,3500,3616,3748,3898,4012,4112,4210,4292,4374,4469,4558,4618,4652,4744,4800,4835,4913,4959,5045,5094,5100,5120,5160,5188,5201,5225,5251,5261,5267,5280,5286,5319,5353,5365,5377,5347,5341,5310,5304,5271,5263,5266,5239,5222,5187,5157,5167,5132,5108,5094,5057,5043,5010,4980,4962,4952,4921,4898,4843,4789,4765,4740,4706,4679,4643,4601,4554,4520,4475,4456,4399,4338,4285,4238,4212,4170,4163,4120,4076,4046,4012,3968,3892,3850,3814,3782,3733,3704,3680,3650,3609,3593,3556,3530,3485,3454,3417,3391,3341,3298,3259,3194,3196,3159,3130,3111,3104,3061,3040,2998,2968,2941,2913,2902,2884,2852,2808,2775,2731,2699,2658,2621,2595,2563,2549,2522,2509,2472,2451,2435,2401,2376,2353,2338,2315,2276,2262,2240,2206,2183,2154,2112,2099,2056,2019,1999,1976,1969,1960,1943,1927,1917,1910,1893,1882,1880,1847,1821,1806,1796,1773,1752,1744,1705,1696,1667,1651,1624,1614,1600,1583,1571,1557,1544,1527,1507,1490,1487,1466,1438,1394,1392,1381,1382,0,
358,574,776,954,1142,1340,1485,1630,1782,1943,2081,2246,2372,2488,2595,2727,2845,2956,3037,3138,3218,3297,3365,3447,3520,3563,3645,3700,3750,3795,3845,3887,3941,3944,3982,4020,4036,4056,4053,4056,4084,4099,4077,4088,4095,4069,4058,4033,4014,4018,4026,4011,4017,4013,4013,4008,3991,3970,3920,3911,3900,3850,3817,3797,3783,3749,3688,3683,3657,3644,3612,3587,3558,3538,3526,3498,3492,3455,3412,3394,3359,3330,3293,3272,3232,3234,3223,3215,3209,3189,3154,3131,3098,3054,3026,2996,2974,2979,2959,2928,2902,2897,2862,2842,2837,2822,2803,2787,2738,2710,2689,2671,2647,2648,2615,2592,2583,2538,2505,2486,2453,2395,2359,2334,2318,2293,2274,2243,2214,2190,2182,2177,2170,2141,2122,2098,2078,2053,2041,2005,1987,1956,1945,1931,1923,1907,1890,1876,1855,1847,1834,1811,1813,1795,1780,1748,1727,1716,1707,1697,1681,1663,1636,1608,1592,1573,1557,1533,1528,1500,1478,1475,1465,1449,1440,1435,1413,1395,1384,1356,1333,1319,1305,1294,1283,1278,1271,1270,1244,1225,1215,1206,1187,1174,1159,1162,1150,1137,1120,0,
188,286,386,518,619,732,838,939,1008,1088,1170,1246,1297,1349,1421,1485,1533,1588,1642,1689,1717,1756,1804,1832,1860,1891,1920,1942,1951,1969,1984,2017,2023,2042,2051,2062,2076,2075,2104,2122,2122,2131,2151,2175,2172,2198,2199,2211,2205,2201,2192,2186,2201,2184,2190,2182,2176,2197,2179,2185,2185,2179,2181,2180,2186,2201,2210,2225,2239,2226,2233,2243,2232,2222,2223,2222,2202,2199,2202,2214,2201,2176,2171,2152,2132,2103,2103,2109,2111,2099,2080,2075,2054,2058,2061,2054,2054,2036,2025,1995,1969,1948,1952,1934,1924,1897,1878,1858,1862,1851,1844,1828,1816,1799,1821,1791,1772,1760,1747,1718,1705,1704,1683,1661,1654,1637,1621,1606,1597,1592,1575,1558,1548,1532,1511,1505,1487,1481,1460,1458,1439,1436,1404,1391,1375,1359,1344,1342,1335,1320,1315,1320,1286,1273,1274,1282,1276,1254,1254,1239,1237,1233,1216,1198,1200,1189,1172,1165,1149,1157,1158,1131,1125,1125,1101,1094,1095,1085,1079,1074,1069,1051,1048,1045,1026,1011,1001,982,978,984,971,969,956,946,939,929,904,898,903,0,
0,0,0,0,0,2,4,7,11,15,18,20,27,32,37,44,51,55,65,73,82,92,98,107,115,124,134,148,167,182,205,215,233,256,274,290,304,322,344,360,380,397,415,428,447,475,495,515,539,565,595,624,649,662,669,675,695,704,735,751,773,787,805,822,825,829,830,849,868,878,881,888,909,936,939,942,952,975,970,970,973,980,988,998,1017,1038,1026,1018,1021,1009,1014,1016,1033,1038,1035,1038,1048,1047,1060,1058,1051,1058,1050,1049,1025,1031,1036,1035,1025,1037,1041,1051,1065,1061,1055,1060,1047,1059,1074,1076,1084,1070,1070,1072,1078,1077,1086,1081,1055,1045,1037,1037,1018,1017,1027,1008,1015,1000,1012,1010,1011,1001,1008,1009,1006,998,989,981,968,963,945,941,946,944,943,934,929,926,927,915,910,899,903,904,903,887,878,865,855,833,812,824,816,815,818,806,803,800,790,790,792,802,787,774,775,777,773,782,763,758,763,750,739,732,728,708,711,713,714,0,
0,0,0,0,0,0,0,0,0,0,0,0,0,0,0,0,0,1,1,2,3,3,3,3,4,4,6,7,6,7,11,13,16,15,18,20,23,30,33,43,50,57,60,63,66,68,74,81,88,101,106,109,116,120,134,143,145,163,173,181,191,208,220,233,243,254,264,272,280,284,306,317,342,351,361,379,392,394,409,403,414,432,440,456,470,474,477,485,499,516,531,537,549,543,557,547,557,561,560,574,585,583,583,597,604,605,596,600,605,598,607,605,601,610,596,600,596,593,594,586,588,599,603,615,614,609,601,617,638,637,629,626,642,636,637,652,647,647,639,627,639,650,656,638,634,638,637,630,626,637,645,632,631,633,625,622,618,621,610,599,601,600,594,590,565,585,580,589,593,592,600,605,604,595,584,585,580,581,579,569,562,562,553,555,557,545,551,533,535,518,505,509,495,501,511,513,513,509,511,0,
0,0,0,0,0,0,0,0,0,0,0,0,0,0,0,0,0,0,0,0,2,1,1,1,2,1,0,0,1,1,1,1,2,3,3,4,3,4,4,4,4,6,9,9,12,14,13,18,20,21,25,26,30,35,42,39,45,45,53,61,64,72,74,75,82,96,99,102,105,111,114,116,119,118,116,124,129,129,138,153,161,172,175,185,191,192,206,219,230,237,237,236,241,245,254,262,268,279,285,285,286,298,312,313,328,330,332,338,346,352,347,349,362,364,383,389,398,403,394,399,405,394,390,397,393,397,398,397,395,394,402,404,401,408,400,387,400,404,411,412,406,409,402,403,414,424,436,432,425,422,420,426,427,428,416,416,425,425,421,429,420,420,413,419,415,411,425,423,410,408,409,401,400,400,404,401,394,396,387,392,393,387,395,396,392,390,394,406,407,410,412,399,407,399,389,390,383,381,387,0,
0,0,0,0,1,0,0,0,0,0,0,0,0,0,0,0,0,0,0,0,0,1,0,0,0,1,2,2,1,1,0,0,0,0,0,0,1,1,1,1,1,1,2,4,4,4,4,3,4,5,7,8,6,6,7,11,11,14,14,14,17,20,21,24,26,27,34,34,39,47,48,50,54,61,68,67,67,74,76,78,76,80,83,86,94,97,101,99,99,99,99,102,104,108,107,112,123,124,127,136,142,148,150,148,143,161,170,186,191,198,204,214,216,209,207,214,215,207,206,222,231,234,241,240,253,250,244,245,252,264,262,258,266,257,267,284,282,289,292,306,310,302,300,296,296,298,284,288,297,307,300,300,304,299,315,311,302,296,295,285,295,295,310,311,323,319,314,303,304,296,281,272,279,279,283,288,297,291,293,294,294,298,295,290,284,275,269,262,256,257,262,267,262,269,267,268,281,286,287,0,
0,0,1,1,0,0,0,0,0,0,0,0,0,0,0,0,0,0,0,0,0,1,0,0,0,0,0,1,1,0,1,1,1,1,0,0,0,0,0,0,0,0,0,0,0,1,1,2,1,2,3,4,6,5,4,3,2,5,5,6,7,7,8,7,8,8,10,12,14,16,19,18,19,24,25,24,28,30,35,37,44,45,50,48,45,49,51,54,56,60,62,62,66,67,74,76,76,72,74,76,79,77,75,87,97,92,89,89,91,95,99,102,103,116,120,116,119,132,143,139,143,152,155,154,146,155,165,165,167,176,175,171,166,171,172,169,159,166,165,162,164,165,168,172,179,180,193,203,213,208,209,213,215,218,210,206,215,219,215,228,220,225,222,230,223,222,223,225,231,224,227,235,231,234,230,222,219,224,219,218,215,212,212,206,212,217,221,228,226,224,218,215,215,213,214,216,217,212,219,0,
0,0,1,0,0,0,0,0,0,0,0,0,0,0,0,0,0,0,0,0,0,1,1,0,0,0,0,0,0,1,0,0,0,0,1,1,1,1,1,0,0,0,0,0,0,0,0,0,0,0,0,1,1,2,3,4,5,4,4,5,4,3,3,5,6,7,7,7,8,8,6,7,7,9,12,8,10,14,17,15,17,18,15,18,22,30,28,30,30,30,36,40,43,45,43,41,39,42,43,41,47,45,49,44,46,47,55,54,54,57,59,61,62,65,69,73,76,73,74,80,82,77,80,81,86,86,80,84,87,84,86,97,106,108,107,106,119,118,120,122,121,129,129,134,125,125,124,126,120,117,123,126,118,126,129,138,136,148,163,163,170,170,179,170,184,180,171,170,168,174,175,167,171,156,152,156,166,158,157,158,162,165,161,172,172,172,170,164,166,162,169,165,162,159,153,155,148,151,157,0,
0,1,0,0,0,0,0,0,0,0,0,0,0,0,0,0,0,0,0,0,0,0,1,0,0,0,0,0,0,0,1,1,0,0,0,0,0,0,0,1,1,1,1,0,0,0,0,0,0,0,0,0,0,1,1,1,1,2,1,1,2,2,3,3,2,2,4,6,5,5,5,5,6,6,6,6,4,4,5,9,9,8,12,14,12,7,9,9,10,14,10,14,14,18,21,25,27,30,30,35,36,36,36,40,38,42,37,38,38,38,38,34,38,35,38,40,40,42,39,39,38,50,51,54,55,55,59,62,61,60,68,67,69,73,73,73,73,73,72,80,79,80,78,77,78,81,84,83,82,83,87,91,95,93,95,88,92,88,87,82,89,88,89,97,95,98,108,120,123,120,127,134,131,143,147,140,132,142,144,145,147,142,141,133,126,124,120,124,123,119,115,117,122,121,132,128,125,123,127,0,
0,1,0,0,0,0,0,0,0,0,0,0,0,0,0,0,0,0,0,0,0,0,0,1,0,0,0,1,0,0,0,1,0,0,0,0,0,0,0,0,0,0,0,1,1,1,1,1,0,1,1,0,0,0,0,0,0,0,1,1,1,2,2,1,3,1,1,0,2,3,4,4,3,1,3,8,9,9,4,3,3,2,3,4,4,6,6,7,7,7,11,10,11,9,7,7,10,8,13,15,16,21,21,20,23,23,24,25,29,30,30,35,36,42,36,33,37,31,30,30,30,32,32,33,38,37,33,30,34,35,38,41,42,43,42,42,47,52,58,51,54,54,55,53,55,56,54,54,61,66,63,65,67,69,70,75,73,74,74,79,76,73,67,68,65,68,65,59,59,63,62,65,72,78,74,82,90,93,98,89,93,96,102,109,117,119,117,109,114,120,126,125,117,114,107,109,106,106,104,0,
1,0,0,0,0,0,0,0,0,0,0,0,0,0,0,0,0,0,0,0,0,0,0,1,0,0,0,0,1,0,0,0,1,1,0,0,0,0,0,0,0,0,0,0,0,0,0,0,1,1,1,2,1,1,1,0,0,0,0,0,1,1,0,1,1,3,3,4,2,2,1,1,2,4,2,3,2,0,5,8,8,8,5,4,5,5,3,4,3,3,2,3,3,3,5,5,5,8,7,6,6,7,8,11,11,15,17,15,16,18,14,14,13,13,17,20,20,26,28,29,30,30,29,28,26,25,29,31,26,29,31,32,32,35,33,35,32,28,28,32,33,35,37,44,45,42,40,39,36,37,44,43,38,40,41,43,47,46,44,42,46,51,57,58,60,60,62,65,63,63,69,64,63,60,63,58,58,57,60,66,63,59,51,53,52,58,65,71,72,76,77,78,86,91,89,87,91,90,96,0,
1,0,0,0,0,0,0,0,0,0,0,0,0,0,0,0,0,0,0,0,0,0,0,0,1,0,0,0,0,1,0,0,0,0,1,0,0,0,0,0,0,0,0,0,0,0,0,0,0,0,0,0,1,1,1,1,1,0,0,0,0,0,1,1,1,1,1,0,2,3,3,3,1,1,3,1,4,2,2,2,2,3,4,4,3,4,4,3,6,7,7,7,5,5,3,3,3,2,2,3,2,2,4,3,5,5,6,13,10,10,11,11,11,11,11,12,11,12,13,11,12,13,17,19,18,19,23,24,31,27,23,22,20,21,24,24,23,27,27,27,25,26,27,23,22,23,25,31,34,35,34,35,34,33,32,32,31,32,34,38,32,32,32,35,37,39,36,34,36,39,35,36,37,42,41,45,43,47,48,50,55,55,56,52,53,56,51,54,51,48,47,40,41,42,49,53,58,64,70,0,
1,0,0,0,0,0,0,0,0,0,0,0,0,0,0,0,0,0,0,0,0,0,0,0,1,0,0,0,0,0,1,1,0,0,0,1,1,0,0,0,0,0,0,0,0,0,0,0,0,0,0,0,0,0,0,0,0,2,1,1,0,0,0,0,0,0,0,1,1,1,1,2,3,1,1,3,2,2,1,1,2,4,4,0,1,2,3,4,2,2,2,2,4,6,9,7,5,6,3,3,4,2,1,2,2,1,1,4,2,1,5,7,9,9,10,9,11,10,9,10,10,10,8,6,8,13,12,13,12,14,17,20,23,19,18,19,20,20,19,19,19,21,20,22,25,24,23,21,19,17,20,21,24,22,25,24,27,26,28,30,34,36,31,30,29,27,29,30,29,25,25,29,30,28,29,29,31,27,26,29,29,31,30,28,32,35,41,39,39,40,38,39,39,41,43,41,43,37,41,0,
0,0,0,0,0,0,0,0,0,0,0,0,0,0,0,0,0,0,0,0,0,0,0,0,0,1,0,0,0,0,0,0,1,0,0,0,1,1,0,0,0,0,0,0,0,0,0,0,0,0,0,0,0,0,0,0,0,1,1,0,1,1,1,1,1,0,0,0,0,0,1,1,1,3,1,0,2,3,2,3,2,2,2,5,3,1,1,0,2,2,3,2,2,2,2,4,6,3,5,4,5,6,5,3,2,3,3,2,4,4,2,1,2,2,2,4,3,6,9,8,8,8,8,8,7,6,6,7,6,6,7,8,8,11,14,14,13,13,15,17,14,15,14,13,14,18,18,17,20,22,20,19,16,18,17,19,18,22,19,19,18,15,19,21,19,25,29,27,32,34,36,32,27,25,22,20,17,19,22,21,18,20,24,28,28,25,21,23,26,27,31,32,35,30,28,30,23,24,25,0,
0,0,0,0,0,0,0,0,0,0,0,0,0,0,0,0,0,0,0,0,0,0,0,0,0,1,0,0,0,0,0,0,0,1,0,0,0,0,1,0,0,0,0,0,0,0,0,0,0,0,0,0,0,0,0,0,0,0,1,0,0,0,0,0,0,1,1,1,1,0,0,0,0,1,3,2,2,1,1,0,1,1,3,4,4,4,2,4,2,1,0,2,2,2,3,2,2,5,5,3,1,1,2,4,5,5,3,3,3,2,3,2,2,2,2,1,3,3,2,3,3,2,4,5,6,6,7,6,6,5,5,6,4,5,7,6,7,7,6,8,9,11,10,10,10,11,10,15,15,14,12,13,16,15,14,11,13,13,14,13,15,16,18,18,18,17,17,20,16,15,16,15,22,24,27,30,30,26,22,24,29,28,22,17,17,15,17,15,15,16,15,18,18,21,23,24,26,30,30,0,
0,0,0,0,0,0,0,0,0,0,0,0,0,0,0,0,0,0,0,0,0,0,0,0,0,0,1,0,0,0,0,0,0,0,1,1,0,0,0,1,1,0,0,0,0,0,0,0,0,0,0,0,0,0,0,0,0,0,1,1,0,0,0,0,0,0,0,0,0,1,1,1,1,1,0,1,0,1,2,2,2,1,0,0,1,3,4,3,3,3,2,2,2,0,0,2,2,3,5,6,4,3,3,3,1,0,2,3,4,4,3,4,4,2,2,3,2,2,2,2,1,2,2,4,3,4,3,3,3,5,4,4,5,5,5,6,7,8,6,5,4,4,7,8,5,4,7,7,7,8,9,8,9,10,10,10,11,12,12,9,10,12,11,11,11,11,11,11,13,13,12,17,15,14,14,13,16,20,23,19,17,15,18,20,20,23,25,25,23,22,21,16,15,13,13,14,14,13,16,0,
0,0,0,0,0,0,0,0,0,0,0,0,0,0,0,0,0,0,0,0,0,0,0,0,0,0,1,0,0,0,0,0,0,0,0,0,1,0,0,0,0,1,0,0,0,0,0,0,0,0,0,0,0,0,0,0,0,0,0,0,0,0,0,0,0,0,0,0,0,0,0,0,0,0,1,2,2,1,1,1,1,2,1,1,1,1,1,1,3,2,4,2,1,3,2,2,2,1,1,2,5,2,2,2,3,3,2,2,1,2,1,1,1,4,2,2,3,3,2,2,3,3,2,2,3,1,2,4,5,4,4,2,2,2,3,3,2,3,4,5,8,8,6,5,5,5,5,2,3,3,5,8,7,9,10,9,6,4,5,8,8,7,9,10,9,10,8,9,10,12,12,9,9,9,8,10,9,10,8,10,11,15,14,12,14,15,15,14,16,16,16,20,18,20,21,21,20,20,20,0,
0,0,0,0,0,0,0,0,0,0,0,0,0,0,0,0,0,0,0,0,0,0,0,0,0,0,1,0,0,0,0,0,0,0,0,0,0,1,0,0,0,0,1,0,0,0,0,0,0,0,0,0,0,0,0,0,0,0,0,0,0,0,0,0,0,0,0,0,0,0,0,0,0,0,0,0,0,1,0,1,1,1,3,1,0,0,1,1,1,2,1,2,3,1,2,2,1,1,2,2,3,3,3,2,4,3,3,2,3,2,3,1,1,0,1,0,0,0,2,2,2,2,3,2,1,3,3,3,2,3,4,4,5,6,5,2,1,1,2,2,2,1,3,4,4,5,4,7,4,5,3,2,3,2,3,4,6,8,7,8,7,9,5,5,6,6,8,6,5,4,4,9,9,10,12,11,11,11,12,8,8,6,9,12,11,11,9,10,10,9,9,9,12,13,14,15,18,17,17,0,
0,0,0,0,0,0,0,0,0,0,0,0,0,0,0,0,0,0,0,0,0,0,0,0,0,0,0,1,0,0,0,0,0,0,0,0,0,0,1,1,0,0,0,1,0,0,0,0,0,0,0,0,0,0,0,0,0,0,0,0,0,0,0,0,0,0,0,0,0,0,0,0,0,0,0,0,0,1,1,0,0,0,0,2,3,2,1,1,0,0,2,2,1,3,2,1,1,2,2,2,1,3,4,4,1,1,2,2,2,3,4,4,2,2,2,2,0,0,0,0,0,0,0,1,2,2,2,2,3,1,2,3,3,3,3,4,6,6,5,4,0,1,1,0,2,2,2,2,4,4,5,5,5,5,4,3,4,4,5,2,2,2,4,5,7,5,5,6,7,6,7,2,3,4,2,3,4,5,6,9,10,11,11,10,10,9,10,10,9,10,9,9,9,8,8,8,5,5,9,0,
0,0,0,0,0,0,0,0,0,0,0,0,0,0,0,0,0,0,0,0,0,0,0,0,0,0,0,0,1,0,0,0,0,0,0,0,0,0,0,0,1,0,0,0,1,1,0,0,0,0,0,0,0,0,0,0,0,0,0,0,0,0,0,0,0,0,0,0,0,0,0,0,0,0,0,0,0,0,0,1,0,0,0,0,0,1,1,1,1,1,1,1,1,0,1,2,3,2,1,0,1,2,3,1,3,3,2,2,3,2,2,1,2,3,3,3,3,2,1,1,0,0,0,0,0,0,0,0,0,2,2,2,2,2,0,2,2,2,4,5,5,5,3,3,2,0,1,1,1,0,1,2,2,2,2,4,3,4,4,6,6,4,2,2,2,2,2,3,4,5,5,7,6,5,6,6,5,3,1,2,2,3,3,4,4,5,8,8,10,7,10,10,10,11,7,6,7,7,8,0,
0,0,0,0,0,0,0,0,0,0,0,0,0,0,0,0,0,0,0,0,0,0,0,0,0,0,0,0,1,0,0,0,0,0,0,0,0,0,0,0,0,1,0,0,0,1,1,0,0,0,0,0,0,0,0,0,0,0,0,0,0,0,0,0,0,0,0,0,0,0,0,0,0,0,0,0,0,0,0,1,1,0,0,0,0,0,1,0,1,1,1,0,1,2,2,1,1,1,2,2,2,2,1,2,2,3,4,3,1,2,3,4,3,2,1,2,4,3,4,2,1,1,1,1,0,0,0,0,0,0,0,0,0,0,1,1,1,1,1,2,3,2,4,4,5,4,3,3,2,2,0,0,0,1,2,1,2,1,1,1,2,4,5,5,4,5,5,3,2,1,2,3,3,5,4,5,5,7,4,4,5,5,4,4,2,3,2,2,0,3,3,4,5,5,8,9,10,9,9,0,
0,0,0,0,0,0,0,0,0,0,0,0,0,0,0,0,0,0,0,0,0,0,0,0,0,0,0,0,0,1,0,0,0,0,0,0,0,0,0,0,0,0,1,1,0,0,0,1,1,0,0,0,0,0,0,0,0,0,0,0,0,0,0,0,0,0,0,0,0,0,0,0,0,0,0,0,0,0,0,0,0,1,0,0,0,0,0,1,1,0,0,1,1,0,0,1,1,1,1,2,2,0,1,3,3,1,0,3,3,2,2,2,2,2,3,3,3,1,1,3,4,4,2,2,1,1,1,1,0,0,0,0,0,0,0,0,0,0,0,0,2,2,1,1,1,2,3,3,3,4,6,5,4,2,2,1,1,1,1,1,1,0,1,1,2,2,2,3,4,5,4,4,4,2,3,1,2,2,6,6,4,4,5,5,4,3,4,4,5,4,3,2,2,2,2,3,5,5,5,0,
