26,21,19,22,26,21,18,15,17,26,27,29,23,21,24,28,32,28,28,20,21,26,22,30,27,36,38,25,36,32,34,38,35,33,44,47,42,40,39,34,37,63,46,57,51,49,56,39,45,48,53,32,37,46,39,49,40,49,39,50,58,57,49,50,41,52,57,52,52,60,46,49,59,41,58,52,54,63,47,50,53,59,57,55,41,51,41,44,47,58,50,41,51,57,62,61,54,58,55,40,49,57,41,57,52,43,56,60,56,52,44,49,44,55,51,61,45,39,40,43,45,38,41,45,39,30,43,47,40,48,45,35,40,38,44,49,39,42,46,45,47,36,43,44,40,38,38,41,32,44,37,57,41,35,43,43,38,37,32,36,30,47,45,34,32,33,28,38,30,33,38,37,28,21,32,38,30,29,28,25,28,22,22,23,24,25,40,32,33,30,25,21,30,28,18,34,33,32,28,2,
21,18,24,17,21,28,14,17,24,26,24,22,26,26,14,22,27,27,29,28,21,30,21,27,29,29,39,25,33,31,37,30,38,35,42,42,46,41,46,34,33,48,51,53,56,45,54,45,40,43,47,42,31,48,39,43,40,41,40,57,54,52,51,45,41,51,50,47,44,44,52,47,59,46,51,48,63,52,37,50,59,48,43,46,42,55,46,41,47,52,48,49,46,48,59,56,57,45,50,40,48,53,38,49,53,51,53,59,46,51,46,61,50,38,38,47,42,38,40,39,48,43,36,43,38,35,40,39,39,45,32,37,40,42,30,43,41,52,36,36,39,35,38,37,38,41,38,32,42,44,45,39,27,36,30,39,39,37,31,40,30,41,40,27,29,31,33,40,32,29,31,27,28,35,38,26,22,25,23,26,18,20,18,24,38,37,25,24,28,21,26,24,31,24,28,32,35,29,26,0,
22,21,23,22,19,27,24,18,22,26,28,32,23,32,18,29,23,33,25,31,24,27,20,28,25,32,25,36,31,30,39,34,33,40,38,39,38,41,45,41,40,42,47,49,57,60,49,51,38,36,42,45,35,54,33,37,36,38,46,61,47,58,58,49,37,48,52,42,40,61,48,48,52,42,51,62,51,59,55,47,50,46,42,41,54,64,49,50,40,53,56,58,56,48,52,51,48,43,44,51,47,44,44,46,54,52,63,67,54,47,54,51,44,40,30,42,44,45,52,50,45,47,35,43,39,38,34,40,45,37,30,47,46,31,34,39,47,42,35,39,33,37,41,42,38,42,33,41,42,43,40,34,37,33,30,42,38,41,29,33,37,33,35,31,30,30,32,35,33,28,32,37,24,30,30,28,31,26,38,23,21,24,26,31,39,31,24,27,29,21,26,31,27,21,34,35,30,22,25,0,
30,16,18,18,17,24,28,24,23,27,24,32,25,31,27,28,19,24,32,35,33,32,20,35,27,29,32,31,28,41,40,33,33,37,44,42,34,44,41,48,45,44,50,55,50,61,64,52,35,38,39,47,37,45,41,47,36,45,44,59,51,56,58,48,48,53,56,42,45,52,48,56,49,41,52,65,54,68,46,56,44,44,42,55,57,47,56,42,48,41,52,60,57,58,51,61,53,48,35,53,60,49,52,46,51,57,60,74,53,51,51,47,48,32,38,42,52,45,49,46,38,43,41,49,41,37,30,47,39,34,41,47,43,35,31,42,44,42,39,27,35,47,48,49,42,32,38,42,38,50,38,35,40,27,33,48,41,34,36,34,42,31,27,39,32,35,31,41,35,25,38,22,29,28,33,29,43,27,29,22,27,33,24,28,34,26,29,34,25,31,26,31,29,33,28,23,22,21,22,0,
41,24,20,24,16,17,24,18,25,24,27,28,29,27,39,31,26,23,23,32,28,35,32,29,31,28,29,34,37,42,38,34,31,36,44,46,39,50,42,49,46,51,53,61,48,57,61,57,45,37,47,38,44,47,44,44,42,47,48,54,46,55,61,43,56,59,41,47,59,58,55,38,52,47,53,56,53,58,53,48,43,55,57,53,51,48,50,43,48,60,57,65,57,57,51,58,48,50,47,47,51,53,53,52,54,60,72,64,49,48,47,42,43,33,37,45,54,51,49,42,35,49,45,53,43,34,48,40,42,29,38,36,43,47,38,37,42,42,40,42,47,45,43,42,35,51,32,47,42,46,30,33,52,41,38,37,37,42,44,33,36,31,33,41,42,37,33,35,31,33,33,22,40,35,42,38,33,27,24,28,21,27,29,30,33,29,34,20,25,37,36,24,32,19,31,33,28,25,24,0,
36,16,18,22,22,15,27,22,19,27,27,25,18,30,33,38,39,37,27,30,34,31,30,28,33,33,30,35,40,45,32,33,38,28,46,44,48,57,52,49,44,54,49,57,51,69,63,49,44,49,47,41,43,48,50,36,47,53,46,52,54,47,65,50,57,57,60,49,66,57,59,48,44,55,56,52,60,58,51,42,50,65,63,53,53,34,41,63,59,63,61,65,54,55,59,62,44,44,54,48,59,49,56,63,59,66,66,61,43,53,43,51,43,31,52,40,44,58,46,35,46,58,55,49,53,47,43,31,28,38,32,37,49,38,39,48,49,43,45,40,44,46,48,39,37,43,36,49,53,46,35,46,45,37,40,50,37,31,35,40,32,43,55,29,35,30,35,33,32,36,32,36,30,39,30,25,22,28,28,30,23,29,21,29,44,27,35,37,38,40,34,28,24,29,33,28,31,18,23,0,
42,21,13,21,19,22,19,27,25,25,22,32,24,26,23,31,42,26,37,39,36,33,33,29,40,28,31,43,40,42,48,34,43,33,42,44,50,45,63,54,38,43,63,66,54,67,55,55,45,51,39,53,50,54,42,51,37,50,41,56,59,58,57,72,53,57,54,58,56,57,53,54,51,48,56,57,64,56,64,52,50,72,56,54,44,46,54,71,67,49,59,59,55,62,65,66,41,47,65,44,52,55,59,66,71,64,53,62,49,48,45,51,48,50,44,32,52,55,54,39,58,50,54,55,54,43,44,32,38,44,37,41,33,37,53,46,43,50,43,41,35,53,42,44,43,45,52,51,46,36,31,51,50,39,40,39,39,36,35,40,44,34,34,29,32,32,36,36,32,41,27,31,32,48,35,30,26,31,29,27,30,32,33,33,29,33,44,32,34,34,28,26,24,34,30,40,23,30,24,0,
46,24,19,18,22,19,17,20,26,26,26,33,22,27,28,31,38,35,28,38,42,44,34,27,46,28,37,46,36,44,39,46,35,44,51,47,40,51,64,56,42,50,60,70,61,65,52,54,55,52,49,49,59,51,54,47,52,44,55,48,66,50,54,73,65,57,53,51,55,58,56,55,62,50,71,56,72,75,51,47,51,75,59,54,45,38,66,62,57,51,60,67,73,58,67,56,50,46,50,60,59,59,56,73,65,53,64,51,51,55,50,44,41,43,50,41,64,52,51,47,50,57,58,57,50,31,39,47,48,38,41,37,47,45,60,47,42,45,50,44,49,50,48,44,38,39,49,52,44,44,54,52,50,41,29,30,43,39,47,40,37,34,36,32,32,32,35,32,34,34,30,42,37,44,26,36,30,39,34,33,29,31,25,33,35,36,41,36,30,33,30,31,38,31,29,27,19,17,23,0,
47,26,19,23,16,21,22,23,28,23,29,32,31,29,31,42,39,31,31,48,32,41,44,29,43,35,31,45,29,46,39,39,39,51,49,48,43,45,52,64,52,44,53,60,68,63,49,55,52,47,50,52,59,51,52,52,68,52,53,60,66,57,58,72,63,62,58,49,56,55,53,58,67,69,61,59,62,77,62,59,63,73,71,48,43,55,61,55,57,62,64,67,65,68,67,52,64,51,55,64,51,60,78,59,66,56,60,46,50,49,51,46,43,45,57,63,50,52,63,53,56,54,52,54,43,41,40,57,43,44,48,47,54,41,42,38,39,58,55,49,42,47,48,55,45,42,53,58,50,49,37,45,37,36,40,48,47,48,40,44,39,43,39,32,40,38,34,30,34,38,32,23,37,46,37,34,29,32,35,40,32,33,25,38,42,47,40,33,42,33,33,30,23,18,28,24,21,23,37,0,
39,29,25,23,25,24,23,21,30,22,21,22,29,23,30,40,32,38,43,45,31,42,47,45,41,36,40,38,33,43,36,46,40,49,56,48,64,47,52,60,71,54,52,74,64,67,54,54,55,55,49,54,55,58,62,63,64,59,47,48,66,62,53,70,63,65,54,56,59,61,62,61,70,66,62,64,51,89,54,73,71,61,59,59,56,63,59,51,53,56,57,74,68,68,62,59,58,54,55,60,64,71,59,60,53,50,47,53,54,41,45,58,49,57,64,55,52,52,53,62,53,53,48,59,59,32,47,56,50,50,60,47,40,39,46,55,59,66,47,47,47,48,50,41,35,51,56,46,41,43,35,42,37,52,48,47,44,47,38,38,48,45,42,38,48,32,37,39,39,45,38,42,54,43,40,39,39,32,45,37,23,35,41,42,32,40,40,37,40,33,25,23,23,25,35,24,25,37,32,1,
30,25,35,30,20,21,22,28,34,27,26,28,28,27,26,46,37,37,37,47,38,38,43,56,38,39,44,35,38,37,37,33,45,59,48,61,61,40,56,54,66,55,61,58,70,65,67,52,67,68,58,52,61,60,61,52,53,58,61,71,61,58,59,66,53,66,69,64,56,55,73,63,67,63,65,69,70,77,67,72,66,72,63,55,55,56,68,53,64,65,68,73,54,55,56,57,70,48,68,68,61,64,63,48,47,44,52,54,51,54,56,60,61,61,57,57,46,52,49,53,60,51,55,59,55,46,53,45,56,47,47,37,36,46,52,61,65,48,46,41,43,50,30,33,50,58,55,44,44,41,36,44,47,60,57,45,42,48,54,60,55,41,48,47,47,31,35,35,38,26,30,42,43,39,35,37,35,35,38,27,38,34,38,31,29,42,40,34,32,26,18,29,28,35,34,34,40,30,29,0,
31,20,27,31,28,22,23,23,31,31,31,28,30,32,21,36,43,35,47,39,49,51,33,49,49,46,45,33,50,35,35,40,43,61,52,68,59,52,51,48,51,62,59,55,63,63,66,69,60,83,73,63,65,53,70,56,57,63,63,64,69,75,70,59,49,70,72,57,66,67,77,62,67,62,66,65,65,72,79,61,73,78,81,64,53,56,68,59,70,68,56,52,62,65,62,57,52,62,68,73,65,54,60,51,59,43,58,64,56,57,46,63,69,51,48,58,50,47,63,61,61,65,50,54,64,52,54,55,47,41,49,46,42,43,60,49,54,52,51,44,47,38,34,35,39,42,58,57,43,43,51,61,58,57,43,40,55,51,55,42,42,36,37,31,38,37,36,32,49,37,36,39,44,42,40,39,30,34,36,29,36,41,39,36,40,39,34,39,32,29,23,34,38,33,35,40,25,18,26,0,
33,23,27,29,32,28,25,28,28,26,25,29,28,30,28,33,35,42,44,42,46,56,48,49,49,42,49,47,48,42,41,44,54,53,60,64,66,47,50,50,45,63,63,55,64,60,62,65,71,76,81,58,63,53,68,69,67,70,60,66,64,70,69,72,72,73,78,56,76,63,68,71,64,74,65,88,68,70,83,72,83,98,76,69,53,52,64,60,67,58,57,59,65,70,69,56,71,64,66,62,63,64,50,64,71,50,62,73,53,62,51,54,60,66,60,54,57,60,64,64,78,74,65,53,61,45,55,55,48,56,43,43,47,50,54,61,56,51,51,44,45,37,40,42,41,56,67,48,46,53,51,61,47,41,42,52,54,51,44,38,38,37,35,36,37,43,32,45,37,34,39,47,46,44,42,37,33,27,33,46,39,43,42,34,30,41,45,36,29,36,29,34,31,35,29,23,22,24,28,0,
34,22,22,26,27,29,27,29,32,19,37,28,33,36,37,37,28,31,48,42,47,48,53,51,55,41,42,39,52,58,41,37,55,55,61,59,63,44,63,52,62,63,62,67,65,58,63,67,81,74,83,77,61,77,71,77,74,68,69,61,77,83,76,62,66,66,75,71,60,63,77,67,62,73,67,79,77,89,78,72,91,66,69,73,63,61,67,64,74,61,64,59,58,67,78,76,69,60,62,58,69,50,51,65,59,51,71,73,62,60,56,74,61,56,50,67,66,75,63,75,60,62,58,66,59,56,56,45,52,50,46,54,45,59,62,51,48,43,58,56,36,41,45,50,47,56,50,54,51,62,61,44,49,53,54,69,53,48,36,32,42,43,38,38,48,42,36,50,42,39,47,42,34,39,35,36,32,37,40,50,40,45,33,37,39,45,42,28,29,29,32,35,32,26,29,31,30,27,27,0,
30,25,19,21,26,24,34,30,40,32,29,25,31,34,31,41,43,38,45,41,58,62,54,44,55,45,46,46,46,66,53,47,61,53,63,64,55,41,55,44,80,68,56,64,65,67,74,57,68,85,80,67,70,72,84,95,73,79,79,81,74,75,74,62,66,71,68,84,66,64,69,50,68,78,74,91,89,88,76,79,88,80,85,63,70,66,76,79,64,74,69,64,66,77,84,67,70,66,60,62,61,67,65,69,65,62,59,70,64,56,65,66,59,56,61,70,71,69,63,70,75,66,51,59,71,64,62,56,58,59,58,65,57,58,55,50,52,40,49,47,40,54,52,45,54,70,54,55,52,60,53,48,58,59,54,71,44,46,38,43,54,39,39,51,58,50,43,50,42,46,54,40,43,40,46,51,45,40,39,49,29,44,40,41,46,36,36,26,41,38,36,34,34,36,26,33,34,32,37,0,
35,25,26,23,27,23,22,31,41,32,39,33,32,31,28,44,40,32,40,42,47,69,64,54,47,44,47,51,58,62,51,61,68,58,54,66,55,56,54,52,73,62,54,62,66,72,71,66,77,75,60,82,88,85,76,81,86,89,75,69,77,73,70,66,75,87,81,86,73,70,74,65,74,76,83,68,88,72,78,85,74,85,84,48,69,71,80,78,67,76,82,79,75,76,69,75,74,64,64,74,79,66,70,69,76,72,80,65,81,66,73,78,64,67,72,78,84,74,79,71,70,55,59,58,71,65,48,53,60,52,62,54,60,54,57,57,56,49,48,53,54,59,55,51,61,62,53,57,58,61,55,46,51,54,55,67,49,50,49,51,41,42,48,50,57,47,45,55,46,41,44,42,43,56,42,43,37,40,40,44,41,48,41,39,28,32,31,40,44,35,43,42,38,48,41,38,41,31,40,0,
28,25,34,31,26,32,29,29,35,40,41,39,42,33,34,40,34,35,34,53,49,64,60,58,46,49,42,41,62,70,50,63,69,65,55,60,57,60,50,65,74,49,68,75,74,63,73,65,66,82,80,76,81,84,81,96,77,75,85,72,74,83,66,63,83,96,85,77,73,83,80,82,77,65,84,84,78,79,91,81,89,70,75,70,64,83,84,90,74,75,80,78,87,68,81,79,74,63,76,67,80,68,66,70,70,81,81,72,76,69,77,73,71,68,68,75,62,67,55,71,60,64,61,63,64,58,64,56,65,55,55,73,59,62,54,52,50,46,58,66,50,68,65,61,55,66,60,44,60,50,52,47,55,50,55,66,42,37,43,39,49,53,52,52,52,52,51,52,51,50,48,45,45,43,48,45,47,43,36,52,41,36,44,39,36,44,45,46,47,44,38,40,34,34,34,35,33,33,39,0,
37,29,29,36,32,27,32,29,38,45,40,48,38,25,45,42,36,36,43,56,64,52,70,54,56,50,61,53,54,66,61,74,67,70,62,68,72,75,66,62,61,64,63,72,84,70,62,67,83,83,81,67,79,80,80,77,85,77,90,84,88,63,68,89,85,86,89,72,82,82,70,72,70,79,85,92,97,77,83,93,95,69,83,89,70,92,93,91,78,72,77,75,83,72,75,81,92,85,84,71,78,69,72,77,77,88,91,65,67,71,70,61,85,72,63,61,60,72,63,77,85,68,65,59,62,72,61,64,65,51,57,64,57,55,58,61,58,63,66,60,60,47,55,52,54,69,54,62,48,46,64,60,52,48,52,57,51,56,44,55,55,56,58,47,35,48,54,57,58,62,50,54,48,49,54,47,55,38,39,49,52,45,43,38,43,47,45,39,43,36,41,34,33,36,36,41,36,35,36,0,
31,14,23,29,29,27,25,36,31,44,39,51,50,45,47,45,36,38,36,53,59,50,62,65,58,61,56,66,58,58,63,52,76,67,59,66,82,84,76,77,59,71,61,77,98,72,77,72,96,83,86,71,82,86,81,77,88,98,77,86,81,93,105,88,92,79,73,88,90,81,70,79,80,88,81,92,101,92,90,93,89,83,92,77,79,90,103,78,82,87,74,87,100,68,71,99,80,82,79,93,92,94,87,88,82,85,67,70,78,83,70,67,74,73,62,68,64,75,74,70,79,74,69,58,67,66,63,67,55,64,64,77,68,60,50,68,61,60,69,57,50,60,65,57,65,59,51,49,50,57,67,56,58,46,62,60,53,50,51,48,44,52,53,53,52,48,57,56,72,61,52,51,49,48,46,44,43,37,49,47,41,36,39,42,42,36,49,48,48,48,42,40,46,42,39,40,32,30,32,0,
38,25,19,25,25,36,34,35,30,39,29,40,43,45,48,51,46,50,46,57,59,64,67,77,71,62,57,56,76,70,64,63,72,70,72,81,75,82,71,72,78,74,74,79,82,83,80,83,89,80,92,76,73,81,87,87,103,93,94,90,101,96,95,91,91,83,88,82,85,81,95,93,75,102,85,90,95,94,101,89,83,83,81,99,91,94,96,89,74,74,91,72,83,80,91,91,75,73,76,74,81,71,81,82,75,81,67,90,75,80,69,78,61,76,66,60,73,64,74,86,79,75,69,77,79,71,74,65,73,74,76,68,68,63,67,62,64,68,62,63,67,58,68,51,56,53,54,59,60,59,53,59,53,57,66,67,58,66,45,46,51,51,51,50,59,52,63,68,62,50,40,44,50,40,37,40,48,46,50,45,42,48,43,46,41,56,63,44,48,47,41,39,39,33,27,34,34,31,28,0,
46,24,24,27,27,31,39,39,42,37,37,36,49,47,54,51,41,41,49,51,58,58,67,69,79,76,55,71,71,75,74,70,68,75,67,74,74,91,78,75,78,91,86,87,87,84,87,96,96,85,91,82,73,100,100,94,95,101,96,84,87,95,99,101,81,91,93,76,79,94,107,103,82,98,86,112,86,116,98,100,87,85,83,99,89,92,106,85,78,94,77,70,91,86,83,95,78,78,74,98,96,76,72,75,87,68,87,80,86,97,91,79,71,92,84,84,74,64,74,65,79,71,69,80,72,68,54,74,66,74,67,62,67,78,73,57,55,62,63,62,64,55,71,54,63,74,62,68,67,67,60,61,53,51,54,64,57,62,51,48,51,57,61,56,52,59,55,56,50,47,43,43,45,49,47,56,50,51,43,52,55,48,57,57,54,59,62,51,45,44,37,41,42,29,31,29,27,21,25,0,
48,36,28,25,36,20,33,38,45,36,38,39,48,44,51,58,60,56,51,65,58,57,58,67,72,89,77,72,71,63,79,84,83,72,74,80,98,100,79,86,87,91,79,79,99,101,85,89,90,99,87,90,98,89,100,103,97,100,91,102,109,97,110,84,95,110,101,84,87,94,94,96,92,101,100,124,107,109,108,102,90,79,105,88,90,98,96,89,92,98,88,92,88,87,90,87,79,81,93,87,84,82,84,82,78,71,85,84,103,93,80,83,74,83,88,85,74,68,75,87,81,85,75,74,79,78,67,80,73,74,68,73,77,72,66,51,71,73,69,63,72,66,53,53,51,59,81,69,61,74,64,49,62,61,60,55,59,60,52,51,60,69,62,60,52,51,58,57,50,36,46,44,43,55,65,50,57,51,56,60,51,49,58,45,54,64,55,56,48,41,43,45,38,35,38,32,34,27,43,0,
47,26,27,29,25,35,26,42,50,44,42,43,54,45,60,54,53,54,59,63,58,66,56,78,77,72,69,74,72,80,89,99,84,79,83,73,94,95,94,103,101,97,87,85,91,95,77,88,96,92,90,95,86,87,101,107,95,100,67,114,106,114,114,100,99,90,110,105,101,91,97,95,109,112,108,99,90,101,96,91,100,97,95,90,103,96,91,82,94,98,109,100,107,94,89,75,74,91,98,95,106,92,82,77,79,89,89,94,92,85,76,90,96,76,85,77,78,72,79,90,91,85,78,79,72,71,78,69,76,66,73,83,73,67,49,62,70,76,62,68,66,61,51,62,63,74,72,72,64,76,70,72,79,65,61,60,64,72,68,56,49,66,53,54,47,65,60,64,61,51,50,47,55,64,52,58,57,50,46,50,48,48,57,53,62,51,46,47,38,45,48,40,34,37,45,40,37,44,44,1,
43,21,35,30,33,38,36,39,51,45,46,59,63,51,57,59,70,63,71,57,71,60,64,79,69,77,76,76,68,99,89,79,91,94,99,93,94,89,89,101,103,98,103,91,98,100,89,84,109,99,94,107,95,109,93,101,115,116,110,118,107,104,107,103,97,97,101,101,100,93,90,101,104,110,109,100,93,88,107,113,116,97,82,101,99,104,96,93,93,98,102,100,94,97,87,75,81,111,91,104,101,99,79,79,86,82,86,91,79,84,81,77,82,94,95,100,100,78,86,92,78,84,72,63,59,75,80,71,83,69,86,75,80,70,66,73,69,72,73,74,73,58,62,63,76,69,73,89,72,77,70,76,63,58,68,73,68,63,64,65,61,48,62,76,73,71,60,54,63,54,47,52,44,40,48,53,43,55,56,66,62,64,67,57,54,50,52,45,43,39,47,39,46,43,50,43,37,34,40,1,
39,26,30,34,27,26,28,36,42,55,49,56,55,66,57,61,69,70,72,60,71,62,69,76,77,80,75,91,71,95,88,97,80,89,96,97,97,98,110,91,102,124,100,105,95,102,103,98,112,85,90,87,108,90,82,108,123,110,116,128,110,104,121,104,88,92,99,106,102,90,95,99,108,110,98,101,117,103,125,128,132,108,127,116,123,124,117,104,95,94,101,116,87,102,101,86,96,118,109,115,111,103,97,90,92,99,87,84,87,92,103,93,96,103,95,98,80,89,90,86,100,87,75,78,69,63,77,90,79,72,91,79,90,78,68,81,77,83,79,76,80,73,64,73,68,75,72,59,81,84,75,69,62,75,79,59,64,72,71,77,64,60,64,74,70,51,64,51,54,53,52,55,54,59,58,60,65,78,72,77,60,48,38,55,45,44,44,48,49,42,35,38,50,45,39,39,41,46,42,0,
48,31,35,33,35,29,39,47,39,57,47,49,50,74,74,74,70,71,87,68,81,66,72,92,82,86,79,88,75,76,82,79,80,81,96,110,83,88,97,101,109,102,97,96,97,106,103,102,113,98,103,111,108,103,87,121,119,121,96,116,108,104,110,121,94,97,103,105,107,110,119,113,115,112,115,108,90,106,110,112,100,109,124,107,108,99,101,97,90,93,82,112,96,94,112,120,112,109,116,102,103,93,96,90,88,102,108,80,93,113,115,111,92,105,92,77,96,76,83,98,105,89,79,69,82,86,93,103,94,89,83,79,76,93,96,94,85,87,87,64,78,68,72,78,69,77,83,81,82,77,89,81,79,70,66,48,60,85,69,73,60,57,75,65,60,56,56,46,58,62,52,64,56,57,50,66,69,61,58,59,50,53,52,57,54,55,42,37,57,56,49,50,56,53,27,34,51,34,41,0,
57,36,41,42,38,45,37,48,44,56,56,67,56,67,76,85,64,66,72,84,75,64,69,75,94,89,79,102,88,80,89,94,84,89,97,108,87,94,107,99,108,90,87,79,93,102,89,105,105,106,108,114,102,102,120,128,129,111,102,112,114,114,121,113,121,117,120,116,110,117,118,112,109,129,105,107,109,101,101,97,113,104,102,108,105,103,89,83,96,92,94,108,98,104,106,107,100,99,108,107,102,106,94,93,102,98,100,95,99,106,101,102,96,97,105,98,97,90,98,105,90,97,89,83,99,93,91,100,86,79,77,76,76,80,102,89,87,84,83,91,82,66,71,83,89,82,66,83,77,79,85,87,77,71,69,66,67,72,77,64,59,69,72,65,66,57,57,56,61,48,48,59,54,57,72,54,56,63,60,63,67,46,47,49,47,40,44,47,50,58,53,54,57,42,45,45,52,53,57,0,
59,30,31,52,48,46,45,49,46,50,48,56,63,69,75,85,78,74,74,74,75,80,81,77,84,93,85,108,94,99,93,88,77,106,103,96,97,101,100,110,113,121,100,110,104,101,105,110,105,116,99,102,111,98,124,118,113,130,119,123,124,125,122,110,116,119,118,116,101,123,114,117,122,123,114,106,111,113,139,111,114,102,115,109,94,96,105,90,106,104,104,116,114,103,106,102,105,134,107,100,112,116,116,101,107,112,100,77,78,103,112,109,101,92,98,99,94,86,97,90,89,97,91,98,104,105,88,80,76,79,90,80,108,104,108,89,92,85,89,81,77,79,76,74,87,93,80,76,89,93,79,75,75,86,70,72,65,77,76,72,69,74,60,62,63,65,63,55,65,60,59,60,66,61,66,77,59,64,57,55,58,55,49,54,56,40,41,59,53,51,46,51,50,51,53,47,49,49,40,1,
50,37,31,33,48,48,41,51,56,53,48,57,55,54,69,78,75,79,72,77,78,92,94,93,87,107,99,82,100,99,93,89,91,98,96,107,104,93,95,105,107,108,112,117,118,113,102,106,113,118,118,111,112,134,140,121,110,124,138,119,119,128,120,106,107,117,110,109,105,115,123,126,128,125,122,129,136,128,114,114,129,109,87,100,105,105,112,108,131,108,109,114,103,100,104,111,108,116,86,98,106,109,111,126,106,101,91,89,101,110,103,117,104,102,102,104,86,98,115,101,100,110,111,105,105,86,93,74,89,89,87,99,97,95,93,94,76,85,68,78,81,80,70,72,79,80,80,69,87,91,79,86,68,69,64,73,88,96,89,72,62,70,76,75,73,81,72,70,65,74,76,65,69,68,67,72,64,57,54,63,56,65,65,67,53,52,58,54,51,51,56,54,38,51,57,52,45,42,33,0,
50,33,31,34,37,52,46,49,51,53,52,54,64,58,63,63,61,76,67,78,76,79,84,101,111,109,103,93,82,101,87,90,95,112,108,103,110,90,98,105,129,113,112,118,108,105,113,109,125,124,129,121,134,147,137,118,124,133,128,120,146,122,129,128,110,112,114,114,105,119,138,157,136,134,126,125,127,110,115,139,128,104,103,118,107,95,117,121,114,121,114,105,79,100,88,101,115,111,100,109,121,114,102,113,103,105,92,98,81,93,98,98,112,98,117,114,103,90,100,104,114,108,106,106,92,103,109,100,88,97,96,103,96,102,97,92,78,86,87,83,82,86,73,80,80,66,77,84,106,91,84,89,80,69,83,90,94,89,82,77,78,98,77,84,70,70,57,56,74,73,73,73,65,66,57,54,53,43,53,74,63,64,66,63,63,64,62,53,50,47,47,51,59,57,44,43,42,38,35,0,
44,43,48,48,34,44,54,51,49,55,59,58,74,61,63,68,63,72,65,79,90,96,80,86,95,98,102,97,110,99,112,107,110,119,114,117,115,102,113,112,116,125,122,129,115,118,133,126,118,105,130,146,129,133,132,131,130,146,114,126,142,114,133,108,107,132,110,134,132,115,127,116,133,129,133,145,122,120,140,130,117,114,114,122,120,125,118,111,105,101,111,95,96,108,98,113,127,103,114,106,99,110,117,103,112,118,100,102,101,108,112,105,98,99,112,107,113,112,110,113,113,115,97,107,105,115,120,106,100,104,104,91,111,101,107,105,109,101,94,89,81,68,71,78,74,85,87,94,107,91,69,87,72,93,94,95,82,85,79,81,77,85,75,78,64,70,67,74,78,81,70,58,52,44,46,49,52,53,64,68,70,72,70,71,64,59,55,54,52,51,48,64,65,47,43,49,41,42,42,0,
48,40,39,42,34,41,34,39,48,50,49,67,82,70,72,88,81,68,77,73,82,86,88,91,89,92,118,104,104,97,119,112,123,114,108,112,129,96,112,114,127,114,129,128,104,117,115,124,127,125,127,135,130,130,145,130,120,121,142,138,139,121,112,100,126,126,131,127,124,129,145,142,148,140,135,131,122,126,133,124,131,117,114,119,120,123,114,101,122,114,126,98,126,102,111,133,121,118,120,121,111,104,113,128,132,106,102,102,99,108,104,96,92,111,109,104,123,118,117,111,115,101,96,106,111,107,96,96,97,108,98,98,104,102,97,100,84,94,94,85,82,78,91,75,80,91,97,108,91,81,75,89,86,90,89,72,69,71,74,63,71,68,80,79,74,75,83,80,85,80,65,60,62,61,55,61,59,51,62,58,71,69,64,63,59,52,67,64,73,75,58,58,57,48,58,48,55,47,45,0,
43,34,39,41,38,31,37,48,61,44,52,57,66,74,76,77,84,75,82,82,79,84,79,101,95,90,100,126,117,101,115,115,104,122,107,102,113,105,112,133,129,125,142,122,128,116,140,121,130,136,138,133,141,140,138,121,117,145,134,151,131,135,135,124,111,132,122,136,135,137,151,144,137,134,137,139,127,136,138,124,114,123,120,115,113,131,113,121,134,124,134,119,122,113,113,128,128,125,118,110,103,104,117,119,125,117,105,107,102,108,117,101,110,103,100,113,111,92,91,106,101,86,102,106,102,103,94,102,109,105,93,96,92,99,96,107,96,110,81,78,78,73,75,85,80,96,84,83,100,95,99,91,82,91,89,53,64,76,67,73,77,84,93,90,70,73,83,80,79,72,68,66,64,54,59,70,74,75,78,73,75,77,59,62,57,59,58,60,66,70,59,55,62,58,74,68,50,51,56,0,
58,38,37,37,42,49,50,32,50,57,69,65,69,58,67,82,80,87,88,83,85,77,94,95,111,90,93,115,125,122,120,115,114,103,115,90,123,112,107,134,125,132,129,126,114,114,144,146,132,138,130,157,129,148,136,129,136,143,163,146,129,140,153,153,151,151,141,138,132,118,145,135,138,139,131,128,140,130,133,120,135,133,114,127,119,131,133,140,131,123,135,123,111,123,115,133,138,130,119,125,120,116,132,104,114,96,104,102,119,118,108,96,96,102,110,100,113,117,95,112,113,113,96,123,106,105,126,113,124,120,104,101,107,102,100,94,99,98,94,88,91,81,85,73,87,109,104,95,79,92,86,94,95,83,84,90,77,82,85,85,104,94,84,85,73,73,84,85,75,71,70,71,76,71,70,67,69,61,63,67,65,62,53,63,69,53,66,64,55,59,51,63,57,49,62,54,52,49,46,0,
66,41,42,38,41,44,48,40,58,52,55,73,75,75,69,77,86,88,93,85,98,95,99,91,110,110,105,125,118,128,123,126,148,120,108,109,117,141,147,146,138,122,130,129,124,116,127,131,134,142,155,148,133,152,132,128,137,146,153,139,130,152,148,147,157,139,154,139,135,125,152,144,135,144,138,149,126,132,139,131,136,137,129,116,131,125,132,129,132,145,154,143,131,121,148,147,113,121,123,130,127,120,141,139,122,113,125,109,122,122,122,115,115,111,113,116,113,114,122,120,107,125,103,120,115,116,118,127,120,103,103,116,117,114,110,117,109,105,96,97,89,91,98,93,90,91,96,85,86,89,94,85,88,76,69,93,90,97,89,95,88,77,58,76,68,71,74,77,81,75,76,72,61,66,70,53,61,74,64,64,55,55,61,76,73,63,65,51,56,73,76,63,54,66,67,56,51,40,52,0,
63,42,56,37,37,43,47,59,63,62,56,72,73,77,82,81,78,61,75,66,87,106,100,103,109,91,104,104,101,110,131,137,128,132,124,126,135,146,149,136,139,129,117,116,113,130,124,129,143,150,137,135,138,151,118,129,154,155,168,152,140,160,138,158,153,133,155,142,138,135,121,155,167,148,141,139,117,134,137,117,147,142,130,140,144,140,133,139,131,133,125,128,131,127,127,131,109,124,135,121,110,125,138,134,136,129,121,112,122,124,113,116,120,114,121,111,115,115,124,115,123,110,107,103,115,122,112,95,108,107,109,118,104,109,97,103,100,85,94,101,89,90,104,94,87,101,98,93,95,100,82,82,81,96,93,94,92,96,88,70,72,73,78,72,90,87,83,81,87,71,75,74,61,63,67,77,73,72,68,67,60,66,74,76,71,70,71,56,64,67,56,55,49,62,51,57,56,56,52,0,
63,38,28,51,52,49,60,61,71,55,53,66,67,75,82,84,80,72,69,75,89,88,103,107,117,116,113,124,102,121,135,119,123,136,135,138,139,163,137,124,130,141,129,139,131,126,158,135,139,138,141,146,146,129,141,144,146,164,154,158,139,143,156,163,161,147,149,128,141,120,123,152,144,151,140,134,126,136,139,132,132,146,133,109,115,131,120,126,131,139,145,131,151,134,136,129,130,141,122,109,125,137,121,109,123,133,120,107,119,115,109,114,109,104,103,121,122,127,122,126,113,95,91,112,109,121,108,107,112,96,98,99,104,110,102,115,103,83,92,113,103,100,94,102,97,93,99,90,85,92,88,78,85,91,82,95,96,94,81,84,76,76,72,84,77,75,78,56,64,62,71,65,62,61,59,71,71,61,83,58,71,75,73,65,60,64,57,60,52,49,50,59,61,53,59,59,61,43,47,0,
61,46,43,37,40,52,51,56,72,62,68,75,84,93,87,86,98,92,93,93,88,76,95,105,105,112,106,120,98,127,117,132,147,145,126,150,149,156,125,127,142,133,156,139,149,141,136,142,138,146,168,150,137,147,138,161,146,147,136,143,142,140,159,171,150,144,149,132,129,135,152,155,153,167,177,152,141,150,154,146,138,140,131,122,124,134,133,129,143,143,138,137,160,153,148,143,145,132,123,129,135,121,137,133,115,107,123,117,133,110,121,102,110,115,104,138,134,123,121,117,96,111,118,106,108,102,114,117,90,88,115,112,107,112,103,102,102,97,111,98,96,88,84,82,93,98,87,87,83,85,90,73,81,85,83,87,89,88,80,94,96,88,87,80,79,74,66,61,65,76,68,59,74,74,68,76,63,73,78,83,64,69,79,67,72,66,60,55,59,57,60,48,46,56,62,40,52,45,47,0,
52,41,36,33,34,50,52,58,59,64,65,68,83,93,91,93,101,95,95,102,108,88,102,94,119,113,110,112,113,117,125,121,121,153,127,122,134,141,132,148,150,137,151,162,151,148,136,148,153,140,161,149,150,145,144,147,166,158,134,134,153,172,141,153,155,157,161,170,152,137,146,144,156,151,160,147,154,143,145,146,117,117,115,113,107,130,143,143,161,149,140,132,148,140,120,136,123,115,121,116,142,144,121,123,114,139,124,129,137,122,130,124,123,107,112,114,113,118,103,101,100,125,119,108,127,113,131,115,112,97,104,93,97,102,108,94,93,91,97,95,95,93,94,77,89,90,81,87,86,95,86,80,71,70,74,81,92,81,89,86,87,88,74,79,82,69,69,82,71,86,70,71,88,86,70,74,86,90,67,64,63,66,74,75,55,64,67,48,41,55,64,51,47,53,53,55,52,47,50,0,
46,35,40,35,38,36,43,59,59,67,63,72,73,89,78,87,95,107,105,102,106,107,111,109,122,134,115,126,137,111,112,118,137,138,146,125,148,160,149,140,155,154,146,158,150,143,154,154,165,174,166,150,173,169,151,163,175,156,170,156,142,169,150,147,162,130,151,163,149,144,175,160,146,151,153,147,135,145,139,120,164,158,136,137,129,157,141,154,159,136,147,130,131,124,123,110,121,123,124,110,123,111,127,139,132,130,141,149,132,132,122,128,125,129,131,128,136,149,123,111,119,119,123,119,108,112,102,112,124,104,98,99,102,102,113,105,82,108,87,89,86,105,109,94,105,113,102,104,73,101,85,74,79,69,88,96,89,116,102,88,78,88,79,75,99,78,81,80,99,81,83,86,86,78,76,87,88,78,58,74,69,65,80,80,67,66,62,61,64,52,55,51,50,58,56,46,49,52,53,0,
46,33,42,40,41,46,45,56,51,54,68,69,74,74,85,90,80,83,93,91,94,105,110,124,125,115,112,101,130,120,121,132,137,134,138,124,137,151,144,149,138,150,153,149,148,137,138,151,148,180,162,169,172,159,151,150,156,158,173,173,141,155,131,134,140,143,166,163,129,148,151,149,150,152,158,155,139,156,143,129,149,144,142,143,148,142,140,150,149,150,130,116,125,130,137,145,139,136,135,121,126,127,141,107,115,137,153,163,156,132,135,139,135,145,158,131,130,135,126,122,116,124,127,118,107,124,119,124,104,100,105,99,112,107,115,105,106,113,109,94,103,94,114,121,124,97,93,95,92,97,99,82,96,96,93,79,84,97,90,89,96,93,92,94,83,83,81,80,78,86,85,80,95,98,85,72,67,75,74,67,65,69,76,63,64,70,57,66,61,63,62,64,62,71,60,56,52,45,47,0,
46,31,29,42,51,43,56,53,54,59,69,71,84,76,82,94,84,85,101,92,83,98,113,118,133,139,117,118,138,140,124,123,141,141,121,142,144,141,147,143,130,143,153,155,153,141,170,143,154,170,174,173,169,176,170,160,155,162,159,166,153,141,111,126,149,149,162,168,148,140,157,163,167,154,159,149,147,137,136,142,156,146,144,146,142,139,141,145,130,144,123,135,145,147,163,155,138,135,127,142,131,122,132,134,140,154,161,140,131,117,134,138,148,138,129,119,112,138,122,116,133,118,137,133,117,118,118,123,117,109,98,105,96,100,100,108,99,96,114,100,105,97,104,125,113,115,110,110,90,100,109,95,93,101,78,81,92,87,93,100,107,102,95,98,78,66,73,63,79,79,82,74,76,87,72,77,60,57,61,59,55,59,60,74,73,59,49,51,67,70,71,57,70,68,62,63,61,51,52,0,
40,36,42,40,54,56,54,52,52,58,67,74,79,70,81,95,93,86,83,82,90,95,104,96,117,123,109,120,121,139,125,131,136,114,118,135,159,151,137,138,139,133,150,152,158,166,184,161,176,144,160,152,145,155,151,154,153,162,170,169,139,136,138,139,160,160,165,193,183,152,151,160,164,166,170,153,149,148,154,163,133,166,160,160,137,145,157,163,150,146,151,147,134,141,144,142,158,165,149,154,149,148,133,151,125,145,135,139,135,128,130,141,132,131,138,130,128,120,117,141,136,122,129,141,118,124,129,126,108,111,108,105,100,102,99,103,94,98,105,116,115,101,112,113,106,94,97,125,111,106,112,89,93,84,76,83,97,107,117,100,94,88,89,77,83,81,78,74,87,84,76,71,66,70,67,77,75,62,72,71,83,76,74,69,67,62,57,57,63,52,60,68,47,61,37,41,41,57,65,0,
46,41,41,46,44,44,51,43,53,48,62,65,82,84,84,101,97,88,91,87,103,94,119,103,88,120,98,116,121,147,145,127,130,119,133,130,137,137,156,149,156,130,155,176,159,158,153,184,169,149,159,149,145,148,151,176,163,164,150,158,151,156,162,159,154,151,161,148,164,156,169,155,170,151,167,158,142,158,146,147,164,141,135,136,137,146,149,160,158,144,146,143,164,148,152,171,171,181,165,153,152,163,135,118,126,139,129,128,126,134,126,145,129,147,132,124,128,133,140,140,127,117,126,121,115,111,108,123,108,105,116,106,101,108,91,107,105,104,116,114,107,108,102,117,99,99,109,96,100,100,93,90,106,100,97,91,97,85,88,79,76,85,86,74,77,81,75,82,83,84,78,64,73,73,74,63,53,58,63,61,68,68,66,61,70,68,58,74,64,58,59,58,52,61,53,54,53,57,45,1,
42,29,27,39,33,45,49,46,41,50,63,80,90,98,90,92,82,82,99,105,96,88,111,103,87,125,139,123,138,127,127,142,135,133,129,128,121,143,156,141,150,142,152,169,162,135,144,163,153,152,158,171,142,144,155,172,163,169,160,162,152,159,154,168,144,160,154,158,162,182,177,151,151,160,165,153,149,144,151,147,159,151,134,136,142,157,162,162,147,149,166,129,159,160,169,154,154,156,151,140,154,143,144,144,161,132,127,122,123,119,146,140,157,158,143,124,148,126,135,133,144,132,137,119,130,130,127,117,127,113,130,110,100,96,102,110,100,97,116,132,119,101,119,122,104,102,98,112,101,92,105,102,108,84,84,92,94,117,108,102,113,94,90,93,97,90,97,77,84,85,86,72,86,81,72,72,69,64,72,79,65,69,61,67,71,75,58,69,63,57,59,57,46,55,51,52,58,50,50,0,
39,32,34,50,41,53,54,56,59,51,54,65,74,72,69,81,77,85,110,105,106,100,116,118,104,109,129,113,112,114,112,129,129,142,145,145,151,137,158,162,158,150,161,170,152,136,150,148,142,141,143,149,147,154,154,150,160,161,170,171,154,184,148,174,156,141,154,166,168,155,173,158,137,158,166,146,151,145,149,166,132,141,147,162,149,139,138,144,146,150,179,159,148,166,163,149,155,144,165,139,167,163,139,148,149,161,162,139,133,127,124,139,137,119,118,129,138,136,139,130,103,111,127,128,110,127,112,116,130,117,106,114,115,115,106,121,113,109,104,117,116,115,102,107,109,93,99,90,113,117,113,101,114,102,99,88,87,104,91,100,97,96,96,105,93,95,91,86,74,81,71,78,77,86,82,74,65,75,59,65,73,81,70,60,54,56,59,57,51,55,52,56,61,57,50,53,56,40,44,0,
48,41,39,47,48,51,51,53,60,65,65,64,75,74,87,101,90,91,115,118,105,104,103,100,112,118,107,120,102,112,137,125,121,133,153,140,133,129,136,153,143,143,166,155,151,149,152,137,147,151,172,156,162,169,141,160,164,150,144,144,146,172,156,160,159,158,167,164,141,147,164,151,152,151,157,155,158,135,143,131,149,145,139,136,147,154,142,117,125,142,163,157,145,144,160,161,158,148,151,161,164,152,151,156,141,163,158,154,157,166,136,138,137,119,125,126,131,157,133,141,125,116,116,117,110,136,132,132,150,125,93,101,104,107,110,112,110,104,108,117,118,117,110,106,100,100,86,101,112,94,93,94,104,99,93,81,88,86,75,79,87,87,78,80,90,73,72,84,88,94,93,72,77,79,80,83,82,73,84,72,66,66,70,69,55,57,70,61,65,59,49,56,56,52,52,50,51,50,58,0,
46,44,53,65,59,61,66,68,67,78,67,65,75,87,74,72,82,103,115,113,86,96,111,111,101,120,128,122,119,124,120,118,131,141,151,132,149,138,138,150,144,134,174,170,153,155,140,142,148,142,157,164,176,152,141,163,161,179,165,171,159,165,147,156,189,167,151,156,154,150,168,131,127,145,177,148,163,169,168,144,131,149,148,147,147,150,146,156,165,167,170,171,149,144,143,163,154,142,152,132,138,131,142,125,139,139,167,152,162,143,112,123,121,111,124,122,124,115,116,113,124,119,139,143,140,134,140,109,95,114,114,115,108,108,91,91,104,111,124,116,126,108,111,102,117,114,107,91,110,78,106,107,97,96,92,83,78,88,89,81,78,88,91,81,88,90,99,103,85,88,89,87,74,78,70,69,73,70,62,73,82,61,69,71,66,64,65,67,77,64,57,58,66,53,45,53,54,37,47,0,
41,30,31,53,45,53,72,58,57,72,63,83,82,91,76,81,89,93,94,103,113,104,103,108,104,128,114,121,121,124,122,129,146,155,152,119,145,164,137,148,150,161,179,165,162,159,139,147,126,142,125,146,154,152,158,162,156,150,173,168,181,167,154,180,169,151,154,159,159,155,145,143,134,155,156,152,142,156,149,140,163,157,158,139,152,152,177,161,166,152,151,154,170,177,154,155,157,142,157,159,144,125,160,127,126,125,135,144,136,134,130,119,125,129,135,136,135,138,117,108,123,132,127,120,114,129,113,118,103,115,117,113,114,109,109,87,96,115,126,125,127,109,101,120,105,104,94,92,114,83,79,96,100,88,96,87,79,81,85,78,77,91,90,74,80,84,89,72,62,75,69,67,77,66,75,68,73,59,67,73,75,67,71,66,62,72,63,65,64,55,47,46,66,55,42,63,51,46,57,0,
60,53,46,62,55,60,61,59,61,56,64,81,75,74,80,93,83,86,85,93,106,97,92,102,116,98,110,114,113,103,123,131,144,153,145,132,137,129,128,142,138,138,146,140,159,164,160,131,138,134,149,153,147,141,142,156,138,153,148,163,157,164,184,173,156,134,146,159,188,176,158,150,156,165,167,154,168,156,165,151,179,152,133,143,160,149,159,138,151,147,150,157,170,149,155,158,152,147,148,146,152,144,130,135,133,127,131,125,122,130,139,131,125,131,137,122,134,123,118,126,126,134,119,115,108,100,107,99,107,116,115,118,106,111,97,95,100,120,115,110,97,102,104,100,98,105,95,104,106,94,100,92,89,90,80,87,94,106,101,89,84,96,96,83,81,76,82,82,72,75,75,90,84,77,72,79,62,67,68,71,72,70,69,76,58,53,59,59,64,43,54,60,57,63,56,56,52,61,53,0,
57,39,40,50,47,61,52,60,64,59,78,79,69,75,75,95,89,91,100,99,87,95,102,119,115,117,120,117,131,118,125,114,123,138,132,143,139,131,129,140,150,145,127,122,138,142,144,134,153,153,143,139,142,152,150,139,151,150,161,150,147,154,173,163,155,156,146,141,182,158,149,158,140,151,166,164,162,178,188,195,154,139,143,156,135,151,155,136,148,170,156,148,142,160,154,162,153,145,140,145,153,139,142,142,153,143,150,131,139,136,140,113,118,105,98,111,133,114,139,138,129,104,111,99,102,108,111,133,108,112,124,109,111,116,113,105,99,106,92,91,110,102,102,98,83,106,89,89,98,110,87,102,87,86,93,85,99,94,86,90,83,90,93,88,86,88,90,87,82,74,82,78,91,78,67,80,81,90,75,81,72,67,70,72,55,59,58,70,69,60,55,66,64,61,49,48,49,55,53,0,
62,41,47,49,42,43,59,64,70,79,61,70,89,68,82,98,94,97,91,84,85,101,110,96,117,118,117,127,138,122,133,122,126,142,134,144,143,132,125,133,117,117,147,151,167,159,162,145,159,160,140,143,157,147,165,152,154,126,161,160,145,152,151,143,165,138,145,144,128,144,140,128,160,151,152,154,182,176,174,164,148,145,147,151,142,131,159,168,151,155,141,153,137,163,169,148,154,152,134,134,152,136,141,147,138,143,147,155,141,134,138,126,133,113,126,119,125,135,118,131,113,120,125,130,111,95,100,112,119,109,106,106,103,113,122,124,105,111,124,108,101,105,89,97,92,87,88,101,112,113,99,92,84,90,100,106,98,101,85,82,77,75,92,79,94,92,93,90,102,88,92,90,91,84,89,69,70,75,66,75,69,78,82,70,61,54,73,50,58,62,63,66,58,52,42,42,42,53,47,0,
69,48,45,38,38,44,57,63,54,60,66,63,62,83,92,75,86,87,92,92,97,108,128,110,114,112,112,145,136,126,118,144,131,124,135,143,133,138,162,123,120,122,127,154,137,127,141,133,129,150,137,140,147,158,148,164,159,155,178,144,161,158,161,140,157,157,135,162,168,158,149,135,155,151,155,159,167,175,156,148,166,160,151,162,153,153,153,153,155,153,153,135,149,151,166,148,143,149,128,118,134,145,137,143,153,136,135,145,156,147,147,141,123,135,124,128,147,142,128,130,119,112,119,115,115,130,111,109,114,113,112,117,127,118,135,115,120,106,102,117,104,88,88,107,97,93,100,101,95,90,93,96,83,84,78,95,99,107,93,98,89,96,94,92,80,85,90,86,89,103,97,90,90,90,83,85,72,80,67,66,72,68,77,80,64,61,68,60,71,69,71,68,50,58,50,45,57,56,62,0,
65,52,37,38,49,51,55,59,52,65,60,64,69,91,81,63,84,85,100,101,106,96,99,117,111,111,121,130,118,111,115,135,135,124,131,139,135,155,137,118,127,142,127,145,144,138,146,133,126,158,144,152,138,154,157,142,156,159,145,143,157,149,157,162,129,133,128,150,167,171,159,142,148,132,134,150,177,164,160,162,161,163,149,161,154,146,162,165,140,148,144,138,149,130,132,139,145,133,158,149,138,127,134,145,148,155,166,153,142,138,136,139,127,134,134,141,113,116,127,128,113,114,102,103,112,119,126,126,116,122,117,114,110,120,130,114,131,127,120,115,109,95,91,98,80,100,95,93,79,95,87,93,89,81,84,83,89,90,94,87,88,82,91,85,86,86,94,102,91,95,112,84,77,76,95,95,90,94,81,74,72,69,69,73,71,73,69,74,62,64,71,57,55,54,51,55,59,60,63,2,
60,50,48,47,48,52,55,61,64,68,67,71,91,80,86,92,98,101,92,79,93,108,107,114,128,140,101,109,115,113,126,133,142,129,112,122,128,158,161,151,141,153,145,141,156,152,147,139,149,142,142,157,155,146,158,160,166,156,155,159,143,140,142,134,143,146,161,174,149,158,157,167,165,144,141,145,138,146,183,189,182,173,156,168,167,154,166,158,164,153,151,152,151,137,152,148,138,142,135,154,138,148,153,156,150,149,150,153,148,149,141,144,159,131,126,134,114,101,106,123,116,113,128,111,119,111,108,109,104,117,111,114,112,124,122,115,112,126,121,109,114,109,122,116,104,136,128,120,100,101,92,97,94,92,93,82,76,73,71,62,77,83,78,92,90,76,82,81,81,84,89,92,76,92,82,75,80,85,68,59,66,68,74,70,70,62,73,68,54,57,69,70,64,67,70,59,44,47,56,0,
47,45,43,41,49,52,48,51,61,64,71,81,78,87,92,89,85,96,82,90,103,99,99,106,112,133,105,110,116,120,134,123,138,131,132,132,120,134,136,136,148,142,139,143,144,156,142,146,145,136,158,160,160,152,158,147,165,155,159,142,135,131,141,142,169,144,165,168,165,185,157,157,159,152,150,151,146,160,169,155,162,147,140,170,172,185,164,145,144,147,172,160,146,135,136,143,168,143,157,138,138,132,133,143,143,152,154,153,148,134,138,133,134,130,123,129,133,122,123,123,134,122,105,128,118,91,92,89,100,108,97,105,102,107,98,97,110,127,128,111,114,113,96,96,117,121,118,101,99,101,118,97,119,107,97,100,87,78,91,84,92,85,77,74,77,81,78,82,94,91,84,76,77,65,62,65,74,66,57,76,72,70,59,54,67,83,73,74,69,57,62,56,55,67,56,50,47,51,53,0,
49,28,36,37,44,49,47,45,71,70,64,78,58,70,78,64,85,98,99,97,112,106,111,118,106,109,123,151,125,121,135,147,136,138,156,148,144,141,158,155,143,139,133,125,135,146,131,142,160,143,152,148,158,146,160,190,147,140,161,167,160,151,160,155,148,149,153,162,172,160,166,185,170,156,167,184,170,154,149,159,171,178,157,140,148,145,156,153,132,146,137,145,142,151,138,156,147,146,119,130,137,145,141,125,134,127,140,138,156,139,129,137,132,116,108,114,138,131,133,111,115,101,123,118,137,123,116,122,130,118,105,107,97,102,116,106,101,105,107,111,111,131,126,98,101,101,97,94,85,87,92,84,107,98,97,90,97,99,96,77,77,82,75,75,76,83,84,86,82,79,78,79,70,76,65,59,69,73,77,65,67,70,62,61,53,65,63,56,55,50,60,61,80,75,70,56,46,41,60,0,
56,30,43,38,54,51,66,51,72,66,78,82,71,76,88,83,81,99,99,85,94,108,108,117,129,111,133,126,116,123,131,137,132,127,134,126,132,122,141,153,149,158,150,148,139,153,153,158,140,147,149,150,175,151,172,174,144,160,148,158,165,168,169,139,147,158,175,142,167,146,149,142,159,145,155,153,157,143,163,167,175,173,160,146,171,142,154,168,156,143,141,162,142,145,141,140,141,120,124,126,135,119,127,124,110,130,129,139,132,122,109,115,125,124,132,121,121,121,119,140,125,133,119,122,118,140,117,111,112,113,108,101,108,95,116,118,118,119,96,98,107,98,113,116,88,95,108,107,98,105,114,92,98,89,92,100,102,91,94,86,81,89,81,80,87,88,84,89,82,73,78,62,65,65,77,72,63,57,75,69,63,63,48,54,54,65,59,64,67,62,61,67,64,61,65,49,55,58,64,0,
42,42,44,45,39,54,69,55,61,63,70,72,65,72,89,81,80,99,92,83,100,102,84,101,107,108,122,123,110,117,128,119,125,133,130,141,119,110,144,152,151,136,150,157,138,137,151,154,138,144,163,156,158,158,143,140,152,165,169,147,132,157,159,156,160,155,154,163,171,151,154,149,163,153,154,138,151,164,151,144,164,154,160,155,166,147,146,143,143,147,167,149,135,126,148,155,141,119,130,137,129,137,127,135,124,129,141,116,123,116,125,114,110,125,132,121,117,136,122,114,124,112,103,91,100,122,124,112,118,115,125,114,114,104,103,110,101,113,103,93,98,100,94,98,85,92,84,80,93,95,99,104,93,92,95,92,96,105,83,81,93,89,75,83,86,91,83,92,90,77,81,85,73,66,69,70,68,76,76,76,68,73,67,68,74,71,90,76,72,71,64,61,67,71,70,67,65,56,64,1,
45,40,37,39,43,52,51,63,60,64,69,82,73,79,83,80,86,104,106,109,92,98,89,89,100,109,112,115,108,117,115,117,116,121,120,145,144,131,130,148,145,145,146,141,127,142,144,125,130,128,152,142,155,155,150,166,174,145,151,155,154,164,162,156,174,143,153,156,157,146,132,112,142,152,164,152,153,158,151,166,170,141,134,160,138,138,133,154,146,160,155,158,175,155,153,135,130,129,138,140,144,137,134,122,116,113,124,134,132,128,123,113,105,118,117,123,136,127,111,110,120,120,118,114,114,112,96,110,102,92,106,91,87,96,108,109,110,92,104,86,100,100,111,111,97,109,103,92,86,84,92,78,85,97,92,81,64,79,83,75,94,88,92,99,80,92,87,94,83,65,71,71,77,73,64,68,66,56,70,64,69,64,75,69,70,74,64,60,63,54,67,57,65,64,58,53,49,47,53,0,
46,28,32,33,46,52,52,63,68,75,64,77,81,84,83,98,90,99,99,100,103,100,98,90,102,111,125,132,105,99,116,110,116,126,129,124,131,131,132,145,143,115,138,124,122,136,149,143,136,134,140,148,162,155,164,167,168,146,154,153,158,158,146,148,152,168,153,134,137,160,159,133,128,167,147,143,139,152,178,177,159,157,168,158,139,128,142,141,144,130,156,156,167,153,141,148,138,143,131,132,131,128,132,126,137,114,127,120,112,137,134,123,136,123,125,118,130,137,115,116,113,115,111,101,98,112,99,113,91,87,85,87,83,88,103,107,90,96,103,89,78,91,94,93,91,81,94,99,96,98,105,89,87,88,84,92,87,90,96,78,65,73,82,77,80,78,88,82,74,82,79,82,76,77,75,67,66,66,66,70,49,58,61,63,51,57,71,70,61,63,66,60,58,66,56,62,66,40,55,0,
55,37,42,52,59,37,48,51,59,66,68,70,75,76,66,97,98,104,89,104,109,102,113,111,110,127,126,102,105,116,126,117,109,120,111,130,129,132,147,143,138,131,150,135,146,133,152,146,128,135,149,141,143,139,154,149,153,147,135,125,154,145,149,162,158,169,153,165,150,137,136,136,138,146,146,140,150,181,161,159,148,145,132,142,135,126,142,150,144,138,146,149,157,149,138,142,155,134,141,144,136,130,139,135,116,119,123,120,106,119,138,137,149,145,112,121,123,128,116,124,120,119,109,98,90,102,116,94,107,107,109,100,100,88,99,112,103,98,100,102,91,92,99,105,106,96,89,100,91,92,99,101,87,75,78,80,85,91,84,76,79,85,80,86,91,76,55,70,62,58,72,74,78,71,68,93,77,68,57,63,57,52,52,57,54,64,57,67,70,72,68,74,79,49,43,46,51,53,40,1,
54,39,43,54,45,48,48,68,61,57,61,79,70,83,89,89,91,95,94,111,110,106,115,112,103,97,105,108,118,104,112,102,122,114,110,111,126,121,124,124,139,141,143,131,139,130,137,142,149,128,131,110,118,114,133,145,146,145,125,135,140,138,146,149,157,155,152,142,147,142,145,157,156,133,146,140,133,150,130,146,126,150,133,142,138,141,134,155,148,143,156,150,127,123,123,123,142,156,153,130,123,134,123,117,136,127,128,123,130,126,139,145,123,134,124,113,106,115,136,110,92,84,80,100,108,104,112,99,112,106,100,117,101,80,97,83,102,110,99,102,92,94,93,94,93,81,91,94,92,87,86,78,81,71,84,91,76,90,89,86,82,86,81,76,79,90,74,63,83,64,73,70,63,59,60,69,73,76,59,65,51,71,67,74,55,71,74,68,76,74,62,59,73,66,60,52,47,47,54,0,
53,35,37,62,60,53,56,51,56,54,64,75,76,78,85,89,79,86,82,87,86,93,105,117,112,111,122,117,113,108,113,101,110,113,115,117,119,126,129,119,130,134,128,131,148,155,136,131,138,119,131,129,138,120,121,134,156,138,144,157,154,151,144,162,147,141,151,157,142,146,144,152,160,151,152,167,139,147,147,140,149,145,145,132,137,163,144,142,146,126,131,128,135,126,131,143,131,148,150,138,134,137,144,145,148,133,138,133,137,126,138,131,114,112,128,117,99,119,114,109,88,93,85,112,99,98,110,95,107,102,115,110,101,106,92,91,87,102,115,102,91,95,99,95,86,81,73,87,89,87,96,84,73,79,86,81,80,97,79,80,89,85,79,80,88,86,80,72,71,63,75,58,68,57,63,66,79,70,65,66,61,60,44,60,62,68,68,58,64,62,68,61,61,60,67,54,48,39,48,0,
53,38,40,39,50,57,52,61,57,57,46,65,71,70,90,87,94,82,79,71,93,109,105,105,114,114,125,116,121,111,104,103,105,104,122,142,131,129,130,127,141,126,125,132,152,127,134,137,141,126,144,157,125,137,144,138,136,145,151,160,147,149,148,138,166,124,132,149,136,135,135,143,144,158,142,127,125,147,146,143,145,138,140,118,130,127,137,143,131,137,141,139,120,127,130,126,126,133,149,146,133,146,130,142,155,149,153,144,138,117,120,107,104,88,109,95,95,106,96,94,99,100,110,100,96,103,108,98,114,110,92,94,103,100,110,106,78,94,85,90,102,102,113,107,90,92,90,80,82,79,78,89,82,69,66,75,78,81,87,83,76,68,85,90,94,87,97,67,75,78,66,69,67,52,68,56,64,63,61,68,76,70,61,66,63,65,70,63,68,71,62,68,57,49,54,52,54,50,56,0,
46,27,33,44,51,56,60,47,53,46,66,66,63,83,82,77,85,92,90,83,91,118,115,123,116,110,124,109,114,98,93,114,113,122,112,134,117,134,123,129,118,139,134,117,149,124,120,122,151,126,146,151,137,138,118,127,131,155,147,142,150,148,147,191,157,142,155,139,136,144,93,103,109,120,131,137,152,144,158,145,136,139,161,136,146,139,128,143,136,140,156,170,130,136,122,120,114,132,137,131,145,150,129,118,152,153,131,126,144,113,120,111,113,108,99,108,103,110,117,108,119,116,116,105,103,93,94,98,90,100,93,96,82,96,93,93,100,94,90,96,100,90,102,95,83,89,75,78,85,87,77,80,85,73,66,74,79,77,80,74,73,53,68,65,81,85,86,77,78,82,71,61,78,71,62,66,67,65,63,78,71,77,68,57,47,46,50,56,58,51,50,70,64,59,58,52,48,50,57,0,
33,32,42,39,50,53,49,54,47,61,68,65,67,73,70,81,89,79,91,91,94,116,109,116,126,106,110,104,117,105,101,104,110,134,118,108,124,137,125,121,110,123,128,131,127,135,127,123,125,140,134,137,110,136,121,116,131,129,139,154,152,158,157,144,157,135,136,145,148,145,117,139,134,131,132,134,135,133,133,122,130,129,148,130,150,143,138,138,153,150,140,141,119,120,130,127,123,131,125,121,128,120,121,123,131,124,134,124,125,120,117,126,115,103,92,88,97,107,112,94,98,99,101,103,101,103,93,99,98,96,99,95,80,85,85,98,94,93,89,93,89,76,84,99,94,90,93,90,85,81,73,74,74,70,75,75,81,76,83,75,73,81,78,83,92,85,75,82,72,67,74,73,60,65,64,71,72,71,64,58,50,53,66,55,64,65,62,59,56,53,51,52,52,48,47,44,45,52,51,0,
44,43,37,47,50,53,50,52,50,53,55,63,81,70,81,86,94,90,100,102,99,95,101,105,118,111,113,126,120,109,109,119,116,101,110,119,129,122,128,106,114,128,132,129,109,117,118,123,146,143,132,116,123,135,133,123,147,137,113,154,138,150,166,145,137,142,127,126,128,124,124,136,130,144,147,146,142,142,147,131,124,139,136,153,136,127,120,117,144,137,143,129,145,153,132,124,146,130,135,119,142,128,128,123,132,120,114,128,129,125,130,109,119,124,113,109,115,89,89,95,123,113,100,105,100,100,97,93,108,92,116,100,93,94,91,89,91,84,72,74,95,89,89,79,102,87,107,96,82,88,72,80,88,76,75,74,74,71,73,77,62,67,70,72,73,70,68,69,67,76,84,83,68,63,63,58,68,63,63,55,55,50,67,69,54,47,46,51,51,46,59,58,50,48,46,49,42,46,50,0,
62,44,49,58,52,45,53,52,48,49,56,66,70,55,70,61,87,74,88,87,81,90,93,88,100,106,112,122,132,123,96,97,105,108,97,115,115,99,109,108,118,136,136,107,112,120,125,134,121,130,136,130,137,133,114,128,124,119,111,147,136,143,153,143,127,133,123,117,136,120,125,115,112,110,121,124,139,132,132,127,120,127,135,125,121,131,143,142,116,126,132,139,132,121,121,124,134,123,136,117,132,117,114,112,120,120,110,110,104,112,122,121,121,120,123,107,121,107,109,115,112,105,106,93,103,96,101,104,109,112,102,106,91,94,100,98,89,87,78,90,100,91,85,91,97,99,87,98,85,88,82,76,68,92,83,80,72,69,74,78,66,65,71,78,73,65,68,65,72,58,62,71,66,48,47,43,53,57,67,67,56,47,50,45,56,51,66,55,56,56,62,52,52,55,38,42,39,42,50,0,
60,39,43,45,39,37,39,46,41,41,64,62,69,71,78,80,67,79,98,81,78,95,94,84,108,98,94,89,111,120,106,113,121,107,91,89,105,103,114,114,101,116,111,107,116,107,123,116,109,123,124,122,123,106,123,129,133,122,126,142,136,122,138,132,132,131,122,123,132,124,123,114,103,100,113,124,133,122,115,122,111,136,147,135,127,121,144,132,114,116,122,132,118,133,136,132,117,127,118,123,125,128,114,126,128,128,125,130,133,117,122,113,118,96,106,113,112,117,105,110,112,112,94,104,108,91,91,111,97,101,89,88,83,80,78,86,77,99,97,78,91,86,82,77,76,79,85,80,86,86,84,75,82,74,76,74,71,71,81,81,75,64,80,60,88,68,60,66,60,63,64,56,67,54,50,52,46,48,37,54,60,58,55,57,43,49,54,52,62,48,51,54,53,51,54,52,45,39,38,0,
58,34,31,33,44,40,49,48,48,56,65,63,60,65,77,77,69,70,76,75,68,84,101,90,88,90,94,112,101,107,105,103,98,106,111,106,105,92,84,111,119,119,110,114,124,111,121,108,120,117,117,101,108,116,110,118,116,132,117,134,135,134,120,139,138,132,136,107,121,136,110,115,110,128,119,109,120,117,113,116,121,132,143,134,128,134,125,128,132,124,124,116,107,119,124,110,114,120,125,108,122,118,114,124,116,115,115,114,119,121,112,111,115,102,109,128,119,107,106,114,120,106,110,96,95,95,80,96,104,111,109,91,86,94,99,101,93,88,87,80,82,79,70,73,87,92,91,68,73,89,94,86,85,71,72,63,57,68,80,83,78,73,65,72,74,74,57,74,68,58,55,68,67,64,61,57,53,59,59,63,52,68,55,54,48,63,50,45,40,49,46,44,47,42,39,46,46,44,40,0,
55,36,32,36,39,45,45,50,48,60,56,57,75,71,68,64,75,69,74,79,80,92,83,84,73,93,87,100,91,84,97,97,96,102,98,92,100,101,87,106,103,133,123,114,130,112,113,117,124,107,107,104,104,107,109,119,122,129,132,129,126,122,132,132,116,123,121,127,112,129,113,110,122,140,129,131,113,118,120,121,133,144,137,152,123,110,106,123,146,112,118,113,114,96,107,112,124,97,108,102,125,127,107,117,109,123,115,99,103,98,107,119,123,114,108,111,110,111,117,94,106,118,96,97,107,96,99,96,105,101,97,102,92,85,83,97,96,101,83,74,85,98,94,85,85,81,88,78,58,80,77,70,74,66,68,72,63,67,72,72,69,70,69,63,60,59,71,69,65,52,58,67,63,59,54,62,55,58,55,66,53,58,60,59,61,60,52,53,51,40,41,42,39,37,37,35,38,46,38,0,
57,33,32,41,41,37,57,56,52,45,52,63,63,68,63,58,75,67,91,73,94,76,73,93,94,82,90,84,105,85,96,106,93,108,100,93,80,96,101,97,103,117,121,106,119,108,113,129,109,124,131,114,112,121,118,111,100,101,118,116,107,113,126,124,122,125,119,130,126,125,107,113,109,116,118,116,118,123,120,141,125,143,139,131,125,118,114,112,128,134,125,122,115,116,121,112,115,112,101,96,111,103,102,120,125,118,109,116,112,122,113,90,102,99,104,103,98,104,105,95,105,112,94,86,92,106,94,101,108,93,81,96,88,71,71,92,99,98,98,76,73,88,95,86,81,69,85,88,90,86,86,82,65,75,73,72,76,68,62,65,58,66,54,55,68,53,62,65,60,50,62,74,68,54,66,63,50,57,64,65,48,50,51,57,59,57,60,55,53,43,38,28,39,45,48,41,43,34,37,0,
46,26,29,38,40,42,40,41,32,51,48,57,59,64,56,51,71,69,83,84,95,89,92,82,83,93,96,73,92,91,82,90,75,99,93,107,101,111,89,93,91,122,121,111,105,108,113,125,104,121,127,113,106,108,93,109,122,105,117,135,125,119,107,130,114,101,100,115,98,127,119,100,105,104,124,120,105,99,121,101,101,119,102,117,117,108,130,117,134,111,107,113,110,112,102,105,116,108,108,90,100,108,119,104,120,108,120,120,113,108,119,106,79,91,81,112,101,104,115,105,96,101,91,100,86,83,79,93,91,108,95,94,89,88,83,83,76,85,80,102,79,83,87,78,82,86,74,76,75,61,74,87,82,74,66,72,61,63,72,82,62,63,60,49,63,74,67,67,67,60,64,51,59,48,58,62,41,52,51,58,55,57,48,45,60,52,54,65,60,50,48,41,43,44,46,42,39,40,41,0,
41,29,40,36,31,35,42,35,52,51,56,46,42,50,60,64,61,68,72,83,89,82,86,79,80,85,76,77,96,90,94,82,68,83,88,92,92,103,81,93,102,120,119,113,112,109,125,124,105,106,121,112,106,113,103,118,114,109,118,103,98,117,94,111,102,104,111,97,104,102,108,88,99,116,111,109,101,89,107,112,96,122,104,116,113,114,117,113,116,105,104,111,108,113,97,99,94,94,115,115,118,104,108,109,107,109,102,97,104,101,110,96,103,105,95,87,88,92,92,119,104,106,99,94,103,93,87,100,100,95,95,96,95,82,88,99,71,88,86,86,101,82,96,84,98,79,63,64,76,63,64,72,79,72,73,73,70,71,70,95,84,67,72,68,65,67,69,55,59,57,62,57,56,47,54,47,62,50,56,55,53,42,48,52,48,42,51,52,46,39,40,36,35,33,46,33,41,38,31,0,
41,44,36,30,29,34,45,44,45,43,47,55,56,53,66,52,51,76,66,71,86,68,79,73,66,69,63,71,87,86,102,89,76,88,95,85,102,105,83,93,92,104,111,105,101,113,93,120,109,105,104,100,106,113,99,106,88,102,115,113,109,109,101,114,102,104,114,103,97,116,109,115,105,116,95,94,90,108,98,108,93,96,101,97,105,97,105,108,107,115,97,96,115,112,117,90,115,98,90,108,109,107,92,103,109,92,96,82,95,101,113,104,99,111,83,89,103,91,88,99,96,87,85,96,93,96,91,86,85,92,98,87,70,80,78,85,84,78,71,70,79,91,100,79,76,77,66,59,63,64,62,75,69,61,71,74,65,67,64,51,67,60,62,65,45,54,65,69,82,66,69,70,65,51,56,54,63,58,63,48,56,50,38,45,52,57,56,65,63,50,55,46,46,39,42,43,41,43,37,0,
52,34,20,24,37,47,46,51,52,46,52,55,61,57,51,57,57,72,65,59,62,74,70,78,69,63,70,90,99,79,73,78,75,84,82,72,78,89,85,88,95,109,109,101,87,102,92,109,99,113,106,95,94,104,97,107,102,91,93,97,120,109,105,111,108,99,94,87,94,97,109,112,91,93,112,112,81,103,96,103,98,89,110,106,103,107,105,104,123,109,109,93,105,99,117,102,101,88,95,107,103,108,82,85,119,108,97,100,83,103,90,98,118,99,83,82,92,82,83,84,85,91,71,76,80,81,90,81,86,78,77,72,85,81,80,62,64,81,71,63,86,68,73,75,83,73,74,69,61,66,60,73,74,59,54,62,60,53,61,65,57,54,61,63,63,58,60,63,71,60,64,67,61,52,55,42,43,57,61,50,56,41,39,43,49,39,51,44,37,42,41,30,40,37,32,40,43,39,45,0,
55,25,37,42,47,46,46,37,39,45,42,45,48,59,47,44,47,70,57,55,63,63,75,83,65,68,65,79,80,78,80,90,82,78,77,67,65,84,95,86,100,95,101,96,82,100,87,97,96,90,86,118,98,103,101,107,103,96,101,90,106,103,97,99,108,113,106,85,93,103,118,88,85,92,107,112,100,88,99,95,97,83,90,100,113,106,103,99,111,103,105,84,94,92,104,90,84,81,74,83,93,108,98,83,110,114,109,107,103,100,98,97,93,100,87,84,88,88,82,82,86,80,77,64,71,57,79,77,81,85,76,65,74,79,80,77,60,66,71,60,62,76,77,63,64,65,82,85,79,72,66,79,66,55,65,63,60,60,57,52,72,65,52,51,64,56,58,62,65,47,64,47,53,46,45,33,47,45,52,45,54,54,44,43,41,39,40,43,42,48,48,42,42,39,38,46,40,41,37,0,
58,31,30,33,39,35,39,40,34,45,34,44,37,40,36,47,53,63,51,58,61,58,69,75,58,55,71,66,69,78,85,89,81,85,79,73,68,76,76,69,81,77,99,88,90,100,95,90,83,100,90,101,98,81,97,69,78,90,97,97,95,94,101,95,97,100,110,95,88,99,93,85,80,93,88,94,77,87,90,76,87,76,103,98,111,101,97,100,113,102,105,109,97,97,102,84,88,85,81,94,85,75,94,86,102,107,87,97,90,92,84,84,85,87,88,101,93,88,87,79,77,89,84,78,72,78,75,62,68,82,81,84,85,87,74,76,69,70,70,62,61,64,82,77,76,71,73,69,72,77,66,74,73,52,49,60,55,54,56,57,58,68,55,52,56,57,56,56,65,65,56,59,63,59,61,52,46,47,49,49,43,43,53,47,40,41,46,39,35,34,41,43,40,40,30,33,33,25,29,0,
52,23,33,37,31,34,37,35,39,36,41,36,42,43,44,44,49,50,53,65,56,60,60,60,69,63,60,62,58,61,65,72,76,65,75,65,81,84,84,68,71,74,99,79,89,74,88,88,92,104,99,96,102,90,89,74,91,82,82,85,95,89,91,105,106,82,91,91,96,84,96,87,75,78,83,80,66,74,86,86,82,74,78,93,119,111,90,87,98,82,102,95,87,99,95,78,91,88,80,84,90,74,71,98,87,102,94,80,62,82,71,78,75,95,79,82,80,100,79,105,81,75,81,102,82,77,61,64,62,72,79,80,85,83,72,77,78,71,70,60,71,62,62,68,61,67,49,68,70,72,78,71,71,60,48,48,51,48,62,51,58,66,49,52,66,45,62,59,73,63,60,60,65,56,60,55,60,51,48,57,47,52,48,51,48,43,49,32,34,43,37,28,32,36,35,34,31,33,28,0,
50,29,34,24,33,36,32,31,40,31,30,31,32,43,47,42,43,59,47,48,44,51,58,71,67,56,54,70,59,52,58,75,84,60,70,72,80,80,78,63,71,88,100,97,93,83,83,72,80,87,77,78,99,86,83,81,82,83,89,92,102,81,69,82,86,89,75,97,101,101,95,93,92,75,60,86,70,73,74,78,78,78,75,68,93,97,92,92,96,85,85,83,74,78,76,85,96,83,73,73,80,84,77,87,99,94,89,86,77,54,69,79,66,75,64,77,85,93,88,90,87,76,87,85,92,77,67,67,64,65,52,60,73,68,69,73,75,77,73,73,52,63,65,74,57,69,65,61,61,66,65,64,68,55,68,56,62,54,48,53,54,47,53,55,67,47,43,61,58,52,64,53,50,52,48,51,57,48,40,44,48,51,46,43,52,43,45,40,44,52,50,41,34,32,40,42,45,35,30,0,
47,18,24,31,32,32,34,20,29,24,36,28,42,43,38,29,45,59,42,56,48,54,68,60,67,60,61,53,69,55,64,60,63,69,72,52,62,76,77,65,71,79,88,100,89,71,70,75,68,82,79,68,85,90,87,77,79,92,90,73,80,79,73,79,77,88,63,83,93,96,85,92,89,80,62,80,77,89,72,64,73,63,76,75,81,97,91,77,92,82,58,87,87,75,86,71,79,87,92,76,66,81,78,75,90,80,77,101,80,64,65,71,67,70,67,56,68,70,80,76,72,88,77,77,83,88,69,62,70,66,49,56,62,67,65,65,58,66,65,79,77,72,64,72,53,75,72,63,76,67,60,52,57,67,65,62,69,50,38,42,50,46,48,43,52,47,49,48,50,59,67,50,49,62,51,53,57,65,47,49,44,49,40,54,47,46,50,41,52,39,36,39,33,30,30,34,42,34,29,0,
37,31,26,28,24,21,18,25,27,27,44,33,42,39,41,46,46,56,43,33,44,57,69,61,49,60,58,42,50,54,56,67,72,78,56,49,57,67,58,53,51,70,75,87,92,76,64,69,82,80,79,82,79,78,77,75,68,81,99,93,76,69,65,79,92,73,56,72,71,87,90,85,76,88,82,77,75,84,67,75,71,70,73,82,67,76,91,77,81,88,62,57,71,72,75,73,79,70,79,87,70,69,75,78,75,83,74,82,76,90,65,58,57,62,61,64,59,69,87,77,87,76,68,77,61,67,63,72,68,72,65,53,57,63,45,57,59,59,57,67,58,54,56,58,57,63,62,65,67,62,60,72,55,53,66,56,54,61,46,41,42,44,44,49,48,42,36,43,47,42,44,54,58,53,40,46,50,57,47,46,42,36,47,49,46,46,41,38,34,39,32,34,39,29,23,26,45,35,29,0,
41,18,22,31,22,24,29,28,27,44,36,28,41,30,43,45,52,48,46,37,51,53,54,56,50,69,50,52,51,49,48,60,64,66,58,61,62,63,60,53,58,78,74,74,68,83,76,79,74,78,79,81,74,78,72,78,74,80,75,72,84,77,67,74,94,70,72,65,72,83,84,74,68,83,82,97,96,93,65,64,70,73,76,75,65,65,83,86,75,73,81,61,73,77,79,69,71,71,81,78,71,66,78,64,70,81,78,79,81,83,75,74,51,51,65,67,75,81,84,54,72,67,78,70,83,72,70,62,53,61,68,70,54,56,48,50,61,60,61,58,61,62,57,59,64,76,64,54,59,51,42,45,57,61,72,59,59,67,54,57,57,49,51,48,41,34,41,44,50,46,44,33,44,48,41,42,61,44,50,36,38,39,39,38,42,42,44,36,29,33,33,28,32,31,23,27,40,33,32,0,
42,24,23,26,28,29,30,32,27,35,35,30,47,48,49,42,43,37,43,43,44,43,55,56,60,56,45,47,53,44,44,52,55,56,52,55,57,69,73,56,55,59,71,66,59,67,83,80,66,67,79,78,83,77,65,74,66,70,68,71,74,76,79,85,76,80,64,59,70,79,79,54,67,58,88,82,83,97,70,61,57,67,71,65,76,61,76,84,74,69,85,79,75,70,81,66,59,76,70,96,71,75,80,62,63,74,62,66,77,68,77,70,67,55,57,51,66,79,63,67,71,70,74,72,77,73,83,68,66,56,70,62,54,49,48,54,55,57,63,58,51,65,54,65,64,65,62,59,59,52,49,46,43,52,59,53,47,63,60,54,51,55,66,45,49,45,43,41,48,55,35,36,42,51,54,42,46,48,54,45,35,40,34,31,33,32,39,35,34,34,28,33,27,30,21,21,22,29,28,0,
37,26,18,28,25,24,23,23,24,34,32,47,36,48,44,32,38,29,44,42,38,50,56,55,46,40,41,52,48,45,54,45,46,53,49,52,52,68,69,60,51,59,55,73,66,70,82,71,77,79,72,73,72,69,66,64,69,64,68,74,69,70,71,81,64,84,72,69,71,68,65,54,71,60,74,75,72,92,80,74,62,54,60,66,68,69,69,94,78,64,83,84,79,67,68,79,73,69,74,68,82,71,75,65,67,73,70,70,64,65,73,72,54,58,52,58,71,91,72,59,74,70,56,66,66,57,69,82,69,72,71,57,57,51,65,49,46,55,59,56,57,51,60,61,63,56,51,53,58,53,47,49,45,59,53,57,43,38,41,52,53,46,57,52,49,48,36,40,42,53,43,46,29,49,51,47,46,48,48,35,60,50,37,30,42,46,30,33,24,23,29,35,31,34,27,23,22,24,22,0,
38,22,19,29,23,30,27,26,36,39,35,44,35,42,38,32,45,38,28,40,34,45,60,35,42,42,37,51,38,45,48,51,42,47,57,60,53,62,60,53,53,62,55,75,62,66,71,58,65,63,70,70,65,76,46,67,67,71,61,81,61,76,68,65,58,77,71,63,75,68,66,73,52,52,67,82,80,75,75,68,66,52,58,69,61,69,61,77,79,63,60,60,82,68,54,83,76,64,78,76,74,72,69,65,72,64,63,66,66,68,66,53,59,57,68,73,70,64,61,66,64,73,59,62,65,61,68,61,64,65,60,63,60,55,57,49,54,51,58,56,54,60,41,67,63,56,57,55,54,50,53,49,54,61,55,59,52,47,41,38,37,45,45,47,40,42,43,34,37,48,38,40,41,40,43,55,42,50,42,35,41,50,37,34,38,46,39,33,33,24,22,29,29,33,24,30,34,29,33,0,
32,18,20,27,29,35,29,29,33,38,35,34,36,34,36,27,37,23,31,38,36,45,54,52,40,49,35,51,48,46,59,53,39,41,54,67,52,56,51,48,49,54,65,63,57,64,55,63,76,69,56,61,65,74,48,57,69,73,59,72,69,83,61,64,61,63,62,70,75,65,57,70,55,64,65,69,75,80,63,66,49,65,59,63,61,65,83,74,67,68,57,53,72,70,62,64,77,67,72,81,85,61,69,65,59,73,64,62,56,66,66,57,54,63,68,64,76,58,53,67,66,55,49,55,69,74,58,65,56,60,56,55,61,50,61,60,46,53,42,59,47,50,56,47,52,59,45,46,48,58,50,42,45,40,50,60,57,53,40,39,39,40,40,44,36,39,44,35,32,44,43,41,40,42,42,44,41,36,43,40,49,45,47,31,34,34,45,38,31,29,30,26,19,22,29,23,28,28,34,1,
37,19,23,26,35,24,30,36,26,32,35,26,29,39,36,36,28,18,34,43,36,39,44,41,42,39,43,49,38,63,48,52,40,33,57,51,45,55,53,43,56,60,64,64,61,54,60,56,68,66,63,63,62,58,52,57,56,63,62,65,71,78,74,63,58,57,54,63,70,71,59,59,60,54,49,66,64,81,67,62,55,51,75,58,50,60,78,78,62,64,65,71,69,56,69,71,61,67,65,83,90,77,67,71,69,54,68,76,51,52,63,70,64,58,70,54,65,68,50,54,61,72,75,56,55,48,57,56,64,65,52,43,68,57,51,48,65,51,47,64,58,51,51,54,37,58,51,49,43,42,51,46,58,47,39,42,48,53,58,49,47,40,39,32,40,38,39,31,40,35,39,35,41,34,49,54,43,33,33,33,41,36,44,39,41,31,40,33,40,29,29,35,25,27,24,26,22,24,22,0,
28,23,28,29,30,22,34,27,27,32,21,26,31,37,38,25,23,32,31,42,33,42,39,44,44,40,42,32,45,58,37,44,39,37,51,46,51,62,62,46,59,59,54,53,59,61,59,54,56,51,71,64,46,48,56,65,59,61,71,64,70,73,69,61,53,56,71,64,63,58,67,43,53,66,51,63,52,64,65,62,53,56,75,68,52,54,62,84,70,62,47,70,69,50,64,67,58,71,59,66,65,90,71,62,67,60,64,66,69,54,57,61,62,61,68,62,46,58,54,59,54,61,62,81,66,42,44,36,55,62,47,56,57,47,45,53,55,46,53,52,54,54,47,55,57,58,49,46,42,41,50,41,44,47,47,48,44,33,52,46,48,43,41,39,31,44,40,30,33,34,41,37,43,38,38,49,38,31,39,40,31,33,32,36,40,33,36,33,29,29,27,34,30,22,23,16,30,17,20,0,
35,25,26,22,22,30,29,21,32,25,20,29,28,32,38,27,35,22,35,33,44,31,34,42,38,39,41,35,52,51,39,44,40,51,48,44,46,59,56,49,53,47,44,59,58,54,60,40,49,41,63,79,48,49,61,56,63,55,60,62,74,72,61,60,58,52,72,64,63,55,54,50,51,60,53,54,54,56,70,63,59,58,61,57,60,65,66,70,68,80,63,64,72,58,54,63,74,57,61,42,70,85,67,65,67,63,61,57,57,58,57,50,55,71,64,62,63,51,53,53,58,57,59,57,71,61,48,38,46,49,48,48,50,48,51,52,41,41,46,59,51,48,46,44,48,60,70,52,43,44,42,33,47,41,47,35,39,46,51,52,37,44,41,42,39,38,31,44,42,40,45,37,29,41,42,39,47,35,32,39,40,32,32,32,40,35,42,37,39,29,28,25,27,26,21,23,28,23,21,0,
33,17,19,16,34,32,22,17,26,23,22,25,27,29,36,27,34,28,38,41,23,37,37,44,24,44,36,52,43,49,38,46,36,42,53,51,48,56,43,55,53,44,44,51,52,52,58,45,48,34,62,76,50,52,48,51,55,63,47,66,66,57,63,59,57,57,68,49,70,53,57,57,44,49,56,61,66,56,51,56,45,53,58,56,51,61,67,63,59,72,68,70,67,54,63,58,54,60,55,54,64,83,82,54,57,74,63,57,45,62,61,50,49,58,55,60,61,52,53,51,58,55,59,68,59,48,64,50,44,46,63,48,47,44,39,46,46,35,31,49,53,43,50,41,42,57,56,53,50,44,50,35,34,46,47,48,34,40,44,45,43,38,34,41,38,34,32,38,42,32,38,49,34,31,31,38,49,39,32,36,43,37,34,36,25,36,31,38,35,35,31,29,32,30,26,26,17,26,27,0,
27,19,26,27,22,21,22,21,24,26,26,25,31,23,33,35,27,28,30,26,30,42,37,34,38,42,44,50,33,49,48,40,44,41,46,54,47,49,44,46,39,52,48,46,57,49,42,46,47,45,49,67,52,58,48,50,48,55,62,58,64,67,64,61,49,59,60,50,62,57,54,64,51,53,53,74,69,50,62,53,49,48,45,63,57,60,67,52,45,58,65,58,61,63,66,66,63,55,52,49,59,77,68,71,66,67,71,56,39,45,59,49,55,54,50,59,61,56,55,51,51,51,58,63,65,51,43,50,58,43,45,58,55,38,48,45,48,46,30,44,41,47,47,37,37,39,52,42,43,54,46,47,39,40,38,50,45,39,38,47,43,47,34,32,40,46,40,37,28,36,32,34,27,32,30,34,35,37,40,31,40,41,30,36,27,33,37,31,31,35,28,24,26,26,29,27,30,31,29,0,
31,23,26,16,19,17,23,25,24,22,25,21,24,33,33,35,37,26,29,30,31,33,31,40,40,34,37,43,45,43,44,40,42,38,45,42,38,46,50,39,41,58,42,44,54,38,44,52,43,46,49,61,52,46,45,54,48,59,62,58,58,61,62,55,51,51,56,52,54,48,49,62,64,54,52,56,70,58,57,60,50,44,40,49,52,70,53,51,60,54,57,64,55,54,63,59,69,58,50,63,50,67,65,57,70,70,63,65,38,46,58,42,37,56,53,60,53,63,42,45,55,53,61,56,53,61,58,60,49,54,46,43,50,47,47,43,42,49,32,44,49,50,43,39,40,42,33,41,34,49,38,43,51,49,34,34,39,43,49,37,37,37,42,39,40,24,42,39,31,37,44,37,34,25,31,29,28,30,29,34,32,39,40,40,32,33,33,31,26,31,29,25,18,18,24,29,19,22,34,0,
38,24,26,22,20,18,29,24,27,21,25,23,31,33,27,31,28,31,31,35,22,38,36,35,31,30,44,39,51,43,37,45,43,47,42,42,40,42,53,41,44,53,49,48,43,40,40,59,41,51,49,52,52,42,43,54,62,53,62,60,54,54,51,60,53,51,46,53,51,47,57,56,59,51,61,58,55,47,55,62,48,41,48,39,51,55,61,50,52,55,57,59,66,49,55,62,59,58,55,63,56,51,64,57,76,66,64,45,50,50,66,47,38,50,44,52,62,55,57,44,52,51,67,53,40,51,58,60,63,49,45,51,47,47,39,41,39,50,41,43,46,46,43,45,43,43,35,29,46,39,43,37,39,41,41,34,40,41,45,36,34,32,30,39,43,37,35,38,39,32,41,41,43,30,30,37,38,30,27,26,33,39,32,30,36,35,34,34,28,34,27,33,28,18,24,21,26,29,24,0,
40,20,16,18,20,24,23,29,23,18,22,16,35,21,26,31,36,30,30,27,19,32,32,26,35,27,41,47,42,37,40,49,36,41,30,46,40,33,50,42,52,50,41,49,48,45,40,45,55,43,46,42,58,36,53,52,57,38,54,50,51,50,57,62,58,50,48,49,47,44,45,61,61,50,58,55,57,54,38,51,58,43,46,60,50,44,48,67,53,50,68,62,52,61,70,57,55,50,62,61,65,53,53,52,68,51,57,63,52,53,54,45,49,48,50,51,54,58,51,42,35,43,55,56,45,40,51,48,50,53,42,54,45,44,46,46,38,39,46,47,37,45,51,41,38,44,37,26,36,42,44,36,33,39,30,41,31,41,45,34,40,29,23,34,40,45,35,35,34,30,28,40,35,37,35,30,24,28,32,27,34,32,24,23,36,31,39,33,24,28,24,30,31,18,22,22,23,23,27,0,
37,21,20,27,22,23,23,19,15,20,23,24,28,29,20,32,36,31,24,15,19,30,26,31,43,29,34,46,44,27,42,42,36,31,30,43,44,37,40,47,45,45,43,35,52,32,43,51,46,43,40,41,49,52,52,40,52,43,47,54,58,60,53,64,58,42,47,53,47,36,48,41,51,59,55,50,47,43,49,55,50,42,41,50,58,45,39,51,55,50,60,51,57,57,62,65,50,51,64,68,63,63,54,54,64,55,56,47,49,45,48,49,47,41,60,48,53,53,52,40,46,49,46,42,45,42,62,43,52,54,45,53,48,46,48,42,33,45,46,44,43,39,48,46,35,43,45,38,37,40,39,48,39,32,32,38,43,35,40,44,34,39,22,28,30,40,37,44,41,35,27,27,33,38,32,25,27,24,20,31,42,36,25,27,28,40,32,40,33,34,27,24,25,28,22,20,21,21,30,1,
35,24,14,22,17,19,27,21,18,21,18,30,25,28,21,33,26,30,14,19,26,22,35,36,34,30,30,37,44,31,32,43,33,37,39,38,29,47,46,47,47,45,39,41,52,44,36,54,35,40,48,36,34,57,54,38,38,41,51,48,52,57,50,59,54,53,47,57,42,38,43,42,49,46,55,49,53,46,44,49,47,52,49,38,50,50,38,47,43,59,43,48,45,64,61,60,45,50,55,59,52,75,58,47,59,65,62,47,47,39,45,46,47,53,48,54,46,39,46,43,42,46,35,47,40,46,55,57,40,38,46,50,53,49,53,46,33,40,40,39,42,51,39,47,42,48,44,31,50,32,24,44,42,30,30,32,28,40,37,39,34,32,30,31,29,39,44,41,44,38,38,33,30,28,25,32,24,26,23,22,32,38,30,31,29,31,34,35,42,37,34,29,23,21,30,20,17,20,23,1,
37,17,18,20,19,18,22,13,23,18,23,24,24,19,27,26,25,25,20,12,26,25,43,32,29,27,30,33,35,36,33,40,38,37,41,32,35,46,47,51,46,34,43,44,48,46,34,44,42,45,41,40,44,45,46,36,53,40,54,57,48,59,60,52,60,46,47,50,47,40,40,46,37,51,49,61,47,42,43,46,61,44,45,43,47,51,49,44,35,53,40,42,48,64,51,65,51,46,59,56,57,56,55,57,51,66,63,54,54,38,33,37,41,69,53,55,42,41,42,47,44,44,44,50,41,42,47,54,49,34,37,42,48,61,44,32,38,34,33,40,37,37,42,35,34,48,47,40,44,38,37,35,43,35,23,33,34,36,32,34,34,26,33,32,30,29,35,33,42,36,39,37,37,36,27,25,29,23,20,19,27,38,30,32,33,25,27,35,32,24,34,32,24,23,25,30,26,13,19,0,
38,14,18,22,17,16,20,19,22,21,22,24,24,20,26,25,33,25,18,20,30,36,36,30,24,34,30,31,40,28,45,36,42,40,36,40,38,51,54,45,40,38,35,50,55,39,40,36,48,43,52,50,45,39,43,45,42,54,48,54,47,52,52,60,54,45,52,47,49,46,39,40,38,44,49,51,52,60,48,47,52,48,44,44,43,44,47,54,51,46,51,46,56,61,53,57,55,58,59,50,54,57,62,62,56,56,59,57,49,59,38,43,49,48,60,47,50,40,49,52,44,42,41,49,50,41,42,36,48,49,44,52,43,57,52,43,34,41,35,36,44,48,56,46,37,42,39,28,39,44,43,35,47,44,33,36,38,48,31,37,40,33,36,52,39,36,34,33,33,38,37,38,35,44,36,31,31,23,27,21,24,27,28,34,26,25,18,33,37,41,30,32,33,28,26,16,25,26,22,0,
