33,18,18,21,15,26,23,18,23,20,28,26,25,19,26,31,24,37,28,26,44,36,33,50,27,34,35,33,51,41,33,46,45,55,52,62,59,51,53,61,59,58,46,54,60,62,74,85,75,91,72,84,75,83,95,72,73,84,77,100,93,85,98,82,90,93,114,95,104,90,97,103,104,118,120,106,113,104,108,114,126,126,139,117,110,120,136,126,120,157,138,118,152,145,137,129,143,147,140,146,148,149,142,165,170,174,170,157,183,186,148,172,155,198,180,167,177,171,178,174,184,181,214,191,202,180,184,205,216,202,158,197,179,213,197,202,207,206,192,208,225,220,178,221,190,188,214,231,199,218,227,217,198,212,218,225,225,265,234,212,251,195,224,225,216,222,193,242,256,240,246,214,240,225,238,246,226,238,222,240,218,229,239,277,205,250,247,266,271,240,244,249,235,246,234,239,239,262,266,0,
35,17,22,13,17,19,22,28,18,22,17,24,20,21,39,22,24,29,32,38,33,34,45,37,41,32,33,41,35,42,46,55,57,46,44,48,49,47,51,63,59,67,66,68,72,69,63,70,61,77,74,73,71,76,92,73,79,82,88,92,100,87,117,94,105,93,101,95,103,108,110,108,113,111,115,129,115,122,122,119,130,117,139,119,122,109,121,131,135,138,153,149,133,150,149,172,160,132,139,156,165,172,150,145,160,170,182,186,170,160,192,159,161,171,149,160,163,188,159,191,203,178,169,200,182,200,194,198,209,208,189,209,189,197,189,190,217,209,208,219,199,208,230,192,230,179,211,227,206,215,207,213,209,202,226,225,204,233,234,217,201,215,223,216,225,224,239,248,223,268,244,227,257,255,217,266,262,279,245,257,231,245,284,248,239,267,249,283,219,261,225,280,218,248,248,254,263,229,276,0,
33,24,16,16,11,20,18,26,24,21,28,28,21,29,31,29,32,35,40,35,40,32,31,38,33,48,37,37,46,35,49,47,51,37,62,42,62,64,51,64,50,50,68,56,87,72,67,82,74,84,96,84,75,66,79,104,77,93,69,111,97,92,123,125,90,118,111,112,106,103,118,117,125,127,127,114,126,131,115,118,148,128,160,148,143,128,149,158,141,151,145,154,148,166,174,131,144,166,173,173,167,167,170,154,191,178,182,168,198,188,161,168,196,163,226,192,191,223,199,234,205,213,226,204,233,211,199,209,194,236,225,214,231,228,222,218,228,235,240,200,249,215,205,231,223,228,243,221,228,241,230,217,249,264,261,252,261,247,241,230,239,248,259,268,255,274,228,254,252,279,246,278,276,240,259,241,248,241,240,259,258,275,283,260,261,270,251,246,263,279,228,248,264,275,254,268,275,291,330,0,
32,14,21,17,18,16,14,25,20,24,30,21,26,30,26,32,37,41,33,39,38,31,27,37,51,35,57,65,41,38,42,47,52,64,61,57,59,68,61,58,70,70,76,79,65,70,71,58,95,87,89,81,84,100,106,108,93,95,99,90,105,118,113,124,113,122,113,116,106,147,121,110,101,130,154,144,150,129,146,163,136,158,153,135,143,145,156,161,159,155,146,171,137,175,168,168,180,164,172,173,200,167,186,182,193,186,188,209,183,198,228,185,184,196,226,210,223,198,220,202,225,191,219,230,176,233,241,239,219,213,231,233,224,229,227,223,206,229,216,244,247,231,236,235,225,260,276,226,245,277,269,266,282,268,280,251,282,258,255,261,260,281,286,251,275,297,268,291,283,278,294,309,277,315,265,269,310,293,330,303,281,292,281,274,277,273,319,289,283,275,289,299,315,287,279,264,310,283,379,0,
29,19,20,19,11,18,26,22,26,32,31,30,23,30,37,38,29,36,31,38,45,32,35,41,39,52,36,55,52,48,48,53,58,63,64,68,59,64,63,89,64,68,59,84,81,80,87,87,88,82,90,102,87,95,106,86,114,95,106,85,117,109,109,126,126,134,144,123,125,135,123,147,142,140,145,136,135,157,129,164,143,163,180,178,168,181,161,174,159,178,224,175,175,189,184,195,193,179,181,192,215,206,201,191,200,205,206,192,197,212,198,188,226,208,222,212,242,237,223,252,223,221,231,244,232,215,243,248,236,240,234,254,236,247,231,257,266,247,262,248,272,286,261,301,269,275,263,277,301,279,281,279,290,279,291,289,278,309,312,302,284,286,287,313,299,303,288,293,269,299,345,302,266,309,300,320,312,279,320,292,303,320,314,317,330,310,289,336,326,331,375,296,290,321,305,336,356,355,379,0,
40,20,11,28,16,25,26,31,27,32,32,24,27,26,39,36,34,34,44,39,36,39,41,39,56,44,46,52,50,54,62,50,71,57,62,61,87,75,59,72,79,76,82,59,70,89,93,80,83,88,119,91,110,117,104,117,111,109,120,113,111,107,144,133,126,131,142,129,144,147,140,152,149,131,160,123,190,169,144,183,166,155,169,162,183,209,187,190,161,166,183,225,206,186,200,217,221,197,227,214,212,203,217,221,210,220,232,224,246,244,238,234,246,229,246,245,242,230,235,262,259,251,263,259,264,245,274,280,291,264,250,273,278,266,300,272,258,257,288,313,294,270,265,289,285,301,295,282,290,320,315,305,312,322,306,346,330,292,308,346,319,324,372,356,326,339,339,316,334,342,337,329,323,368,376,353,311,365,338,361,307,335,399,353,347,356,351,349,368,341,341,360,363,339,387,371,329,357,433,0,
34,19,25,23,20,27,30,22,28,38,29,30,28,34,35,21,37,45,45,49,41,44,37,50,48,50,53,65,55,61,70,47,82,64,76,73,77,71,72,81,95,71,76,100,87,93,94,111,101,97,118,129,113,114,126,114,116,137,132,127,135,111,123,126,134,164,160,159,155,133,141,177,144,160,176,163,157,186,190,203,167,175,167,188,156,206,188,208,190,226,214,191,228,184,200,183,207,215,221,240,230,235,241,226,233,241,246,239,280,269,271,282,246,247,232,244,304,317,269,287,259,250,300,319,288,281,295,307,285,290,316,307,294,322,296,314,311,309,323,337,314,336,333,335,358,365,327,321,345,325,328,354,331,337,317,352,348,362,345,373,361,332,360,369,369,355,356,364,347,375,399,364,349,354,397,381,383,364,346,356,369,371,414,387,352,360,346,419,372,400,378,388,343,394,393,387,400,387,446,0,
40,21,17,22,21,17,27,29,41,29,25,29,28,31,41,32,53,47,39,37,61,49,43,41,56,57,61,65,72,54,69,63,61,75,82,79,75,63,99,80,115,93,92,93,96,80,100,106,106,120,114,131,127,145,127,119,131,136,131,139,144,157,153,152,137,152,153,167,153,164,164,174,157,208,184,176,196,175,188,204,209,174,172,188,209,229,200,218,217,234,223,231,245,251,211,231,227,230,225,208,224,239,281,250,305,283,298,282,277,233,271,301,277,299,310,276,295,302,321,307,293,301,278,299,335,319,317,341,325,333,331,333,321,314,340,340,340,336,349,346,360,353,381,346,358,386,365,382,365,385,380,408,342,374,394,406,458,368,394,396,414,382,380,374,413,398,434,389,412,370,441,438,410,413,422,439,441,408,422,413,393,439,399,439,383,399,386,450,429,435,396,459,464,420,421,435,505,497,520,0,
39,21,15,30,28,19,36,26,31,39,25,26,31,38,44,35,39,38,34,55,41,50,57,54,75,46,71,51,60,72,66,71,88,77,103,87,80,94,80,93,90,86,88,97,118,90,122,121,122,132,120,122,139,151,146,148,146,147,146,135,157,162,159,173,159,166,172,176,174,190,213,207,180,200,214,214,202,170,213,196,215,241,214,212,218,206,204,218,226,217,243,245,243,262,273,266,272,264,286,270,283,262,285,287,276,275,264,296,278,322,278,283,324,330,353,329,294,330,329,329,321,350,335,354,385,361,330,355,374,336,384,348,376,392,383,406,361,382,368,391,381,393,408,396,400,411,400,417,392,404,433,420,413,385,429,417,411,443,429,426,441,444,445,448,435,448,442,473,455,436,483,460,423,446,441,421,462,465,470,481,467,461,470,487,461,463,503,460,446,447,503,469,491,471,513,491,463,534,588,0,
56,31,23,27,26,28,32,34,30,27,35,41,34,38,45,49,38,50,43,54,55,52,66,65,75,58,81,66,81,91,67,81,86,98,86,107,94,87,106,82,114,102,99,103,140,146,140,135,146,130,100,147,148,127,157,147,175,160,159,151,201,206,187,208,189,193,184,188,195,205,211,234,192,221,207,187,232,197,232,237,242,226,237,265,244,269,237,266,266,269,274,261,272,306,264,304,317,284,329,291,337,315,328,333,364,335,303,334,310,345,324,352,337,345,381,383,347,376,385,397,356,403,364,374,395,413,400,410,454,433,435,395,398,448,419,428,488,415,409,430,456,432,483,515,452,473,483,487,486,425,473,486,430,455,464,450,464,535,468,492,498,493,467,507,500,490,483,493,516,478,486,468,514,525,526,506,562,541,502,524,507,567,554,522,523,486,540,514,498,532,512,534,573,510,523,558,525,590,622,0,
41,23,29,31,25,23,38,28,30,34,42,37,38,38,46,51,32,69,50,52,65,73,58,63,65,72,67,67,72,81,79,96,99,85,97,90,95,108,111,118,117,106,104,113,132,149,128,153,135,156,163,175,137,158,175,191,153,159,182,195,183,194,200,205,237,225,190,227,208,236,215,244,236,220,244,235,263,263,246,284,260,252,250,277,301,291,322,308,280,297,304,343,322,332,336,321,339,356,320,320,332,327,363,360,352,352,361,410,376,363,428,401,397,420,357,430,409,435,395,413,434,423,427,430,440,425,453,493,462,468,439,467,472,503,530,422,460,487,485,500,518,484,484,528,517,486,500,516,509,554,525,514,497,546,544,504,610,553,565,562,539,562,557,509,533,587,567,577,604,530,587,540,589,575,551,561,558,566,572,586,556,614,632,639,612,589,603,601,605,573,558,631,584,586,573,639,590,638,714,0,
49,23,27,24,20,33,44,23,36,36,43,45,52,32,48,48,52,62,61,52,59,77,61,79,74,77,78,78,105,92,104,87,114,87,101,119,127,108,114,113,146,139,122,142,156,155,148,164,162,160,168,198,203,192,184,195,198,202,224,222,208,217,219,222,215,251,229,265,252,244,278,272,258,246,265,273,276,283,320,317,304,303,337,312,349,343,330,356,288,356,388,380,370,392,367,372,376,406,408,401,377,418,425,433,426,436,441,442,440,433,446,412,465,428,437,504,491,462,497,520,506,479,484,521,502,502,573,510,536,531,566,521,551,579,546,588,567,572,570,608,574,550,608,534,566,568,583,599,610,622,627,592,597,620,669,650,641,628,636,638,610,660,620,589,604,641,645,597,675,643,659,645,632,660,601,647,661,597,648,672,612,635,640,699,655,677,715,635,680,670,653,673,677,642,698,708,694,734,776,0,
52,25,23,34,27,36,31,36,42,38,40,49,48,40,52,51,58,65,62,70,62,85,70,79,101,85,112,85,85,102,104,111,105,103,139,140,126,139,134,126,139,154,154,171,190,167,174,187,203,186,220,215,221,216,220,217,223,256,258,203,241,267,236,258,263,303,256,273,265,295,290,301,309,302,310,317,321,326,343,359,345,383,341,376,406,361,382,381,386,454,415,381,402,417,468,435,516,468,483,451,473,467,468,467,469,469,492,505,534,542,503,514,563,555,559,513,563,523,557,594,575,580,600,637,614,603,600,600,606,630,631,606,639,637,600,670,691,628,590,689,674,678,705,687,702,729,691,691,691,696,688,663,707,679,688,680,690,689,723,739,750,683,746,671,709,721,688,739,753,721,738,794,750,762,726,746,703,785,767,769,702,758,755,778,780,722,760,760,748,752,770,780,783,762,728,810,832,813,885,0,
53,22,31,30,31,32,40,40,45,33,53,45,34,63,60,61,75,61,71,78,64,81,91,79,105,104,97,116,95,104,126,125,109,128,136,140,133,146,174,162,170,191,169,196,203,201,196,205,220,202,219,220,234,232,254,283,282,270,282,269,291,280,291,301,334,305,323,317,297,305,348,340,321,382,409,406,368,399,404,418,443,421,438,430,453,471,443,505,455,518,486,506,518,485,493,555,531,533,518,547,551,538,520,547,574,562,583,639,607,629,626,659,666,618,614,629,650,666,652,661,701,690,721,704,659,707,695,688,696,724,729,709,707,765,706,742,735,764,769,749,783,760,786,785,785,808,752,813,833,808,805,827,808,853,833,872,771,913,789,851,827,855,836,792,875,800,849,863,782,877,833,848,861,886,828,864,839,889,880,861,815,815,947,811,842,888,868,908,890,910,868,870,866,848,901,909,887,939,1001,0,
51,29,27,41,27,35,33,28,47,50,51,49,67,69,65,61,75,95,72,84,89,91,104,70,123,109,94,125,113,148,146,138,152,140,145,176,168,168,188,206,225,217,200,218,210,200,239,229,234,256,269,290,304,274,278,277,328,332,327,327,364,354,369,354,398,341,383,371,396,418,457,451,429,432,472,451,505,501,482,521,488,531,522,550,511,563,587,592,602,594,598,603,661,618,628,663,648,683,681,686,663,683,697,747,721,755,694,746,731,787,793,736,706,765,814,742,778,825,810,824,833,818,838,825,844,868,817,818,864,924,869,848,879,884,905,846,914,857,959,919,868,891,955,959,942,938,932,947,916,914,973,966,992,974,979,976,986,971,950,961,944,1000,992,895,980,998,930,1033,991,945,1012,961,948,991,996,981,993,989,969,1009,933,1002,980,939,957,978,997,967,1033,985,1004,1014,1013,994,1040,1025,1037,1097,1135,0,
51,30,28,41,30,35,56,53,43,57,59,54,84,66,76,91,74,89,96,85,91,108,106,130,135,124,133,143,147,148,157,154,165,187,193,201,212,215,195,242,212,270,259,254,275,324,299,313,308,323,352,322,349,342,345,375,379,409,387,401,425,448,490,466,463,474,453,497,527,533,541,536,582,591,604,616,583,634,609,652,638,647,674,707,689,718,680,708,775,721,784,791,774,840,782,815,833,844,861,809,823,849,868,863,840,878,906,931,910,983,930,903,881,972,1015,994,966,992,962,971,1016,977,958,1017,1070,998,1029,999,969,1025,1038,1034,996,993,1046,1034,1071,1056,1100,1103,1046,1058,1118,1088,1064,1112,1000,1069,1072,1079,1126,1119,1154,1159,1141,1053,1136,1140,1140,1159,1175,1115,1175,1114,1082,1129,1149,1106,1085,1166,1159,1152,1160,1141,1176,1128,1095,1059,1135,1131,1125,1108,1129,1160,1176,1162,1176,1103,1174,1169,1148,1211,1152,1152,1210,1174,1177,1157,1284,0,
58,36,31,45,45,41,48,52,61,62,74,89,78,80,88,84,91,78,112,118,129,120,120,136,154,166,149,194,179,176,181,247,213,234,200,259,283,263,281,271,331,360,308,351,360,388,345,378,464,452,452,484,472,451,499,506,541,554,568,581,636,585,644,664,673,720,718,737,701,736,760,709,768,783,854,796,814,809,854,877,880,896,956,922,918,969,894,950,987,988,941,1015,1015,1059,1011,1071,1060,1091,1039,1064,1021,1021,1057,1196,1115,1160,1146,1100,1142,1171,1174,1186,1201,1129,1209,1211,1240,1186,1219,1168,1235,1226,1224,1246,1231,1264,1228,1264,1253,1221,1314,1292,1303,1261,1304,1378,1265,1309,1376,1324,1266,1311,1293,1304,1286,1282,1293,1315,1269,1324,1324,1294,1383,1324,1322,1285,1266,1339,1389,1374,1311,1341,1294,1390,1403,1396,1364,1264,1297,1373,1390,1271,1388,1313,1361,1310,1316,1294,1314,1280,1315,1269,1366,1294,1293,1299,1310,1364,1329,1322,1310,1281,1323,1330,1289,1296,1347,1375,1577,0,
75,47,36,36,42,47,44,58,70,76,76,87,87,104,102,111,127,136,150,162,169,158,189,198,192,211,228,236,255,302,309,305,356,367,364,385,409,433,442,447,463,529,474,499,582,611,561,620,663,689,701,750,771,787,824,850,812,853,822,850,903,988,957,953,1015,1061,1052,1017,1067,1032,1121,1212,1169,1177,1165,1189,1190,1255,1252,1265,1255,1202,1296,1284,1255,1329,1259,1347,1367,1293,1356,1405,1322,1396,1400,1449,1417,1433,1387,1487,1433,1466,1469,1508,1449,1448,1412,1470,1432,1488,1560,1461,1488,1509,1587,1587,1538,1537,1482,1558,1480,1539,1565,1547,1544,1600,1639,1593,1602,1537,1430,1509,1598,1549,1523,1540,1553,1549,1618,1539,1606,1559,1584,1521,1598,1587,1556,1579,1563,1574,1558,1509,1516,1565,1538,1546,1514,1620,1596,1585,1567,1569,1504,1593,1601,1532,1583,1563,1566,1559,1562,1617,1551,1560,1589,1530,1502,1573,1503,1557,1509,1564,1549,1589,1533,1483,1553,1465,1531,1519,1491,1530,1560,1565,1550,1552,1511,1542,1730,0,
57,41,29,52,56,57,77,101,103,106,124,147,150,153,184,180,209,217,244,269,260,283,305,327,360,402,411,467,491,494,568,587,652,647,734,715,843,900,879,935,995,1053,1054,1113,1067,1121,1191,1294,1277,1251,1355,1353,1376,1458,1453,1446,1512,1477,1500,1570,1560,1550,1636,1671,1594,1649,1694,1652,1704,1694,1699,1730,1748,1738,1771,1710,1810,1759,1771,1786,1787,1783,1772,1856,1858,1885,1832,1881,1796,1885,1791,1838,1935,1853,1938,1878,1892,1907,1866,1880,1880,1967,1882,1960,1879,1984,1952,1947,1916,1965,1938,1929,1944,1919,1832,1888,1940,1930,1937,1965,1922,1840,1947,1948,1884,1874,1933,1934,1960,1954,1984,1958,1941,1889,1965,1915,1976,1959,1920,1883,1899,1792,1909,1887,1849,1908,1852,1938,1896,1906,1801,1851,1848,1962,1821,1858,1985,1923,1793,1855,1881,1839,1819,1820,1796,1838,1790,1815,1772,1885,1787,1839,1749,1807,1837,1813,1793,1704,1780,1851,1754,1778,1758,1721,1785,1783,1814,1761,1767,1775,1744,1747,1744,1728,1793,1701,1837,1782,2039,0,
111,109,161,233,280,375,435,486,565,594,688,760,805,883,943,1060,1037,1162,1275,1319,1412,1523,1680,1640,1812,1868,1902,1951,2013,2138,2179,2321,2275,2237,2318,2420,2367,2433,2505,2503,2534,2548,2557,2604,2565,2558,2631,2624,2690,2718,2687,2576,2650,2724,2788,2711,2751,2681,2693,2675,2712,2732,2728,2673,2738,2740,2619,2595,2698,2683,2683,2675,2631,2600,2583,2693,2663,2585,2615,2610,2686,2616,2551,2659,2607,2659,2658,2625,2482,2664,2562,2575,2568,2561,2497,2572,2671,2596,2547,2495,2608,2526,2560,2547,2605,2516,2508,2457,2540,2572,2467,2469,2510,2522,2482,2463,2423,2466,2538,2424,2462,2500,2483,2468,2441,2473,2423,2454,2440,2456,2377,2396,2473,2398,2352,2392,2364,2389,2384,2335,2324,2258,2346,2384,2274,2365,2362,2334,2300,2224,2273,2270,2307,2258,2269,2222,2237,2252,2168,2175,2137,2179,2121,2210,2150,2144,2179,2160,2125,2207,2154,2092,2054,2081,2074,2115,2084,2191,2042,2171,2125,2125,1996,2053,1997,2015,2111,2096,2054,1951,2076,2047,2111,2089,2022,2032,2099,2091,2442,0,
54594,24925,21920,19643,17904,16440,15559,14524,13958,12994,12876,12291,11682,11236,10992,10598,10304,10001,9758,9317,9379,8925,8560,8466,8237,7790,7946,7475,7294,7371,7074,6948,6863,6691,6495,6357,6297,6096,6044,5947,5825,5735,5614,5648,5472,5415,5485,5266,5299,5085,5161,5096,4996,4926,4731,4743,4565,4666,4637,4499,4489,4582,4466,4386,4251,4224,4260,4207,4131,4099,4130,4063,4077,3930,4059,4039,3971,3848,3806,3729,3790,3807,3666,3734,3849,3609,3603,3729,3593,3520,3595,3531,3594,3519,3394,3479,3511,3423,3548,3385,3464,3354,3495,3361,3317,3380,3407,3225,3241,3332,3210,3276,3245,3201,3139,3141,3194,3186,3120,3003,3107,3040,2938,3083,2987,3092,3035,3046,2948,3064,2984,2945,2987,3063,2975,2910,2880,2945,2888,2828,2791,2918,2944,2842,2794,2863,2795,2673,2817,2738,2771,2683,2752,2707,2700,2742,2804,2616,2565,2716,2752,2634,2555,2597,2664,2619,2554,2633,2576,2498,2532,2530,2529,2476,2484,2511,2439,2415,2479,2444,2486,2402,2414,2405,2317,2440,2387,2322,2386,2304,2305,2233,2342,2326,2397,2369,2468,2447,2704,0,
99253,45105,39598,35738,32296,29906,28374,26800,25675,24420,23558,22438,21654,21123,20309,19676,19115,18480,18103,17214,16787,16468,15824,15463,15175,14629,14044,14020,13398,13002,12707,12329,11779,11822,11364,11031,10817,10336,10223,10065,9763,9517,9259,9059,8910,8659,8543,8233,8177,7984,7828,7497,7467,7237,7307,7099,6998,6732,6718,6731,6521,6456,6525,6172,6240,6213,5994,5858,5727,5795,5788,5698,5502,5440,5524,5485,5337,5152,5238,5163,5032,5222,4898,4924,4777,4908,4903,4744,4651,4722,4615,4663,4583,4599,4485,4553,4472,4432,4383,4385,4243,4248,4322,4213,4161,4104,4219,4118,4075,4088,4058,4079,4008,4123,3951,3913,3939,3946,3839,3846,3875,3830,3744,3729,3763,3707,3621,3592,3640,3722,3689,3510,3570,3576,3542,3367,3513,3520,3488,3440,3370,3419,3423,3387,3292,3429,3226,3380,3244,3246,3279,3294,3237,3166,3162,3088,3179,3057,3174,3039,3031,3059,3071,3141,2929,3034,3025,2998,2998,2862,2866,2850,3017,2838,2862,2818,2875,2811,2829,2749,2668,2842,2778,2729,2692,2755,2714,2798,2685,2687,2683,2736,2664,2649,2712,2667,2734,2851,3113,0,
127825,58079,51059,45802,41834,38806,36381,34619,32767,31341,30240,29167,27730,26767,26202,25419,24485,23828,23441,22631,21687,21128,20844,19895,19725,18858,18567,17877,17538,17060,16356,15995,15796,15458,14823,14416,14111,13945,13327,13036,12731,12338,12137,11912,11534,11322,11130,10809,10500,10541,10263,10051,9886,9704,9459,9216,9014,8919,8905,8513,8399,8360,8068,8004,7844,7804,7613,7652,7536,7437,7186,7044,7110,6882,6903,6645,6622,6598,6660,6579,6423,6440,6219,6147,6070,6097,6005,5871,5815,5840,5788,5836,5667,5482,5445,5472,5417,5424,5216,5351,5332,5177,5185,5158,5048,5117,5023,4980,4904,4836,4884,4948,4791,4794,4753,4674,4555,4659,4629,4510,4532,4562,4492,4546,4398,4352,4489,4375,4311,4341,4243,4348,4217,4114,4229,4112,4105,4096,4033,3987,4020,3913,3891,3929,3897,3840,3976,3798,3878,3799,3830,3710,3855,3750,3680,3660,3475,3576,3547,3647,3597,3595,3595,3352,3500,3365,3311,3396,3423,3366,3423,3452,3355,3215,3206,3210,3229,3117,3208,3170,3119,3188,3172,3193,3080,3164,3096,2960,3125,3070,3032,3076,3035,3039,3019,3007,3105,3110,3543,0,
149314,68207,60128,53700,49118,45590,42765,40627,38677,36825,35195,34287,32725,31988,30861,29961,29142,28122,27555,26523,25776,24752,24372,23752,23242,22309,21627,20917,20301,19876,19410,19117,18629,17900,17496,17209,16587,16452,15992,15518,15283,15011,14179,14341,14042,13667,13285,13113,12828,12582,12186,11891,11687,11536,11251,11111,10753,10597,10708,10357,10212,9968,9649,9737,9557,9346,9246,9108,8930,8645,8852,8325,8434,8230,8117,7931,8001,7809,7616,7540,7590,7519,7319,7257,7312,7116,7095,7012,6830,6789,6777,6780,6539,6544,6525,6378,6355,6312,6192,6148,6120,5946,5932,6021,5928,5883,5771,5722,5788,5653,5697,5651,5681,5439,5451,5422,5377,5351,5343,5136,5205,5272,5255,5140,5130,5007,5147,4980,4811,4888,4857,4909,4774,4879,4770,4733,4725,4689,4567,4545,4533,4366,4469,4431,4429,4325,4183,4343,4204,4358,4257,4320,4091,4056,4199,4164,4099,4069,4079,3933,4022,3969,3908,3933,3931,3826,3774,3805,3747,3703,3676,3690,3828,3718,3719,3679,3656,3674,3572,3516,3592,3463,3479,3618,3480,3431,3472,3376,3448,3340,3351,3437,3278,3364,3314,3323,3405,3553,3965,0,
167960,76445,67533,60398,55039,51722,48154,45465,43087,41206,39719,38336,37172,35672,34775,33526,32812,31682,30668,29774,28730,27943,27286,26509,26050,25337,24776,23998,23347,22627,21956,21618,21169,20452,19789,19534,19105,18369,18119,17896,17277,16980,16489,16198,15912,15485,15245,14784,14555,14156,13933,13665,13276,13002,12788,12694,12428,12147,11911,11888,11616,11374,10871,10835,10736,10554,10467,10515,10375,9955,10000,9629,9583,9511,9397,9178,9001,9017,8862,8733,8606,8549,8363,8411,8217,8073,7853,7911,7926,7755,7786,7550,7659,7674,7640,7432,7119,7139,7072,7072,6919,6884,6810,6892,6641,6597,6499,6686,6449,6325,6337,6137,6264,6290,6256,6111,6100,6124,5966,5940,5959,5844,5930,5786,5646,5771,5775,5514,5520,5669,5434,5365,5468,5224,5294,5307,5184,5154,5359,5162,4995,5065,4995,4871,4932,4862,4910,4737,4896,4825,4776,4668,4719,4652,4692,4612,4541,4480,4552,4351,4418,4432,4415,4314,4518,4281,4305,4298,4336,4197,4061,4196,4138,4108,3964,4020,3948,3922,4023,3970,4015,3891,3842,3839,3790,3865,3731,3916,3797,3731,3818,3732,3808,3634,3667,3791,3681,3784,4409,0,
183714,83961,73270,66117,60507,55969,52799,49874,47606,45073,43497,41876,40302,39323,38027,36428,35515,34761,33689,32684,31664,31087,29925,29361,28276,27685,26920,26451,25016,24796,24378,23524,22931,22678,21943,21441,21152,20610,19864,19555,18970,18818,18418,17835,17345,17227,16974,16308,16078,15582,15414,15049,14920,14615,14169,13906,13732,13544,13432,13064,12692,12647,12409,12274,11826,11813,11659,11379,11363,11079,11097,10853,10783,10369,10366,10114,9969,9848,9966,9480,9590,9197,9316,9216,9105,8871,8963,8753,8698,8456,8560,8455,8312,8174,8279,8068,7867,7888,7699,7780,7638,7621,7472,7552,7352,7333,7347,7216,7182,7073,7195,7051,6961,6895,6892,6785,6727,6637,6544,6436,6339,6350,6288,6273,6358,6102,6186,6042,6057,6082,5969,6024,5875,5752,5874,5782,5749,5669,5608,5625,5644,5625,5591,5328,5477,5389,5400,5237,5252,5109,5223,5346,5280,5060,5224,5020,5087,5067,4902,4958,4959,4818,4855,4756,4885,4623,4756,4553,4613,4568,4581,4671,4425,4518,4458,4365,4340,4397,4302,4189,4388,4253,4242,4193,4103,4132,4235,4319,4055,4139,4026,4038,4028,3947,4095,3972,4079,4131,4626,0,
198575,89972,78924,71523,65145,60208,56666,53734,51081,48468,46838,44731,43571,42084,40921,39413,38526,37604,36076,35324,34268,33272,32392,31395,30610,29629,28903,28139,27227,26558,25948,25490,24788,24138,23508,22886,22312,21908,21330,21024,20423,20030,19406,19058,18675,18329,18027,17410,17196,16999,16683,16082,15875,15685,15352,15203,14894,14617,14369,14135,13735,13861,13369,13126,13038,12698,12514,12290,12096,11984,11767,11694,11459,11502,11056,11059,11066,10895,10709,10501,10325,10214,10282,10057,9973,9808,9639,9504,9393,9439,9164,9156,9134,9024,8778,8750,8732,8555,8692,8404,8364,8121,8288,8163,8157,7967,7969,7929,7765,7769,7659,7527,7550,7564,7359,7259,7208,7097,7224,6944,6825,6891,7037,6861,6834,6740,6844,6510,6525,6491,6425,6420,6400,6250,6273,6307,6241,6205,6135,6098,5995,5966,5963,5930,5767,5867,5839,5843,5636,5531,5574,5667,5436,5446,5460,5268,5411,5305,5387,5400,5279,5277,5149,5160,5074,5032,5118,5042,4974,4960,4785,4875,4886,4804,4778,4638,4760,4745,4670,4603,4581,4470,4534,4508,4484,4436,4347,4429,4352,4414,4214,4250,4346,4294,4305,4303,4462,4506,5132,0,
211899,96481,84460,76350,69696,64380,60448,57143,54368,51965,50107,47902,46520,44966,43748,42670,40934,39895,38559,37757,36152,35287,34416,33865,32783,31485,31108,30076,29452,28379,27928,27181,26250,25791,25251,24585,23961,23269,22837,22562,21875,21396,21029,20420,20020,19585,19256,19113,18282,17983,18030,17368,17208,16763,16469,16236,15876,15700,15333,15030,14725,14815,14280,14185,13957,13671,13572,13242,13033,12944,12513,12354,12464,12213,12260,11767,11538,11592,11411,11299,11103,11121,11071,10495,10604,10386,10296,10241,10103,10032,9905,9900,9780,9556,9540,9292,9330,9369,9088,9074,8869,8752,8904,8743,8502,8423,8533,8499,8409,8189,8110,8055,7894,8006,7936,7984,7833,7625,7560,7631,7443,7424,7563,7323,7348,7136,7084,7068,7149,6923,7038,6890,6957,6872,6830,6671,6550,6640,6481,6648,6529,6365,6361,6397,6366,6349,6139,6171,6289,6109,6036,5977,5982,5953,5903,5871,5791,5793,5846,5487,5603,5536,5417,5600,5471,5482,5476,5398,5270,5175,5323,5142,5145,5136,5045,5014,5076,5064,5069,4965,4873,4940,4807,4797,4731,4722,4675,4638,4822,4599,4659,4540,4675,4625,4523,4625,4689,4840,5580,0,
222328,101928,89466,80038,73232,67527,63650,60047,57240,54870,52886,50306,48983,47009,45788,44576,43537,41998,40424,39525,38297,37542,36429,35077,34517,33604,32558,31668,30946,30068,29282,28837,27987,27272,26484,26178,25454,24640,24192,23505,22924,22744,22377,21734,21313,21002,20261,19985,19518,19026,18616,18303,18151,17790,17337,17121,16680,16455,16272,15984,15545,15240,15011,15096,14520,14373,14303,13932,13813,13647,13118,13262,13117,13007,12787,12711,12406,12229,11916,11853,11688,11701,11556,11448,10993,11285,11041,10791,10771,10738,10507,10442,10262,10282,9959,10114,9793,9643,9565,9727,9559,9448,9451,9188,9257,8968,9057,9021,8915,8715,8863,8593,8554,8517,8472,8513,8236,8175,8019,8087,8045,7908,7706,7981,7650,7662,7810,7591,7551,7606,7443,7257,7323,7330,7040,7227,7168,7032,6969,6979,6817,6860,6723,6611,6888,6638,6674,6448,6450,6460,6367,6423,6326,6209,6237,6208,6233,6036,6023,5960,5962,5955,5937,5937,5785,5739,5719,5696,5673,5596,5450,5375,5456,5383,5401,5331,5345,5241,5373,5252,5308,5261,5168,5068,5070,5052,5003,4959,4937,4865,4980,4886,4921,4902,4877,4958,4953,5134,5852,0,
233098,106440,93167,83763,76959,71016,66953,62957,60007,57769,55047,53055,51132,49648,47934,46484,45062,44083,42488,41242,39876,39030,37851,36648,35743,34768,33937,32978,32468,31345,30843,29960,29237,28276,27653,26954,26581,26062,25254,24773,24290,23788,23143,22553,22357,21700,21242,20861,20287,19988,19431,19127,18992,18423,18440,17672,17746,17499,17016,16601,16215,16178,16060,15698,15450,15309,14962,14726,14719,14445,14123,14034,13732,13356,13160,13053,12952,12984,12473,12450,12505,12160,11883,11987,11968,11615,11647,11362,11301,11201,11070,11145,10596,10505,10539,10629,10504,10275,10183,10203,9862,9860,9776,9704,9753,9681,9705,9506,9274,9209,9175,9022,8940,8828,8873,8861,8659,8683,8408,8648,8382,8357,8338,8339,8016,8226,8215,7883,7868,7925,7774,7504,7746,7693,7644,7461,7526,7354,7301,7358,7276,7252,7203,7139,7043,6903,6961,6909,6758,6888,6732,6653,6565,6587,6584,6278,6510,6376,6415,6444,6298,6276,6045,6244,6259,5941,6097,5918,6037,5809,5741,5809,5755,5805,5735,5723,5618,5517,5606,5458,5487,5435,5624,5491,5450,5175,5345,5167,5100,5078,5026,5215,5159,5267,5205,5132,5214,5497,6055,0,
242587,109694,97376,87088,79792,73920,68973,65086,62726,59685,57410,55224,53156,51471,50014,48513,47066,45614,44119,42970,41436,40399,39554,38721,37017,36857,35141,34597,33693,32514,32046,31121,30019,29400,28959,27802,27669,26863,26418,25734,25085,24447,23968,23527,22725,22713,22309,21631,21127,20627,20343,20033,19585,19494,18902,18634,18383,17997,17656,17252,17130,16892,16758,16179,16306,15914,15584,15200,15001,14637,14529,14392,14125,14147,13884,13634,13681,13327,13254,12980,12997,12737,12729,12453,12089,12287,12168,11954,11931,11782,11539,11566,11343,11189,11073,10938,10801,10895,10607,10560,10305,10505,10475,10294,10119,9989,9820,9994,9740,9695,9557,9613,9537,9212,9214,9138,9237,9007,9139,8983,8898,8853,8714,8605,8653,8458,8396,8392,8347,8120,8109,8231,7916,7925,8053,7779,7928,7784,7644,7640,7654,7411,7413,7263,7358,7160,7288,7379,7168,7155,6974,7163,6845,6763,6893,6775,6764,6828,6752,6639,6427,6650,6407,6417,6455,6174,6196,6269,6194,6056,6058,6183,5956,5991,5948,5824,5871,5851,5818,5713,5777,5706,5601,5590,5586,5673,5551,5493,5430,5450,5372,5309,5402,5358,5403,5441,5444,5511,6386,0,
250724,113884,100556,89684,82355,75932,71745,67978,64739,62124,59096,56959,55316,53431,51928,49947,48470,47395,46140,44776,43251,41925,40946,39919,38695,37546,36937,35760,34719,33810,33202,32591,31489,30714,29898,29106,28666,27755,27549,26700,26165,25529,25035,24369,24001,23152,22616,22480,22084,21501,21056,21016,20401,19958,19738,19406,18950,18722,18079,17996,17627,17268,17025,16708,16396,16260,16177,15796,15405,15449,15191,14928,14890,14770,14317,14293,14195,14099,13696,13658,13508,13392,13192,13038,13011,12637,12508,12400,12294,12154,11941,11925,11738,11893,11434,11374,11331,11327,10903,11082,10795,10941,10656,10563,10673,10348,10221,10399,10109,9943,10011,9999,9815,9712,9704,9580,9598,9400,9303,9170,9014,9039,9079,8993,8824,8765,8699,8714,8819,8663,8554,8497,8493,8411,8340,8118,8134,8111,8132,7866,7837,7720,7785,7631,7816,7763,7590,7565,7449,7550,7281,7294,7389,7205,7182,6990,7034,6917,6952,6763,6869,6907,6687,6665,6654,6466,6513,6448,6533,6461,6391,6343,6255,6359,6231,6190,6104,6056,5995,5987,5893,5782,5888,5704,5927,5792,5843,5744,5719,5665,5532,5615,5546,5515,5506,5747,5670,5821,6605,0,
258652,118001,103460,92910,84778,79333,74164,69694,66421,63461,61304,59218,57140,54854,53549,52061,50028,48849,47343,46113,44174,43855,42262,41338,40139,38813,37991,37056,35796,34846,33906,33680,32461,31665,30981,30151,29841,28785,28252,27536,27097,26673,25607,25017,24488,24177,23635,23172,22723,22449,21814,21377,21131,20623,20255,19775,19812,19302,18938,18569,18345,17730,17843,17570,17194,16934,16508,16405,15949,16077,15680,15612,15270,15226,15136,14553,14730,14481,14090,14127,14031,13729,13449,13407,13289,13024,12912,12696,12794,12467,12240,12243,12030,12132,12009,11663,11732,11476,11304,11385,11428,11195,11154,11007,10970,10632,10803,10579,10551,10359,10239,10256,10143,10159,9875,9915,9825,9685,9720,9722,9612,9552,9487,9373,9258,9321,9230,9025,8850,8838,8931,8843,8773,8797,8528,8641,8531,8442,8332,8274,8230,8195,8016,8015,7963,8009,7898,7749,7782,7740,7610,7675,7656,7609,7357,7402,7387,7357,7153,7127,7067,7024,7068,6869,6798,7009,6835,6685,6611,6751,6552,6481,6444,6416,6425,6404,6382,6198,6322,6100,6118,6079,6015,6050,6003,6089,6016,5946,6019,5874,5837,5822,5720,5936,5704,5926,5996,6125,6832,0,
266995,121500,107089,96451,87323,81283,76358,72627,68821,65820,63694,61045,58867,56279,55092,53405,51890,50268,48756,47184,46347,44638,43165,42493,41386,40001,39549,37797,36522,36002,35104,34105,33630,32487,31838,30795,30667,29638,29088,28544,27845,27039,26571,25952,25520,25079,24817,24079,23497,23304,22484,22111,21825,21317,20946,20388,20258,20017,19432,19357,18883,18582,18353,17844,17836,17326,17203,17087,16548,16549,16382,15975,15967,15746,15588,15067,15020,14507,14695,14445,14315,14187,13886,13785,13668,13357,13416,13118,13082,12969,12957,12773,12633,12264,12431,12236,11964,11895,11788,11735,11605,11542,11336,11190,11121,11292,11173,10975,10782,10760,10666,10528,10581,10442,10313,10139,10298,10015,9921,9846,9713,9830,9800,9664,9520,9627,9419,9333,9106,9095,9076,9073,8916,9040,8917,8761,8657,8539,8616,8558,8545,8316,8443,8473,8154,8061,8132,7981,8011,7969,7841,7737,7733,7943,7594,7550,7444,7505,7402,7328,7364,7228,7355,7185,7011,7193,7125,6921,6814,6994,6889,6732,6721,6581,6558,6631,6464,6506,6507,6527,6449,6294,6339,6154,6281,6236,6093,5967,6057,6006,6090,5869,6055,5917,6107,6111,6186,6443,7099,0,
272732,124334,109415,98737,89625,83143,77846,73517,70699,67491,64664,62495,60379,58475,56737,55015,52937,51232,50089,48439,47128,46132,44657,43680,42239,40907,40355,39134,37788,36777,36384,35207,34232,33433,32679,32006,31394,30730,29748,29243,28294,27814,27226,26814,26389,25329,24833,24483,23840,23453,23445,22474,22212,21974,21732,21096,20990,20096,20274,19680,19464,19015,18723,18492,18571,17969,17745,17268,16899,16890,16852,16355,16352,15965,15938,15512,15194,15403,15151,14823,14835,14496,14333,14453,14083,13905,13820,13584,13626,13319,13231,13065,12993,12798,12783,12648,12332,12222,12077,12331,11936,12083,11620,11691,11584,11214,11175,11159,11204,11057,11003,11094,10990,10781,10627,10550,10469,10365,10281,10047,10157,10052,10081,9884,9638,9699,9641,9600,9433,9588,9500,9359,9374,9256,9126,9112,9127,8900,8858,8825,8764,8536,8529,8497,8472,8530,8212,8180,8238,8195,8171,8078,7871,7807,7873,7742,7758,7850,7615,7610,7563,7433,7468,7429,7379,7387,7279,7288,6970,7039,7198,7114,6884,6919,6871,6793,6701,6668,6569,6637,6575,6753,6507,6580,6410,6545,6333,6250,6238,6155,6211,6387,6270,6137,6131,6261,6266,6565,7313,0,
279892,127184,112248,100374,92465,84922,80139,75446,72070,68854,66060,63636,61395,59326,57705,55988,54076,52978,51181,49510,48391,46681,45965,44066,43335,41969,41117,39991,38720,37605,36782,36032,35109,34486,33520,32719,31867,31070,30281,29784,29241,28478,28109,27338,26775,26236,25656,25124,24752,24044,23575,23166,22692,22346,21946,21763,21303,20809,20711,20410,19854,19701,19148,18729,18603,18426,18045,17852,17689,17270,17097,16698,16634,16391,16146,16125,15932,15757,15349,15179,15052,14993,14678,14533,14501,14277,14233,13834,13724,13657,13490,13575,13079,13135,13115,12697,12641,12579,12595,12358,12271,12095,12269,11902,11765,11939,11705,11482,11386,11239,11294,11117,11173,10926,10964,10682,10679,10682,10615,10713,10506,10434,10234,10188,10008,10015,9798,9775,9619,9783,9621,9378,9327,9340,9637,9170,9115,8998,9132,9031,8970,8950,8683,8725,8678,8671,8557,8487,8465,8462,8523,7997,8101,8223,8070,8028,7920,7976,7867,7850,7603,7676,7557,7534,7518,7457,7298,7420,7541,7290,7312,7265,7096,7017,7111,6983,6924,6939,6768,6911,6782,6723,6604,6728,6558,6523,6503,6490,6444,6497,6292,6335,6314,6327,6291,6426,6417,6746,7506,0,
284507,129593,114243,103197,93866,86618,81330,77103,73235,70983,67769,64963,63023,60399,58610,57199,55365,53537,52366,50721,49441,48083,46547,45285,43821,42800,41806,40447,39570,38660,37627,36480,35516,34799,33860,33442,32354,31964,31230,30479,29813,29181,28135,27658,27424,26620,26130,25597,25084,24609,24128,23425,23128,22985,22223,21864,21292,21514,20944,20667,20256,19695,19809,19510,18883,18729,18400,18242,17851,17791,17371,17274,17082,16596,16645,16372,16203,15811,15952,15580,15527,15055,14982,15005,14740,14404,14193,14394,14269,14014,13667,13635,13627,13688,13496,13171,12927,12778,12813,12568,12624,12332,12167,12075,12124,11893,11977,11786,11590,11609,11635,11349,11477,11154,11198,11068,10704,10702,10746,10546,10506,10475,10498,10278,10246,10228,10010,10061,10067,9903,9865,9923,9564,9634,9527,9452,9230,9437,9248,9291,9197,9026,9001,8771,8955,8876,8799,8585,8566,8494,8470,8514,8304,8287,8208,8192,8053,8107,8146,8043,8025,7918,7847,7956,7587,7794,7530,7583,7596,7392,7292,7332,7287,7234,7165,7232,7153,7096,6918,6984,6984,6921,6845,6736,6684,6753,6739,6627,6511,6615,6500,6537,6453,6475,6444,6539,6685,6690,7778,0,
289776,131303,115999,104491,94637,88191,82558,78206,74619,71038,68553,66302,63719,62012,59930,57891,56488,54761,52864,51407,50399,48579,47329,46166,44643,43177,42314,41434,40264,38747,38005,37608,35952,35595,34648,33490,33211,32397,31487,30631,30303,29577,29141,28598,27318,26782,26529,25909,25562,25110,24556,24090,23556,23233,22466,22291,22074,21596,21177,20921,20618,20131,19805,19802,19305,19342,18914,18662,18269,17837,17675,17366,17349,16983,16900,16680,16391,16196,16308,15979,15598,15319,15281,15133,14775,14864,14754,14134,14214,14015,14077,13678,13861,13427,13395,13267,13086,13037,13066,12748,12796,12511,12560,12477,12278,12142,12326,11802,11904,11928,11775,11758,11709,11193,11224,11336,11217,11076,10913,10937,10807,10872,10816,10667,10357,10394,10441,10233,10322,10127,10019,10116,9885,9904,9684,9598,9609,9457,9532,9448,9297,9167,9254,9249,8822,8950,8935,8746,8803,8693,8704,8480,8499,8441,8424,8162,8181,8175,8186,8199,8014,7977,8007,7985,7898,7775,7698,7628,7534,7665,7602,7352,7465,7415,7204,7199,7326,7257,7141,7065,7082,6955,6843,6810,6852,6806,6884,6715,6702,6553,6560,6682,6654,6547,6479,6757,6728,6946,7741,0,
295655,134714,118134,106456,97230,89987,84231,79447,75410,72759,69459,67167,65088,62794,60866,58554,57026,55733,53552,52411,50782,49123,47938,46666,45559,44384,42823,42061,40780,39797,39027,37909,37135,36372,35451,34650,33566,33072,32308,31632,30851,29837,29506,29178,28187,27571,27059,26736,25876,25325,24661,24741,24044,23609,23326,22555,22719,22073,21608,21446,21062,20543,20180,20166,19781,19676,19020,18785,18503,18185,17929,17773,17624,17500,17183,16865,16618,16413,16289,16133,16082,15785,15468,15340,15060,14983,14909,14794,14470,14389,14147,14144,14159,13781,13760,13448,13505,13305,13288,13069,13106,12750,12698,12540,12355,12382,12360,12227,12221,12018,11811,11679,11847,11512,11373,11398,11266,11270,11233,11331,10970,11067,10713,10647,10694,10760,10618,10395,10390,10450,10313,10209,10044,9891,9951,9820,9796,9687,9790,9776,9580,9329,9315,9365,9281,9103,9123,9093,8999,8997,8731,8597,8589,8676,8665,8535,8507,8394,8339,8254,8337,8015,8115,7998,7911,7998,7853,7954,7732,7687,7773,7587,7543,7591,7545,7541,7485,7320,7298,7389,7111,7187,7173,7037,6894,6859,6830,6763,6969,6835,6700,6778,6798,6687,6739,6845,6797,7127,8027,0,
297908,135802,119270,106889,97779,90860,84949,80954,77151,73329,70571,68300,65787,63644,61642,59948,57923,56067,54905,53136,51820,50291,48736,47630,46652,45247,43923,42616,41456,40692,39427,38708,37206,36622,35979,34970,34300,33149,32965,31860,31340,30360,29738,29241,28676,27971,27214,26824,26416,25937,25306,24918,24497,24120,23540,23329,22589,22311,21838,21806,21284,21031,20799,20603,20247,19598,19208,19408,18702,18875,18351,17987,17726,17753,17423,17152,16910,16747,16373,16164,16045,15979,15907,15660,15403,15218,15389,14972,14746,14804,14438,14364,14100,14166,13828,13686,13544,13394,13409,13257,13309,13010,12723,12849,12838,12676,12634,12178,12383,11994,12061,11805,11981,11698,11570,11657,11414,11422,11198,11255,11216,11059,10917,10856,10780,11046,10683,10587,10667,10352,10249,10284,10165,10168,9950,9980,9855,9939,9667,9773,9566,9565,9483,9592,9331,9490,9288,9336,8948,9037,8810,8856,8733,8714,8699,8435,8595,8542,8430,8431,8372,8410,8362,8103,8291,8082,8000,7859,8011,7869,7647,7571,7576,7720,7557,7452,7404,7445,7306,7282,7440,7367,7166,6991,7099,6968,7068,7005,6998,6888,6926,6986,6919,6806,6824,6964,6960,7147,8054,0,
301588,137903,121504,108761,98924,92471,86268,81917,78194,74703,71503,68903,66691,64962,62418,60664,59046,56675,54915,53477,52220,51006,49623,48125,46602,45964,44555,43360,42118,41126,40064,39209,38270,37334,36244,35645,34477,33829,32817,32025,31262,30874,30224,29316,28748,28315,27920,27216,26711,26140,25921,24893,24779,24323,23882,23429,23229,22784,22188,21943,21591,21277,20912,20483,19915,19827,19530,19371,19400,19043,18322,18413,18105,17778,17607,17592,17455,16789,16794,16546,16214,16287,16106,15880,15449,15484,15428,15207,14923,14824,14798,14522,14557,14340,14372,14144,13884,13762,13719,13413,13243,13333,13056,12841,12822,12762,12774,12443,12440,12287,12395,12211,11915,11998,11847,11673,11749,11694,11556,11446,11184,11240,11254,11416,10974,10910,10948,10711,10550,10564,10344,10428,10336,10272,10052,10255,10060,9781,9928,9776,9682,9681,9608,9737,9566,9627,9252,9302,9221,9179,9166,9071,8896,8872,8804,8811,8712,8407,8506,8434,8540,8430,8311,8302,8357,8069,8204,7894,8045,7873,7988,7722,7755,7677,7755,7687,7632,7529,7532,7423,7366,7361,7315,7329,7182,7145,7107,7258,7075,7073,7003,6994,7087,6938,6990,7128,7012,7146,8435,0,
306823,139856,122693,110338,100985,93576,87916,82589,79020,75470,72152,69976,67325,65537,63227,61048,59246,57658,55847,54542,52903,51806,50079,48894,47569,46043,44756,43475,42870,41246,40599,39779,38297,37484,36538,35848,35208,34269,33710,32586,32130,31421,30685,29915,29255,28838,27966,26993,27022,26529,26017,25343,24934,24711,24193,23597,23126,22575,22492,22163,21928,21424,21080,20939,20553,20001,20042,19624,19294,18904,19302,18589,18274,18044,17971,17551,17526,17365,17062,16687,16607,16690,16091,16070,15816,15842,15643,15325,15134,14958,15000,14534,14405,14392,14232,13963,14219,13923,13810,13588,13489,13483,13303,13156,13151,12632,13042,12938,12441,12565,12520,12327,12147,12192,12049,11974,11819,11700,11724,11583,11443,11523,11286,11181,11119,10912,10917,10857,10710,10647,10874,10543,10345,10552,10344,10179,10023,10107,9853,9982,9779,9814,9733,9490,9486,9500,9346,9404,9256,9338,9188,9211,9004,9079,8986,8941,8804,8731,8529,8655,8690,8601,8450,8219,8492,8393,8454,8339,8106,7963,7983,8115,7857,7894,7662,7820,7498,7585,7608,7615,7561,7431,7459,7284,7335,7186,7247,7287,7185,7235,7150,7062,6938,7079,7014,7217,7089,7374,8478,0,
310258,141229,123816,111527,101821,94734,88368,83720,79538,76122,73434,70273,68052,66250,63843,62074,60318,58510,56574,55270,53153,51659,50973,49096,47644,46378,44872,44093,43217,41762,41222,39772,38525,37977,37008,36199,35345,34466,33344,32997,32108,31477,31098,30294,29605,29092,28385,28068,27441,26864,26371,25870,25274,24928,24128,23869,23508,23070,22663,22528,21898,21729,21286,21301,20658,20213,20116,19640,19608,19220,19112,18713,18428,18212,18170,17716,17535,17364,17193,16875,16788,16383,16229,15929,15849,15911,15699,15788,15264,15111,15122,14869,14544,14852,14661,14316,14202,14069,13861,13752,13414,13481,13328,13218,13054,13202,13026,12703,12846,12522,12701,12623,12437,12154,12083,11949,12076,11814,11722,11872,11512,11529,11292,11398,11179,11117,11127,10874,10969,10928,10692,10868,10533,10370,10424,10384,10096,10269,10349,10037,9964,9999,9867,9782,9802,9654,9412,9648,9598,9384,9368,9183,9154,9215,9026,8990,8873,8905,9014,8889,8763,8650,8444,8643,8647,8337,8321,8226,8207,8154,8021,7982,7883,7952,7884,7899,7755,7818,7643,7657,7681,7671,7473,7426,7311,7314,7211,7175,7186,7058,7161,7286,7122,7214,7189,7189,7287,7462,8403,0,
311751,141922,124477,111586,102041,94640,89190,84112,79893,76307,73485,71036,68820,66005,64291,62278,60537,58498,57315,55567,54211,52409,50529,49678,48148,46783,45671,44578,43329,42601,41488,39914,39039,38114,37024,36301,35467,34848,33539,32923,32500,31679,31305,30479,29640,28963,28550,27882,27656,27147,26446,25969,25519,24868,24505,24286,23569,23462,23001,22608,22324,21773,21327,20822,20676,20307,20280,19978,19868,19592,19500,19002,18588,18612,18131,18078,17540,17577,17140,16960,17042,16624,16418,16161,16045,15753,15657,15511,15526,15339,15060,15045,14866,14876,14549,14347,14130,14198,13961,13862,13715,13724,13665,13401,13270,13032,13093,13136,13059,12773,12676,12402,12419,12233,12143,12274,12163,11903,12009,11879,11727,11399,11458,11483,11400,11226,11064,10886,11183,11011,10905,10742,10823,10604,10555,10320,10331,10458,10230,10056,10038,9949,9991,9926,9748,9708,9690,9712,9684,9585,9304,9359,9346,9222,9136,9177,9031,8976,8940,9026,8868,8579,8835,8502,8691,8538,8540,8311,8395,8405,8352,8155,8087,7991,7933,7939,7856,7805,7725,7687,7706,7585,7569,7476,7385,7443,7393,7335,7368,7419,7357,7245,7172,7030,7244,7234,7466,7464,8613,0,
313702,142532,126663,112666,103798,95853,89641,85007,80277,77125,74356,71580,69337,67034,64734,62886,60911,59315,57211,56047,54524,52731,51446,49432,48488,47406,45889,44497,43726,42489,41583,40457,39205,38141,37763,36585,36013,34854,34205,33128,32699,32022,31185,30827,30025,29721,28759,28116,27561,27102,26442,26095,25613,25406,24618,24444,24146,23649,23318,22754,22492,22083,21602,21248,21139,20537,20447,20181,19714,19265,19027,19105,18816,18217,18336,17814,18021,17532,17039,17286,17036,16750,16522,16421,16382,16107,15781,16049,15311,15415,15206,15072,14943,14570,14901,14524,14522,14138,14092,14047,13853,13794,13646,13566,13541,13418,13072,12935,13064,13036,12927,12309,12588,12288,12229,12234,12269,11988,11994,11964,12070,11612,11600,11396,11626,11446,11091,11171,11099,11058,11035,10789,10911,10670,10876,10571,10523,10627,10276,10311,10217,10103,10109,9824,9966,9766,9787,9756,9501,9455,9356,9386,9512,9424,9259,9329,9058,8989,9029,8851,8717,8799,8813,8603,8546,8544,8593,8316,8405,8301,8185,8198,8178,8174,8120,8021,7990,7985,7813,7831,7778,7836,7697,7620,7470,7433,7484,7390,7471,7397,7222,7309,7360,7302,7302,7290,7329,7549,8469,0,
315149,143622,126575,113380,103168,96227,89809,85418,80894,77938,74464,72222,69148,66830,64967,62985,60933,59715,57338,56088,54317,53427,51559,50160,48784,47487,46356,44879,43979,42587,41752,40847,39704,38877,38005,37125,35846,34926,34624,33559,33172,32173,31517,30980,30034,29235,29090,28249,27961,27252,26859,26280,25749,25536,24771,24423,24195,23233,23106,22802,22350,22198,21711,21478,21115,20754,20307,20005,20040,19622,19341,19199,18697,18361,18512,18131,17880,17750,17518,17132,17105,16777,16736,16661,16357,16241,15865,15707,15822,15723,15138,15309,15201,14725,14413,14594,14426,14026,14191,13945,14023,13820,13710,13758,13653,13451,13274,13441,13058,12953,12587,12784,12777,12607,12432,12216,12340,12217,11983,12071,12047,11707,11677,11702,11379,11405,11402,11381,11131,11120,10765,10966,10960,10518,10852,10488,10549,10473,10379,10343,10306,10148,10111,10101,9926,9991,9637,9669,9773,9650,9548,9452,9260,9305,9224,9041,9118,9044,9051,9013,8824,8832,8804,8620,8578,8475,8709,8575,8484,8084,8290,8181,8156,8246,8096,7946,8091,8093,7685,7879,7860,7744,7684,7645,7569,7649,7394,7341,7480,7428,7464,7365,7304,7292,7411,7478,7458,7526,8892,0,
317245,144681,126719,114480,104010,96429,90630,85916,81191,78042,75022,72842,69621,67839,65340,63799,61152,59788,57794,56468,54378,52930,51313,50192,49117,47624,46446,45204,44197,43515,41829,40986,39918,38851,37873,36563,36170,35469,34910,33732,33038,32137,31616,31021,30441,29781,29117,28431,28246,27357,27018,26449,26100,25599,24913,24519,24182,23863,22995,22897,22761,22008,21958,21629,21121,21108,20438,20331,20016,19641,19290,19073,18813,18769,18441,17964,18045,17646,17358,17090,17082,17061,16622,16516,16234,16213,15817,15988,15635,15567,15379,15132,15093,15008,14924,14886,14550,14307,14294,14149,14043,13968,13675,13779,13410,13363,13403,13237,13145,13172,12789,12889,12777,12498,12428,12367,12165,12072,12026,12072,12010,11751,11791,11751,11528,11444,11515,11098,10952,11076,11024,10925,11029,10719,10759,10579,10792,10422,10380,10427,10315,10182,10092,9954,10257,9818,9828,9689,9690,9708,9669,9362,9514,9359,9461,9428,9385,9116,9054,8962,9084,8715,8640,8709,8658,8566,8505,8591,8457,8515,8326,8180,8295,8185,8201,8036,7945,7904,7865,8025,7885,7669,7824,7708,7722,7581,7634,7608,7488,7438,7304,7380,7390,7294,7346,7417,7531,7634,8742,0,
317368,144786,127865,114248,104286,96405,91264,85602,81851,78011,75418,72286,69985,67387,65656,63081,61533,59983,58068,56936,54892,53397,51730,50160,49019,47897,46846,45533,43964,43092,42082,40756,40096,39066,38002,37330,36311,35431,34918,33911,33063,32280,31521,31031,30303,29711,29087,28499,28129,27616,26931,26538,25811,25443,25479,24624,24144,23954,23429,23099,22633,22463,21850,21551,21156,20967,20498,20679,20107,19910,19722,19118,19206,18694,18470,18295,18208,17880,17690,17584,17115,17062,16826,16565,16488,16227,16297,16067,15676,15540,15679,15455,15234,14880,14848,14655,14589,14398,14292,14086,13695,13886,13833,13505,13748,13432,13284,13437,13302,12972,13109,12629,12538,12696,12605,12286,12334,12158,12355,12099,11930,11834,11939,11665,11700,11497,11476,11475,11289,11195,10926,10945,11083,10875,10721,10717,10685,10571,10475,10126,10496,10307,10198,10110,9931,10030,10034,9754,9729,9849,9801,9617,9527,9318,9345,9282,9208,9036,9258,9024,9128,8705,8920,8975,8786,8748,8459,8475,8664,8439,8446,8367,8178,8353,8252,8116,8120,7928,7991,7727,7879,7768,7627,7687,7725,7648,7728,7579,7509,7406,7365,7285,7384,7445,7174,7347,7287,7894,8803,0,
317762,145547,127489,114505,105046,96935,91416,86472,81946,78512,75552,72858,70412,67806,65703,63788,61565,59900,58444,56747,54815,53545,52363,50633,49210,48294,46780,45639,44338,43042,41974,41161,39955,39315,38260,37413,36626,35297,34943,34005,33157,32525,31555,30991,30504,30332,29353,28469,28106,27589,27033,26609,26040,25601,25026,24502,24287,23736,23367,23175,22597,22438,22196,21786,21286,21034,20640,20497,20082,19720,19604,19209,19050,18820,18623,18392,18304,17724,17406,17318,17017,17018,16797,16738,16635,16237,16265,16091,15751,15551,15833,15186,15159,15201,14848,14703,14764,14356,14202,14221,14037,13967,13828,13527,13602,13413,13436,13317,13091,12815,13011,12620,12736,12454,12621,12642,12332,12280,12087,12101,12160,11878,11848,11720,11474,11575,11377,11495,11409,11227,11175,11063,11028,10775,10959,10717,10484,10400,10317,10553,10245,10334,10182,10088,10026,10075,9973,9863,9589,9708,9677,9622,9470,9556,9384,9485,9236,9235,9070,9044,9046,8957,8676,8899,8835,8761,8687,8692,8488,8489,8395,8454,8307,8236,8199,8077,8136,7848,8081,7809,7838,7856,7747,7769,7723,7591,7652,7461,7517,7481,7339,7390,7375,7241,7336,7647,7540,7888,9011,0,
319829,144933,127781,114497,105119,97360,91488,85698,81919,78578,75726,72826,70538,67175,66154,63931,61474,59866,58251,56618,55029,53636,52367,51012,49538,47805,46993,45666,44123,43246,42613,40940,39536,38996,38421,37496,36304,35237,34943,33657,33268,32371,31784,31376,30500,29862,29304,28437,28025,27913,27061,26384,25754,25641,24964,25078,24307,23695,23238,22861,22623,22351,22164,21634,21118,21284,20793,20330,20193,19732,19412,19139,19118,18751,18500,18192,18363,17988,17843,17532,17089,17132,16794,16718,16566,16336,16103,15847,15805,15525,15499,15227,15320,15083,14636,14717,14541,14610,14083,14287,14072,14045,13935,13941,13805,13379,13359,13323,13066,13005,13087,12575,12800,12685,12511,12505,12431,12162,12167,12084,11802,11690,11693,11881,11698,11540,11589,11303,11402,11144,11144,10976,10950,11024,10919,10601,10781,10616,10457,10361,10571,10149,10134,10074,10021,10066,10015,9800,9735,9531,9665,9580,9527,9491,9550,9430,9276,9211,9063,9149,9018,8949,9017,8833,8749,8698,8746,8661,8530,8499,8478,8288,8217,8439,8180,8072,8052,8022,8050,7991,7884,7969,7726,7643,7680,7784,7502,7400,7546,7466,7418,7509,7292,7291,7335,7443,7607,7835,8840,0,
318945,144739,128050,114650,104738,97101,90671,86340,82438,78274,75860,72843,70120,68070,65646,63720,62097,59748,58236,56652,54971,53480,51934,50931,49288,47889,47011,45800,44153,43214,41778,41301,40047,39041,38032,37580,36587,35375,34837,34047,33354,32562,32055,31093,30763,30148,28931,28881,27901,27482,26997,26577,25912,25707,25149,24489,24318,23672,23186,22825,22462,22347,22113,21725,21217,21158,20904,20222,20051,19980,19729,19406,18915,18809,18570,18253,18290,17959,17568,17685,17268,16887,16685,16478,16352,16345,15997,15835,15756,15651,15549,15304,15237,15028,14806,14622,14550,14418,14197,14293,14262,13954,14169,13866,13651,13585,13428,13355,13290,13098,12973,12833,12715,12471,12535,12695,12380,12254,12119,12090,12026,11674,11655,11701,11414,11835,11260,11327,11475,11251,11045,10923,11069,11197,10698,10728,10616,10718,10561,10512,10256,10079,10260,9912,9952,10045,10002,9765,9712,9761,9776,9597,9746,9340,9353,9230,9345,9159,9238,9111,9027,9071,8842,8847,8881,8672,8666,8497,8349,8455,8292,8376,8329,8347,8159,8238,8118,7963,7987,7870,7904,7868,7750,7693,7583,7584,7478,7562,7406,7531,7456,7305,7456,7398,7558,7510,7472,7849,8739,0,
318574,144620,127278,114945,104807,96983,90316,86410,82111,78530,75329,72869,70024,68091,66210,63838,61798,59958,58294,56519,55198,53802,52034,50852,49687,48004,46620,45419,44642,43117,42204,41026,40157,38905,38679,37317,36364,35775,34930,33860,33231,32204,31879,31139,30519,30144,29359,28581,27927,27740,27161,26383,26390,25581,25243,24518,24127,23738,23402,22968,22652,22661,21988,21674,21277,21019,20713,20710,20106,19824,19656,19351,18798,18729,18551,18191,18212,18023,17720,17416,17108,16880,16964,16729,16526,16201,16327,15936,15947,15679,15375,15109,15088,14888,14903,14687,14720,14560,14145,14248,14135,14009,13964,13790,13691,13685,13284,13382,13300,13095,12825,12723,12809,12639,12538,12451,12332,12278,11998,11907,11897,11902,11655,11795,11759,11631,11314,11497,11449,11195,11198,11050,10979,10717,10740,10779,10611,10652,10701,10496,10593,10452,10141,10100,10214,10082,9982,9719,9641,9615,9719,9529,9501,9488,9474,9509,9289,9316,9150,9065,9059,9054,8937,8659,8870,8676,8713,8605,8493,8318,8487,8428,8186,8387,8161,8221,7856,8069,8038,7826,7663,7770,7697,7594,7670,7629,7529,7522,7451,7316,7334,7473,7279,7384,7458,7615,7628,7739,8703,0,
318383,145078,128160,114687,104562,97483,90709,86484,81367,78940,75342,72445,70226,67700,65792,63148,61758,60081,57626,56790,55363,53240,51558,50939,49040,48226,46632,45570,44089,42919,42186,41086,39865,39191,38428,36750,36358,35746,34630,34052,33087,32435,31939,31110,30386,29974,29255,28599,28167,27915,27078,26306,26202,25228,25202,24585,24141,23962,23552,23173,22588,22433,22042,21669,21404,20997,20253,20171,19961,19737,19418,19473,18963,18853,18710,18467,17973,17658,17510,17360,17030,17066,16926,16738,16251,16028,16209,16123,15948,15723,15574,15162,15498,15250,14903,14796,14701,14467,14117,14279,14208,13710,13792,13705,13491,13652,13457,13174,13226,13004,13079,13030,12843,12854,12651,12597,12242,12257,12055,11998,11887,11764,11807,11826,11561,11411,11483,11463,11324,11174,11192,10932,10925,10895,10680,10701,10637,10522,10562,10503,10134,10316,10273,10088,10056,9778,9891,9902,9817,9474,9544,9398,9493,9288,9326,9350,9408,9355,9162,8922,9005,8876,8984,8720,8834,8692,8658,8571,8542,8272,8350,8360,8427,8119,8222,8172,8020,7979,8088,7944,7987,7705,7791,7821,7702,7693,7670,7630,7544,7381,7383,7459,7370,7483,7385,7370,7579,7862,8692,0,
318058,144845,127172,114464,104064,96534,90779,85813,81673,77959,74955,72815,69817,67603,65384,63245,62018,59453,57902,56709,54977,53264,51801,50731,48960,47664,46459,45236,44093,43147,41876,40646,39579,39044,37856,37004,36241,35072,34615,34000,33157,32399,31749,30863,30668,29902,29249,28531,28066,27387,27127,26333,26003,25508,25080,24435,24266,23788,23523,23110,22544,21937,21749,21397,21125,20798,20838,20273,20012,19609,19601,19061,19013,18713,18441,17953,18126,17616,17612,17318,17260,16641,16775,16624,16378,16109,16105,15877,15777,15506,15533,15235,14984,14935,14770,14764,14264,14347,14485,14194,14088,13975,13908,13662,13503,13469,13256,13300,12999,13167,12769,12678,12586,12583,12575,12492,12267,12206,12214,11896,11903,11733,11778,11737,11647,11633,11345,11414,11335,11287,10898,10965,10878,10909,10701,10509,10477,10713,10341,10481,10470,10060,10207,10143,9875,9964,9891,9592,9682,9658,9565,9516,9181,9286,9228,9258,9066,9218,9220,8921,8792,8729,8878,8796,8605,8648,8587,8604,8588,8424,8365,8185,8131,8127,8200,8279,8033,7958,7872,7839,7737,7898,7854,7689,7553,7718,7525,7332,7492,7427,7505,7399,7347,7248,7306,7347,7390,7677,8685,0,
315678,143744,126632,113139,102957,96105,90334,85224,81044,77510,74432,71870,69465,67158,64663,62846,61218,58629,57541,56025,54502,52672,51244,50263,48788,47279,46267,45006,43727,42421,41684,40533,39872,38451,37819,36519,36054,35130,34714,33564,32893,32282,31585,30590,30229,29497,29213,28415,27902,26970,26699,26203,25574,25084,24783,24182,24010,23403,23061,22885,22366,22123,21524,21451,21087,21004,20399,20182,19773,19356,19595,19190,18922,18799,18206,18027,17765,17579,17637,17347,16766,16918,16537,16344,16254,16328,16153,15931,15642,15631,15505,15316,15000,14895,14814,14555,14456,14427,14175,14021,14047,13793,13660,13624,13446,13404,13330,13197,13060,12895,12840,12615,12543,12661,12538,12332,12448,12339,11941,12005,11756,11725,11749,11580,11390,11464,11391,11254,11018,11132,11022,10784,10697,10884,10520,10591,10612,10660,10323,10290,9994,10244,10338,9845,9802,9873,9795,9550,9883,9406,9482,9592,9408,9305,9099,9343,9062,9111,8969,8976,8983,8863,8776,8760,8712,8508,8422,8429,8541,8423,8239,8103,8411,8068,8108,8008,8113,7944,7702,7929,7765,7752,7626,7695,7616,7522,7388,7431,7343,7503,7263,7210,7308,7323,7278,7239,7384,7738,8686,0,
314221,142813,125507,113169,103029,95735,89705,84307,80707,76921,74030,71496,69156,66628,64864,62713,61056,59121,57305,56001,53778,52576,51370,49581,48792,47316,46010,44468,43601,42157,41343,40517,39173,38437,37326,36534,35831,35026,34320,33448,32727,32078,31530,30467,30090,29209,28557,28309,27727,26983,26803,26208,25622,25289,24879,24362,23791,23409,22997,22596,22623,22086,21936,21348,20974,20533,20535,19961,19981,19563,19366,18862,18655,18459,18511,18170,17974,17831,17599,17037,17063,16710,16670,16507,16347,16089,16140,15919,15465,15473,15255,15038,15221,14794,14716,14632,14589,14128,14138,13881,14105,13717,13662,13482,13277,12942,12994,13129,13026,12685,12733,12591,12550,12468,12290,12234,12079,12100,11988,11645,11515,11812,11706,11572,11386,11301,11219,11277,11034,11119,11002,10984,10820,10456,10654,10695,10476,10465,10197,10109,10070,10274,10140,10205,9865,9816,9657,9606,9659,9499,9448,9461,9379,9390,9214,9135,8959,9010,9009,8855,8872,8688,8596,8591,8328,8546,8606,8490,8326,8295,8328,8258,8154,8066,8093,7877,7738,7735,7993,7890,7671,7506,7732,7607,7431,7548,7402,7460,7432,7238,7286,7245,7189,7140,7269,7373,7202,7679,8549,0,
311100,141674,124750,111970,102439,95005,89042,83826,79838,76587,73662,70611,68603,66198,63989,62199,60182,58482,56739,55384,53685,52440,50948,49624,48383,46905,45494,44347,43397,42093,41109,40508,39345,38280,37399,36893,35457,35066,34047,33156,32930,31638,30720,30380,29858,29180,28508,27847,27538,26777,26461,25845,25532,24856,24580,24287,23725,23166,22771,22496,22038,21760,21550,20813,20918,20577,20051,20032,19517,19578,19305,18764,18720,18405,18066,17969,17647,17377,17455,17181,16849,16702,16602,16275,16056,15971,15766,15561,15422,15385,15104,15035,14906,14571,14698,14411,14285,14172,13900,13933,13738,13919,13332,13299,13285,13215,13152,12883,12731,12572,12658,12510,12387,12483,12226,12251,11885,12067,11997,11791,11631,11547,11433,11577,11426,11241,11153,11111,11119,10797,10815,10744,10757,10783,10598,10310,10319,10405,10233,10250,10150,10149,10087,9893,9947,9806,9592,9516,9528,9363,9491,9381,9164,9240,9057,9012,9120,9109,8780,8722,8768,8560,8719,8444,8628,8481,8438,8388,8304,8011,8001,8124,8062,7929,8024,7842,7790,7669,7651,7860,7582,7633,7559,7495,7581,7342,7266,7326,7302,7176,7358,7210,7135,7286,7238,7296,7257,7587,8465,0,
309248,141022,123625,111255,101599,94585,88093,83900,79320,76385,73536,71030,67977,65807,63924,61867,59834,57974,56164,55032,53794,51821,50375,49133,47716,47196,45260,43803,43049,41997,40651,39810,38910,38127,36986,35882,35042,34478,33687,33283,32220,31700,30587,30382,29332,28826,28277,28046,27123,26708,26173,25679,25238,24730,24353,24066,23568,22950,22657,22447,21874,21596,21371,20813,20891,20576,20140,19731,19523,19218,18894,18606,18478,18239,17945,17818,17511,17168,17207,16702,16564,16680,16360,16018,15992,15830,15755,15360,15407,14999,15005,14885,14542,14683,14449,14313,14101,13938,13915,13933,13541,13644,13372,13354,13215,13142,12838,13123,12770,12648,12510,12447,12434,12346,12106,12101,11965,11856,11720,11673,11650,11454,11360,11243,11339,11247,11024,11048,10907,10852,10579,10821,10474,10524,10399,10358,10340,10002,10145,10079,9992,10017,9784,9979,9760,9744,9562,9481,9345,9467,9139,9376,9252,9129,9026,9173,8861,8738,8639,8710,8560,8763,8543,8336,8368,8407,8442,8339,8050,8261,8024,8237,7990,7873,7936,7878,7720,7777,7556,7616,7549,7562,7517,7391,7217,7211,7297,7392,7327,7265,7177,7106,7256,6935,7134,7188,7156,7362,8325,0,
305959,139170,123032,109404,101058,93344,87035,82469,78827,75602,73123,69571,67425,65439,63134,61083,59075,58045,56020,54398,52507,51365,50056,48985,47600,46003,44880,43741,42825,41428,40524,39474,38181,37660,36744,35748,35108,34210,33100,32682,32152,31270,30935,29881,29156,28692,27918,27567,27059,26474,25988,25445,24842,24365,23999,23542,23190,22987,22529,21820,21583,21386,21027,20622,20307,20118,19627,19490,19427,19018,19000,18671,18025,17992,17873,17601,17280,17075,16918,16719,16450,16111,16247,15982,15964,15733,15491,15290,15155,15040,14802,14495,14637,14371,14150,14131,14214,13909,13620,13452,13451,13241,13398,13142,12889,12927,12793,12596,12927,12388,12245,12190,12159,12152,11891,11790,11863,11527,11717,11515,11314,11276,11380,11131,11244,11084,10949,10862,10878,10717,10603,10624,10383,10240,10305,10154,10071,10101,10081,9960,9829,9959,9536,9673,9564,9624,9355,9307,9336,9335,9196,9122,9026,8921,8887,8924,8945,8989,8724,8779,8339,8531,8571,8396,8511,8238,8279,8152,8119,8038,8025,7976,7942,7857,7806,7503,7653,7765,7606,7484,7362,7326,7428,7325,7384,7341,7361,7322,7088,7002,7184,7103,7019,7045,7166,7051,7254,7475,8512,0,
303242,138331,121352,109062,100002,91979,86643,81966,78061,74617,71978,69305,66337,64278,62713,60485,59099,57401,55589,53627,52455,50656,49240,48494,46610,45709,44671,43028,42593,40996,40459,39235,38310,36869,36315,35426,34857,33683,33273,32352,31371,30856,30248,29874,29190,28423,28039,27318,26831,26032,25584,25024,24759,24408,24092,23483,23250,22482,22314,21723,21495,21167,20851,20397,20679,20047,19656,18988,19095,18655,18644,18216,18202,17916,17611,17394,17163,16844,16839,16630,16401,16138,16003,15708,15757,15448,15227,15157,14916,14814,14693,14239,14315,14071,14084,14007,13862,13814,13505,13549,13333,13175,13110,12945,12911,12826,12545,12539,12520,12429,12508,12036,12040,11955,11974,11808,11676,11475,11586,11463,11303,11274,11006,11166,10939,10957,10890,10819,10411,10792,10579,10319,10452,10185,10429,10197,10086,9975,9802,9858,9895,9667,9577,9490,9593,9310,9506,9405,9243,9197,8950,9063,8896,8919,8945,8826,8734,8811,8537,8609,8609,8348,8397,8236,8128,8211,8252,8128,7958,7922,7935,7788,8051,7694,7763,7567,7634,7569,7466,7424,7527,7194,7339,7078,7219,7176,7107,7128,7038,6928,6890,6892,6874,6989,6902,7062,7057,7214,8400,0,
300070,136145,119855,107955,98739,90905,85201,80575,77287,73431,70649,68357,65845,63032,61546,59497,57541,56031,54356,52750,51529,50307,48752,47483,46141,45212,43765,42936,41500,40784,39481,38483,37779,36448,35651,35232,34289,33658,32324,31829,31307,30437,29945,29140,28716,27917,27477,26776,26320,25828,25351,24958,24782,23802,23804,23057,22542,22268,21900,21721,21258,21023,20549,20297,19894,19848,19226,19190,18804,18686,18290,17936,17558,17817,17082,17254,16826,16706,16583,16418,16259,16053,15974,15659,15464,15420,15213,15050,14735,14461,14463,14414,14223,14002,14010,13735,13743,13652,13255,13227,13238,12928,12735,12685,12740,12502,12337,12400,12010,12224,12042,12130,11712,11791,11580,11478,11470,11456,11355,11357,11233,11106,11061,10926,10871,10749,10668,10573,10361,10321,10404,10215,10423,10005,9997,9968,9916,9691,9765,9693,9622,9484,9494,9497,9329,9267,9277,9201,8893,9088,8953,8938,8751,8538,8727,8869,8562,8518,8611,8283,8497,8253,8304,8001,8069,8078,7958,7953,7777,7961,7802,7636,7585,7610,7418,7561,7454,7593,7348,7365,7380,7192,7275,7327,7255,6980,6915,6863,7017,6861,6893,6807,6819,6600,6840,6993,6991,7243,8183,0,
295269,134091,118088,106478,96951,89942,84533,79911,76082,72436,69490,67254,64621,62742,60765,59277,56803,55629,54168,52592,50953,49337,48332,46890,45340,44000,43289,42372,41059,39944,38573,37888,36920,36535,35462,34730,33575,32970,32151,31357,30914,30343,29491,28806,28230,27554,27059,26418,26013,25584,25071,24357,24255,23728,23310,22778,22614,22126,21809,21253,21287,20666,20392,20006,19757,19523,19064,19053,18691,18450,18176,17533,17611,17374,17034,16906,16701,16571,16407,16171,15982,15978,15515,15499,15439,15152,14693,14661,14692,14641,14242,14035,14003,13823,13865,13453,13566,13431,13059,12845,13027,12812,12735,12600,12421,12513,12245,12296,12053,12150,12170,11750,11750,11656,11659,11464,11386,11093,11246,11121,11018,10738,10896,10854,10596,10543,10494,10407,10186,10270,10100,10038,10037,10018,9972,9762,9689,9635,9440,9366,9592,9293,9390,9262,9420,9193,9150,9044,8882,8897,8811,8922,8529,8742,8598,8466,8631,8382,8347,8240,8143,8111,7960,8035,7969,7884,7901,7969,7706,7673,7682,7535,7482,7545,7454,7425,7378,7466,7277,7107,7199,7201,7041,7037,7036,7037,7025,6786,6772,7015,6769,6783,6503,6807,6786,6652,6936,6990,8100,0,
289799,131621,115649,104423,94977,88701,82648,78741,74655,71339,68344,65814,63697,61959,59903,57784,55927,54465,53203,51516,49760,48426,47144,45951,44665,43591,42553,41140,40097,39247,38218,37177,36342,35435,34465,33704,33116,31950,31741,30734,29900,29632,28875,28364,27628,27067,26392,25946,25180,25078,24570,24216,23860,23151,22798,22845,21954,21708,21396,21079,20514,20570,19917,19923,19172,19038,18785,18425,18259,18013,17656,17694,17153,17183,16863,16547,16382,16367,15989,15896,15645,15492,15318,14986,14867,14910,14621,14460,14454,14025,14101,14021,13777,13751,13475,13361,13264,13068,12822,13005,12722,12715,12650,12433,12405,12139,12053,12148,11772,11838,11780,11589,11394,11414,11488,11180,11208,11208,10848,10974,10938,10754,10556,10478,10420,10418,10375,10266,10161,10111,9993,9912,9869,9883,9719,9530,9631,9496,9504,9548,9223,9289,9182,9071,9154,9108,8901,9002,8735,8854,8624,8695,8794,8515,8713,8392,8319,8013,8252,8102,8062,8092,8020,7891,8031,7829,7735,7679,7610,7588,7592,7477,7503,7425,7261,7251,7151,7301,7073,7010,7029,6951,7001,6847,6942,6976,6637,6778,6725,6717,6566,6740,6480,6540,6343,6623,6701,6938,7838,0,
285855,129822,114033,102530,93779,87171,80982,76866,73627,69911,67253,64856,62769,60643,58807,56847,55390,53926,52048,50836,49220,47560,46567,45262,43715,42714,41740,40785,39651,38392,37845,36919,35792,34841,34477,33519,32924,31597,31030,30313,29645,29171,28747,27930,27378,26828,26154,25590,25353,24400,24063,23877,23567,22729,22461,22176,21765,21479,21197,20708,20159,19963,19379,19172,18899,18623,18256,18330,18038,17562,17316,17043,16603,16837,16388,16274,16034,15996,15631,15771,15390,15028,14851,14737,14764,14686,14138,14031,13966,13977,13482,13774,13439,13349,13141,13082,12875,12993,12622,12527,12436,12280,12506,12263,11972,11802,11842,11721,11500,11637,11377,11347,11018,11271,11083,10911,10826,10737,10613,10689,10754,10325,10617,10323,10336,10178,10255,10276,9801,9846,9856,9728,9530,9577,9446,9491,9270,9366,9243,9222,9150,9044,9089,8899,8931,8646,8722,8654,8626,8569,8436,8508,8323,8309,8443,8127,8134,8262,8055,7882,8016,7916,7965,7684,7701,7596,7715,7580,7353,7564,7399,7233,7244,7260,7239,7186,6871,7015,6915,7095,6879,6900,6779,6795,6724,6772,6779,6849,6543,6560,6508,6513,6623,6496,6549,6591,6678,6863,7797,0,
279202,127149,111972,100516,92127,85519,79755,75780,71638,68349,66016,63680,61081,59581,57495,55963,54304,53151,51040,49478,48280,46884,45127,44573,43226,42273,41095,39763,38844,37744,37020,36154,35012,34171,33529,32888,31432,31374,30655,29908,29092,28621,27903,27300,26667,25830,25604,24904,24560,24175,23377,23448,22843,22548,21962,21436,21187,20753,20735,20386,20233,19711,19193,18898,18536,18273,18073,17906,17750,17492,16938,16893,16549,16465,16267,16007,15698,15483,15572,15193,15191,14904,14910,14722,14470,14398,13844,13908,13568,13578,13444,13188,13190,13125,12984,12804,12691,12660,12600,12379,11970,12197,12022,11858,11894,11790,11735,11471,11333,11380,11185,11185,11031,10815,10932,10852,10829,10571,10625,10350,10483,10133,10263,9889,10193,9786,10021,9844,9731,9642,9735,9563,9586,9414,9338,9234,9141,9103,9126,9012,8939,8969,8866,8744,8738,8685,8618,8457,8318,8294,8281,8262,8225,8080,7901,7940,8080,7755,7797,7860,7782,7663,7652,7745,7716,7556,7441,7434,7469,7165,7386,7302,7113,7124,6935,7015,6879,6949,6753,6753,6874,6684,6508,6791,6770,6587,6580,6370,6361,6343,6291,6338,6401,6231,6190,6358,6428,6828,7559,0,
274529,124915,109667,98331,89820,83905,78442,74062,70890,67656,64995,62054,60184,58431,56157,54887,53646,51683,50264,48719,47208,46192,43987,43603,42606,40757,40223,38946,38371,37075,36346,34941,34635,33480,32897,32053,31200,30522,29946,29015,28405,27864,27452,26752,25955,25578,25109,24796,24039,23515,23198,22489,22473,21891,21460,20980,20676,20279,20017,19846,19316,19074,18870,18662,18217,18024,17932,17419,16993,16997,16743,16467,16501,16171,15875,15727,15578,15188,15068,14874,14513,14374,14322,14341,13950,13984,13495,13458,13431,13397,13144,13038,12866,12544,12529,12437,12348,12394,12188,12043,11828,11944,11579,11679,11616,11284,11232,11368,11122,11095,10983,10729,10786,10653,10610,10697,10409,10362,10159,10080,9977,10002,10039,9829,9900,9704,9725,9591,9505,9372,9219,9338,9240,9419,9166,9010,8901,8868,8822,8891,8839,8726,8571,8602,8435,8450,8374,8291,8210,8137,7940,8032,7859,8040,7859,7938,7773,7610,7796,7434,7485,7544,7507,7375,7317,7191,7190,7133,7020,6977,7084,7036,6893,6817,6777,6786,6717,6713,6697,6684,6550,6615,6604,6342,6356,6418,6247,6281,6378,6201,6237,6025,6128,6094,6206,6192,6329,6467,7165,0,
266815,121835,107137,95585,87788,81552,76297,72201,68766,65474,63323,61170,58823,57001,54991,53198,51739,50123,49199,47471,45954,44989,43167,42727,41233,40135,38931,38122,36800,35912,34798,34471,33702,32856,31791,31181,30147,29741,28937,28244,27529,27478,26344,26179,25642,24910,24695,23964,23595,23299,22530,21999,21615,21318,21064,20894,20382,19796,19430,19377,18895,18760,18205,18270,17606,17534,17396,17167,16706,16457,16438,16125,15668,15683,15346,15045,15115,14798,14521,14425,14361,14100,14074,13891,13550,13607,13241,13295,13048,12839,12693,12567,12608,12309,12253,12162,12100,11946,12029,11805,11830,11542,11347,11510,11199,11072,11171,10819,10903,10739,10852,10532,10452,10462,10287,10217,10355,10121,9997,9913,9827,9721,9602,9630,9568,9462,9453,9563,9165,9256,9106,8978,8975,8804,8976,8570,8725,8585,8586,8522,8567,8517,8292,8314,8228,8115,8118,8212,8020,7953,7726,7869,7655,7622,7674,7671,7421,7538,7493,7334,7300,7387,7398,7073,7186,7075,6993,7011,7148,6838,6808,6799,6827,6734,6707,6754,6622,6457,6440,6418,6321,6322,6308,6247,6241,6161,6233,6147,6132,6174,5946,6028,6010,5959,6036,5950,6044,6276,7088,0,
259225,117781,103645,93349,85004,79040,73879,70115,66901,64032,61374,59434,57015,55170,53509,52078,50275,48574,47268,45891,44977,43536,42412,41413,40495,38798,38242,37069,35974,35271,34330,33249,32434,32094,31092,30322,29269,29013,28260,27832,27068,26504,25874,25376,24804,24476,23839,23426,22778,22524,22094,21588,20992,20755,20265,19971,19502,19294,18991,18729,18311,18036,17854,17472,17127,17051,16459,16353,16415,15932,15800,15420,15422,15345,15155,14941,14490,14276,14052,14229,13610,13745,13441,13403,13382,13241,13219,12855,12670,12342,12247,12128,12245,11981,11915,11808,11684,11649,11511,11485,11359,11452,10974,10838,10868,10771,10595,10760,10576,10455,10413,10174,10190,10172,9904,10150,9905,9812,9637,9556,9631,9400,9271,9473,9347,9050,9028,9116,9041,8997,8803,8814,8703,8749,8552,8568,8331,8507,8376,8317,8183,8181,8025,8028,7913,7788,7770,7903,7813,7626,7542,7638,7525,7446,7392,7314,7392,7410,7277,7150,6979,6972,6861,7000,6937,6820,6816,6672,6663,6694,6799,6623,6570,6577,6354,6148,6289,6169,6335,6293,6119,6111,6115,6004,5978,6089,5794,6090,5884,5866,5764,5808,5873,5741,5839,5870,6010,6106,6799,0,
251136,114403,100439,90295,82376,76638,71813,67706,64806,62417,59306,57395,55082,53526,51366,50341,48526,47108,45692,44652,43440,42007,40974,39671,38699,37778,36606,35790,34843,34171,33311,32342,31558,30741,29798,29480,28986,27868,27148,26738,26278,25473,24823,24339,23792,23642,22686,22594,22037,21651,20965,20630,20343,19968,19620,19031,19027,18673,18279,17987,17931,17291,17222,16768,16659,16451,16050,16103,15677,15376,15309,15097,14706,14673,14428,14374,14131,13857,13676,13521,13353,13639,13188,12884,13014,12872,12474,12547,12032,12469,12067,11821,11747,11548,11589,11520,11266,11184,11053,11011,10691,10859,10663,10587,10675,10400,10323,10096,10182,10068,10085,10097,10009,9666,9741,9605,9507,9361,9490,9442,9130,9106,9059,8898,9028,8956,8830,8828,8632,8562,8398,8501,8438,8363,8125,8152,8077,8179,8018,7902,7948,7693,7949,7812,7581,7706,7546,7521,7445,7439,7339,7348,7272,7376,7264,7077,7090,6984,6802,6783,6962,6795,6796,6699,6651,6496,6518,6445,6494,6291,6416,6405,6360,6188,6068,6232,6075,6088,5972,6069,5735,5834,5755,5872,5737,5935,5965,5754,5678,5793,5706,5522,5638,5605,5728,5534,5886,5831,6715,0,
242468,110723,96700,87184,79819,73517,69116,65381,62412,59814,57230,54964,52903,51710,50069,48550,46706,45493,44165,43038,41931,40669,39424,38548,37452,36498,35464,34818,33426,32802,31773,31209,30350,29857,28863,28071,27820,26949,26348,25965,25198,24643,23963,23608,23024,22489,22141,21329,21117,20678,20287,19934,19701,19376,18952,18470,18520,18206,17879,17426,17037,16741,16507,16192,16041,15799,15566,15284,15124,14837,14694,14486,14349,14058,13756,13758,13607,13433,13206,13046,13089,12705,12492,12568,12386,12304,11913,11918,11622,11742,11722,11470,11304,11207,11043,10868,10875,10850,10548,10519,10513,10444,10432,9954,10079,10217,9992,9824,9880,9578,9696,9567,9369,9428,9239,9315,9140,8912,8981,9103,8929,8733,8635,8644,8599,8548,8438,8318,8122,8442,8172,8124,7984,7843,7941,7768,7797,7747,7602,7535,7568,7537,7414,7339,7319,7446,7404,7316,7205,7070,7129,6863,6995,7032,6943,6865,6766,6728,6900,6614,6603,6576,6688,6523,6320,6463,6193,6291,6132,6095,6156,6036,5851,6025,5976,6095,5976,5817,5818,5723,5687,5605,5710,5704,5642,5623,5578,5400,5439,5520,5519,5457,5233,5304,5382,5348,5461,5728,6361,0,
232531,105868,93770,83234,76142,70821,66488,63009,59332,57072,54699,52968,51207,49732,47841,46757,45392,43789,42433,41343,40332,38708,38001,37010,35811,34969,34294,33253,32017,31138,30351,29810,28785,28233,27923,26976,26414,25735,25260,24698,24293,23692,23100,22660,22279,22128,21084,20949,20222,20288,19734,19008,18826,18919,17983,17913,17170,17168,16858,16710,16416,16108,15893,15527,15285,15089,14916,14502,14614,14299,14305,13941,13693,13404,13345,13232,13068,12860,12805,12421,12327,12039,12013,11892,11695,11786,11539,11359,11359,11143,10864,11073,10783,10751,10659,10479,10573,10284,10207,10041,9832,9774,9941,9884,9591,9705,9550,9328,9284,9108,9385,9115,9058,8976,8865,8753,8759,8740,8538,8559,8387,8270,8450,8305,8197,8146,8026,7971,8018,7764,7706,7807,7607,7580,7601,7516,7441,7372,7488,7396,7207,7155,7104,6963,7053,7116,6911,6867,6805,6889,6854,6679,6673,6572,6580,6455,6260,6480,6099,6406,6278,6226,6130,6082,6082,6000,5962,5897,6053,5801,5787,5683,5679,5899,5731,5683,5605,5683,5522,5645,5551,5494,5250,5297,5366,5384,5336,5321,5190,5148,5216,5105,5247,5183,5270,5178,5349,5435,6205,0,
221701,101207,88602,79753,73157,67698,63394,60348,57132,54785,52514,50478,48638,47399,45769,44222,43129,41921,40601,39560,38310,37674,36515,35379,34194,33548,32368,31503,31015,29894,29129,28509,27926,27434,26654,25993,25249,24903,24276,23838,22928,22408,22050,21893,21214,20853,20147,19865,19553,18874,18797,18497,18038,17902,17590,17202,16862,16462,16140,15962,15489,15565,15017,15128,14738,14483,14294,14003,13778,13698,13400,13093,13125,12922,12738,12587,12142,12217,12105,11933,11826,11476,11678,11340,11049,11163,11015,10786,10626,10705,10528,10361,10346,10160,10253,10021,10042,9823,9713,9649,9481,9670,9419,9318,9168,9158,8998,8793,8877,8806,8761,8579,8647,8671,8421,8461,8270,8166,8209,8140,8179,7836,7896,7891,7873,7881,7613,7629,7562,7723,7301,7463,7300,7117,7072,7215,7015,7046,6735,6963,6986,6873,6821,6833,6885,6584,6604,6545,6342,6600,6410,6324,6376,6125,6246,6123,6034,5968,5876,6019,6005,6008,5831,5855,5944,5739,5750,5535,5606,5511,5478,5571,5517,5453,5499,5349,5331,5276,5291,5168,5222,5047,5114,5138,5109,5046,4961,4976,5048,5047,4758,4829,4886,4744,4889,4974,5116,5170,5767,0,
211548,96354,84887,76315,69707,64512,60311,57450,54126,52046,50241,48159,46472,44590,43286,42412,41059,39553,38866,37615,36445,35346,34809,33550,32457,31748,30662,30271,29240,28521,27733,27148,26651,25968,25257,24641,23815,23469,22716,22336,21837,21524,21079,20382,19875,19800,19243,18852,18396,17937,17721,17378,16966,16689,16346,16182,15598,15479,15283,15028,14631,14629,14413,14108,13778,13761,13244,13244,13129,12934,12559,12430,12363,12324,11943,11762,11576,11649,11565,11026,11179,10956,10845,10599,10715,10467,10330,10163,10080,10230,9979,9745,9795,9693,9554,9225,9459,9120,9271,8918,8764,8927,8779,8702,8676,8438,8392,8378,8364,8171,8299,8005,8166,7973,7884,7832,7676,7646,7627,7548,7503,7597,7459,7417,7311,7297,7180,7322,7243,6998,6903,6926,6914,6945,6717,6920,6771,6593,6548,6510,6413,6378,6412,6235,6169,6208,6149,6246,6065,6095,5970,5946,5919,5898,5782,5751,5835,5677,5720,5638,5542,5603,5591,5547,5416,5373,5306,5427,5338,5218,5307,5178,5032,5093,5289,5067,4928,4982,5046,4983,4986,4902,4760,4950,4836,4801,4799,4780,4612,4619,4772,4733,4652,4601,4653,4616,4833,4807,5543,0,
198207,90417,79541,70697,65106,60389,56698,53536,51248,48626,46958,45525,43509,42037,40994,39344,38502,37243,36281,35297,34101,33143,32331,31573,30639,29816,29147,28331,27931,26857,26294,25529,24821,24245,23864,23088,22495,21787,21452,20960,20353,20112,19466,19278,18799,18525,17962,17600,17211,16961,16716,16475,15992,15756,15347,15151,14838,14683,14365,14211,13713,13500,13332,13264,13110,12646,12520,12205,12365,11930,11840,11570,11392,11468,11293,11101,10849,10925,10512,10416,10479,10170,10139,10115,9976,9895,9652,9455,9378,9327,9170,9031,8962,8940,8895,8829,8684,8613,8285,8349,8298,8334,8111,8130,7918,7957,7921,7851,7824,7650,7641,7592,7508,7415,7336,7406,7259,7299,7228,7130,7068,6952,6944,6701,6908,6799,6658,6762,6509,6561,6612,6609,6377,6455,6347,6365,6208,6274,6176,5992,5889,6001,5852,5931,5889,5801,5907,5784,5764,5666,5463,5654,5559,5438,5339,5453,5460,5415,5336,5305,5310,5142,5163,5173,5192,5110,5034,5001,5038,5022,4898,4960,4826,4747,4752,4789,4721,4687,4763,4646,4513,4598,4577,4397,4518,4468,4529,4554,4458,4356,4338,4313,4282,4468,4355,4417,4430,4510,5175,0,
183729,83707,73841,66308,60335,56105,52512,50138,47356,45259,43721,41935,40630,39246,37925,36569,35885,34760,33667,32534,31741,30931,30095,29382,28419,27679,27000,26234,25426,25091,24403,23803,23019,22256,22209,21388,20894,20457,19792,19417,19038,18370,17997,17880,17406,16898,16739,16426,15767,15767,15433,15064,14930,14344,14270,14015,13799,13455,13119,12999,12773,12349,12386,12202,12093,11719,11574,11240,11480,10967,10884,10705,10609,10361,10440,10234,9954,9807,9736,9839,9514,9441,9300,9163,9238,9019,8888,8870,8694,8720,8405,8521,8450,8340,8036,8207,7902,7972,7911,7758,7698,7634,7447,7401,7391,7372,7170,7165,7058,7003,7063,7005,6810,6730,6810,6643,6666,6622,6668,6613,6461,6445,6547,6404,6242,6213,6152,6008,6134,5986,6113,5904,5808,5965,5824,5912,5806,5718,5541,5713,5520,5660,5548,5548,5193,5390,5248,5278,5328,5337,5138,5122,5052,5175,5064,4927,4915,5016,4910,4928,4725,4857,4741,4690,4838,4573,4561,4598,4646,4489,4501,4595,4511,4566,4310,4291,4332,4337,4449,4334,4336,4342,4175,4272,4273,4103,4054,4136,4171,4121,4019,3974,4047,3934,4047,4208,4105,4199,4764,0,
167521,76652,67270,60287,55486,51478,48232,45351,43189,41387,39769,38431,36839,35665,34687,33381,32359,31673,30623,30108,29225,28367,27054,26312,25831,25090,24540,24093,23257,22605,21854,21547,21048,20758,19751,19261,18888,18789,18208,17472,17093,16802,16590,16081,15489,15453,15047,15000,14634,14152,14173,13567,13195,12911,12841,12734,12322,12164,11891,11583,11486,11422,11126,11019,10719,10513,10497,10147,10098,9901,9843,9709,9445,9342,9315,9189,9096,8865,8793,8785,8601,8310,8391,8316,8230,8154,8045,7929,7809,7860,7594,7431,7465,7448,7505,7483,7246,7109,7048,7083,6903,6823,6942,6712,6735,6675,6745,6606,6565,6421,6312,6438,6381,6235,6043,6146,6013,6155,5960,5896,5822,5858,5716,5805,5760,5683,5672,5582,5605,5598,5408,5445,5397,5310,5277,5261,5223,5272,5114,5079,5118,5098,5090,4906,5033,4895,4802,4846,4924,4688,4657,4719,4719,4559,4537,4538,4702,4553,4504,4421,4554,4382,4356,4405,4340,4248,4261,4252,4114,4185,4062,4115,4135,4058,4063,4031,4098,3967,3942,3936,3915,3748,3816,3821,3821,3779,3732,3754,3765,3719,3736,3743,3679,3738,3694,3768,3774,3937,4396,0,
149404,67583,59773,53571,48588,45674,42438,40415,38591,36473,35302,33924,32760,31626,30678,29673,28573,28050,27441,26706,25718,24901,24175,23677,22684,22437,21912,21239,20499,20044,19542,19091,18462,18144,17706,17117,16675,16351,16022,15433,15107,14868,14543,14238,13756,13604,13045,12925,12834,12435,12292,12217,11549,11513,10992,11031,10802,10640,10547,10251,10152,9975,9693,9832,9523,9278,9089,9048,8983,8634,8673,8560,8360,8321,8221,8151,7851,7937,7748,7697,7703,7482,7439,7510,7009,7094,6955,6921,6840,6734,6713,6547,6673,6504,6498,6365,6370,6351,6382,6276,5958,5995,5767,5975,5950,5826,5750,5719,5814,5761,5561,5671,5512,5548,5462,5395,5409,5213,5255,5182,5133,5119,4974,5036,5179,5088,4999,5108,4956,4970,4915,4815,4863,4778,4758,4732,4715,4597,4498,4596,4587,4402,4521,4439,4364,4383,4521,4297,4324,4274,4275,4145,4227,4160,4102,4134,4088,4101,4067,3947,3948,3945,3922,3890,4008,3818,3886,3821,3915,3761,3723,3714,3746,3659,3603,3699,3652,3612,3555,3627,3532,3520,3610,3507,3474,3472,3364,3459,3508,3387,3409,3396,3415,3408,3342,3367,3437,3674,3913,0,
127163,58192,50881,45772,41651,38701,36427,34229,32512,31152,29787,28784,27685,27074,26290,25100,24409,23663,23107,22194,21807,20888,20386,20011,19322,18943,18220,17724,17326,16920,16479,16152,15445,15387,14742,14518,13954,13772,13394,13015,12901,12286,12103,12049,11598,11478,11213,10701,10652,10523,10301,10069,9789,9557,9408,9183,9004,8755,8805,8387,8492,8322,8159,8008,7936,7782,7667,7469,7373,7292,7213,7222,7100,6953,6821,6877,6616,6637,6626,6497,6444,6292,6185,6256,6272,5964,5989,6000,5804,5913,5663,5694,5677,5592,5583,5497,5366,5491,5373,5432,5345,5166,5127,5247,5192,4991,4942,4993,4904,4907,4857,4851,4822,4685,4694,4615,4550,4679,4483,4539,4524,4516,4525,4442,4497,4398,4267,4428,4373,4284,4324,4214,4216,4179,4177,4128,4180,4125,4077,4066,4006,3871,3966,3839,3849,3734,3982,3934,3829,3868,3823,3770,3776,3711,3600,3551,3594,3611,3642,3480,3632,3595,3503,3506,3437,3513,3410,3427,3502,3459,3414,3298,3392,3391,3288,3322,3193,3216,3121,3186,3183,3102,3225,3073,3156,3217,3120,3204,3081,3122,3073,3000,3049,3156,3088,3006,3204,3186,3579,0,
99379,45500,39609,35732,32677,30084,28475,26863,25796,24352,23353,22435,21990,20825,20548,19786,19057,18509,18207,17636,16845,16466,15904,15399,15103,14426,14092,13665,13416,13080,12526,12258,11893,11518,11177,11053,10514,10244,10043,9955,9646,9385,9436,8868,8901,8552,8253,8437,8022,7865,7770,7461,7450,7446,7158,7165,7078,6827,6666,6750,6563,6252,6278,6192,6158,6035,5945,6032,5763,5766,5613,5452,5509,5500,5488,5408,5305,5272,5107,5058,5145,5029,5075,4965,4931,4823,4743,4704,4735,4736,4641,4557,4592,4507,4684,4577,4486,4363,4446,4306,4248,4311,4172,4152,4243,4221,4215,4060,4111,4107,4020,4057,4019,3975,3953,3942,3925,3818,3900,3763,3905,3883,3690,3778,3827,3728,3612,3653,3690,3688,3746,3534,3493,3680,3699,3584,3534,3522,3379,3419,3395,3416,3425,3398,3395,3346,3289,3313,3196,3256,3298,3304,3158,3167,3149,3214,3113,3156,3077,3139,3136,3024,3149,3001,3057,2902,3062,2917,2976,2864,2978,2900,2915,2841,2950,2830,2900,2835,2798,2801,2859,2849,2782,2794,2732,2772,2716,2615,2702,2729,2689,2624,2650,2698,2694,2677,2771,2711,3322,0,
54484,24708,21422,19266,17853,16548,15395,14595,13864,13411,12673,12212,11734,11524,11139,10618,10257,9934,9821,9477,9153,9003,8517,8299,8229,7823,7863,7643,7600,7156,6987,6913,6904,6587,6523,6531,6368,6172,6163,6016,5829,5857,5701,5633,5473,5355,5419,5224,5120,5018,5028,4979,4973,4860,4773,4710,4635,4511,4542,4471,4495,4408,4475,4297,4341,4319,4274,4059,4077,4090,4029,4028,3959,3954,3957,3863,4043,3881,3789,3843,3788,3829,3926,3793,3707,3660,3658,3664,3648,3603,3553,3533,3469,3530,3590,3489,3404,3431,3519,3390,3382,3355,3238,3242,3358,3205,3399,3288,3204,3288,3306,3183,3206,3215,3274,3205,3118,3110,2932,3069,3117,3131,3124,3059,3050,2981,3026,2962,2985,2987,2955,2986,2881,2935,2898,2916,2981,2886,2899,2822,2756,2722,2769,2866,2828,2762,2816,2704,2807,2767,2713,2783,2673,2758,2685,2701,2697,2618,2747,2691,2602,2637,2659,2568,2683,2628,2572,2555,2465,2492,2523,2471,2513,2543,2471,2480,2469,2422,2463,2379,2413,2387,2352,2428,2468,2448,2366,2407,2299,2247,2379,2385,2375,2266,2377,2313,2459,2425,2825,0,
132,117,185,233,292,339,409,494,585,554,671,743,886,932,1035,1083,1082,1252,1322,1419,1488,1576,1672,1729,1745,1842,1947,2020,2087,2105,2165,2225,2250,2268,2395,2349,2383,2475,2405,2421,2475,2501,2587,2606,2603,2662,2704,2623,2568,2667,2617,2638,2621,2569,2728,2740,2657,2638,2735,2759,2706,2638,2687,2611,2746,2718,2569,2675,2652,2644,2604,2630,2733,2672,2547,2665,2605,2583,2605,2618,2591,2634,2612,2548,2606,2560,2512,2571,2606,2607,2610,2547,2578,2605,2573,2520,2549,2578,2580,2521,2576,2535,2608,2534,2482,2455,2594,2507,2492,2502,2526,2453,2563,2569,2525,2487,2546,2442,2498,2421,2399,2476,2600,2528,2373,2459,2469,2455,2419,2449,2371,2443,2437,2392,2296,2385,2428,2364,2366,2344,2326,2344,2358,2268,2237,2300,2229,2257,2390,2318,2298,2292,2258,2351,2339,2162,2269,2291,2169,2228,2285,2117,2176,2231,2173,2200,2137,2195,2123,2252,2156,2135,2041,2144,2177,2076,2070,2145,2095,2022,2034,1919,2064,1995,2074,2033,1985,2009,2113,2017,1981,2106,1976,2025,2086,2030,2102,2125,2419,0,
64,37,31,63,54,66,66,97,72,91,127,136,149,150,157,206,213,206,263,246,265,294,319,360,395,385,440,479,494,500,560,599,637,681,707,779,750,895,832,951,924,1012,983,1080,1137,1128,1212,1228,1268,1218,1308,1356,1415,1365,1368,1449,1479,1517,1466,1547,1512,1527,1577,1549,1637,1650,1619,1637,1599,1659,1745,1666,1737,1752,1773,1839,1752,1820,1759,1798,1783,1763,1806,1857,1866,1843,1761,1865,1890,1804,1851,1934,1821,1918,1867,1877,1902,1934,1853,1935,1866,1925,1792,1950,1925,1883,1927,1900,1884,1970,1918,1923,1992,1957,1978,2036,1976,1932,1984,1976,1882,1994,1924,1974,2019,1892,1881,1891,1872,1935,1858,2006,1908,1955,1886,1829,1891,1917,1898,1930,1937,1920,1896,1869,1889,1950,1864,1872,1844,1948,1853,1884,1899,1881,1839,1960,1877,1833,1865,1878,1853,1843,1866,1908,1871,1741,1816,1754,1846,1816,1824,1805,1789,1853,1797,1868,1776,1741,1777,1821,1852,1727,1738,1721,1760,1744,1797,1725,1775,1764,1766,1760,1664,1736,1706,1735,1765,1809,2079,0,
67,30,45,48,53,51,53,55,56,71,74,90,87,97,114,107,125,120,154,119,151,187,165,209,202,234,304,243,252,288,313,313,313,327,356,354,368,418,423,417,475,472,517,532,504,609,611,611,639,672,690,642,800,705,741,782,863,924,838,893,922,944,956,1011,939,1028,975,1048,1057,1124,1085,1124,1138,1165,1183,1193,1221,1134,1199,1237,1223,1254,1211,1327,1276,1302,1304,1346,1288,1288,1363,1380,1333,1321,1393,1376,1375,1375,1392,1460,1401,1430,1416,1464,1387,1446,1438,1487,1483,1531,1474,1508,1502,1492,1483,1536,1542,1470,1500,1515,1554,1549,1573,1513,1523,1538,1588,1610,1527,1555,1638,1548,1611,1595,1468,1599,1581,1534,1631,1562,1660,1569,1536,1553,1583,1610,1613,1573,1590,1568,1505,1584,1619,1613,1613,1624,1550,1476,1536,1575,1600,1567,1641,1571,1586,1577,1556,1571,1587,1573,1561,1481,1557,1597,1546,1511,1561,1475,1479,1530,1588,1523,1492,1399,1529,1510,1504,1545,1533,1539,1586,1513,1551,1492,1490,1509,1550,1557,1717,0,
56,38,26,34,36,48,49,49,47,62,58,80,83,67,101,101,89,93,110,125,120,119,129,169,149,155,152,187,181,184,211,191,248,235,247,235,237,259,276,275,311,329,345,333,353,393,409,395,421,390,469,483,488,499,502,503,519,538,565,572,630,624,619,638,676,651,687,710,714,776,700,788,778,803,854,847,836,842,887,863,845,881,848,951,916,956,904,935,991,1014,1029,952,975,1116,985,1000,1106,1043,1045,1067,1110,1116,1187,1119,1099,1144,1108,1096,1158,1131,1182,1151,1138,1230,1128,1217,1179,1154,1240,1203,1245,1286,1203,1236,1263,1170,1288,1291,1328,1280,1288,1244,1232,1201,1291,1221,1270,1294,1332,1299,1272,1317,1312,1379,1298,1381,1239,1301,1293,1422,1287,1287,1330,1337,1294,1356,1319,1321,1301,1277,1293,1366,1314,1287,1303,1319,1263,1324,1407,1220,1395,1370,1253,1351,1319,1363,1260,1336,1298,1339,1323,1348,1373,1285,1319,1287,1314,1336,1303,1325,1303,1273,1367,1295,1311,1363,1324,1348,1506,0,
48,19,31,37,42,45,40,39,64,46,63,63,60,71,84,86,90,76,92,91,93,109,115,143,113,132,124,147,156,170,188,184,169,188,191,189,230,224,247,232,248,247,251,276,254,286,281,305,315,317,305,353,317,403,345,372,408,398,436,431,406,442,452,470,473,428,506,474,524,513,571,561,582,590,563,684,626,607,665,623,654,695,736,698,738,726,738,743,706,762,751,764,816,807,857,761,842,832,845,841,842,863,847,859,905,961,879,907,908,913,904,885,918,901,942,982,903,1002,957,975,981,967,1014,996,1026,1056,1053,1023,1027,1013,1035,1012,1104,1036,1042,1119,997,1073,1073,1119,1138,1106,1084,1004,1099,1056,1076,1135,1151,1161,1082,1140,1098,1072,1150,1147,1146,1118,1117,1119,1099,1141,1106,1131,1169,1095,1127,1127,1107,1198,1128,1146,1106,1063,1133,1164,1071,1127,1168,1114,1086,1104,1120,1101,1137,1121,1122,1170,1123,1131,1128,1136,1060,1135,1158,1119,1201,1229,1276,0,
48,26,34,32,59,30,44,42,46,47,58,51,58,78,64,77,81,89,84,80,93,83,103,116,90,119,134,134,123,120,137,145,142,150,158,142,163,166,189,201,186,205,257,203,223,230,214,265,231,266,252,261,255,301,299,302,310,330,344,314,351,349,370,372,371,374,384,357,436,399,436,463,474,438,427,484,492,493,533,474,525,539,545,539,535,528,516,574,609,608,555,617,599,603,634,658,621,670,626,675,697,627,697,705,673,710,698,708,761,762,719,757,734,761,816,811,805,749,775,751,868,816,790,840,848,806,799,843,829,860,785,850,910,894,842,872,877,860,936,875,868,949,932,935,896,915,938,943,970,900,934,902,929,923,1024,974,928,1024,951,989,992,969,922,941,977,986,989,963,1020,1039,975,977,1022,985,974,1024,1000,997,1028,939,996,978,945,1037,968,997,1021,983,1000,991,1009,974,981,1026,992,978,1025,1013,1156,0,
40,32,26,31,35,37,38,32,35,57,46,48,56,60,55,57,60,61,66,79,77,85,84,87,92,89,113,91,122,111,131,104,130,136,132,161,154,141,156,152,161,143,167,178,145,219,183,206,213,204,212,252,265,237,248,296,275,259,300,282,300,298,312,268,286,345,319,319,332,320,321,373,381,368,383,403,421,391,367,394,392,445,444,465,426,439,429,468,464,481,483,470,533,497,526,524,506,543,573,551,556,567,582,558,584,617,605,542,593,579,640,644,628,626,624,661,654,683,619,681,635,697,693,729,688,708,725,706,743,689,725,719,780,733,797,739,753,767,764,755,802,763,769,769,800,761,792,782,835,793,803,814,823,777,810,780,815,754,851,848,787,823,819,856,782,828,866,887,821,875,820,879,849,847,872,879,859,902,784,861,874,910,885,853,867,890,876,860,837,897,860,892,835,850,901,921,922,938,1066,0,
42,27,25,35,28,41,34,35,34,33,47,55,64,53,58,63,68,58,57,81,84,86,80,72,62,82,86,90,79,103,94,141,124,137,116,120,134,127,137,148,148,152,136,159,155,167,162,186,193,195,167,226,195,203,210,178,240,222,248,228,250,278,263,257,282,288,264,271,314,307,320,333,309,320,298,324,346,350,349,320,320,361,389,341,375,400,408,393,391,423,410,396,422,409,390,450,454,459,470,470,481,450,486,533,509,457,517,525,509,547,573,491,525,513,531,567,531,549,587,551,558,585,572,611,590,628,622,603,602,588,573,616,628,576,650,622,664,687,645,643,606,655,663,710,676,666,691,679,718,671,662,709,657,705,656,679,733,736,702,729,742,752,709,770,690,709,716,767,760,696,739,708,684,734,689,760,750,779,738,764,742,745,776,694,770,793,753,768,714,758,725,777,691,791,797,787,795,817,899,0,
46,29,19,33,32,22,29,28,27,39,47,45,38,50,45,49,44,52,47,60,77,69,59,69,82,91,96,90,92,113,111,106,98,111,106,107,129,136,135,136,115,148,143,156,149,170,143,170,153,165,169,202,185,215,191,192,189,213,225,224,220,191,219,222,226,238,235,271,268,245,269,242,248,263,271,282,232,281,305,290,304,302,316,302,324,326,306,360,351,336,364,334,363,398,380,370,380,358,400,388,388,420,445,394,422,426,414,426,437,460,422,434,436,439,471,468,502,478,430,462,505,495,520,511,517,536,500,503,523,556,553,530,539,570,550,544,597,568,572,580,620,556,595,607,560,634,598,574,590,608,599,589,584,598,630,654,620,647,617,624,648,610,590,630,606,671,647,665,639,674,661,635,671,652,641,641,653,674,664,701,670,650,657,670,659,666,606,660,657,713,609,661,710,654,638,681,667,705,796,0,
36,26,24,21,33,33,33,27,26,39,26,34,46,52,41,50,46,54,60,64,56,60,62,58,61,73,75,72,83,88,77,74,80,89,107,112,93,102,108,108,100,133,139,136,121,148,133,122,122,136,173,146,170,156,191,166,159,178,198,188,187,206,193,197,203,218,202,208,222,238,217,239,221,254,247,268,281,252,245,277,299,298,326,281,286,286,274,282,307,285,274,324,327,285,333,304,373,327,352,338,344,344,369,343,396,397,389,366,382,394,385,401,385,392,424,375,400,374,421,433,423,417,442,433,475,448,486,470,423,464,474,489,432,508,477,468,460,519,540,530,539,499,519,530,496,528,505,526,526,539,526,522,549,540,531,537,554,527,545,533,543,559,555,571,538,575,569,524,566,556,610,565,606,535,608,617,567,565,585,584,616,590,563,573,606,554,593,589,561,590,576,599,619,658,596,556,650,637,680,0,
36,29,30,17,21,22,23,37,38,37,54,41,36,35,37,50,54,58,58,46,42,60,63,55,56,52,62,71,85,70,80,89,81,95,87,87,97,112,91,99,108,106,114,119,122,134,116,123,107,148,147,145,146,152,156,173,160,172,165,179,171,174,191,191,183,207,173,198,223,187,188,197,222,212,218,226,220,212,262,251,233,242,249,301,273,269,222,275,257,276,280,301,233,286,287,278,293,341,287,291,341,333,324,321,351,326,344,317,363,329,354,319,361,343,337,345,335,349,352,400,391,379,389,417,388,410,431,407,363,407,449,441,426,403,418,457,430,427,443,452,426,472,440,429,450,446,463,463,448,438,477,450,453,489,486,492,500,534,540,444,455,514,515,489,502,504,534,502,523,516,518,524,566,556,521,516,541,514,534,537,510,523,503,523,568,536,490,505,493,507,508,473,543,552,549,521,542,510,652,0,
35,17,25,28,19,37,40,26,31,34,25,39,23,37,28,37,44,39,45,36,62,46,54,43,77,53,59,65,65,54,83,85,83,71,69,88,76,75,85,99,83,97,97,96,90,117,115,118,109,124,138,133,139,131,140,140,142,168,145,173,168,162,169,151,173,172,182,186,169,193,222,190,187,203,214,211,193,211,187,217,241,208,238,256,219,230,235,273,239,271,242,239,261,263,262,258,245,272,290,249,259,280,269,288,286,307,312,298,316,301,335,313,308,337,323,339,318,338,343,335,350,331,351,372,365,320,352,392,384,336,379,380,385,379,368,392,406,382,387,378,416,411,363,401,415,431,413,398,467,413,465,456,429,430,438,456,419,438,435,433,451,430,416,429,442,455,431,438,439,460,467,472,465,490,511,446,441,453,483,474,493,476,516,501,466,471,510,450,499,473,467,475,480,506,454,503,515,553,576,0,
37,19,26,17,26,21,31,29,25,28,35,24,33,32,26,53,34,38,49,43,41,50,55,51,60,71,69,49,68,57,74,67,70,76,68,66,64,83,83,105,95,71,94,98,80,88,116,103,97,106,114,109,127,118,127,90,121,124,158,139,145,162,134,144,145,154,159,145,171,186,193,156,172,193,197,195,183,182,172,192,193,211,211,183,198,201,207,199,204,212,224,232,234,219,273,225,230,256,229,236,244,245,276,263,269,270,254,304,255,326,277,285,293,272,265,268,296,313,287,292,316,314,317,335,314,298,332,301,310,336,329,336,327,308,316,354,333,336,370,379,347,369,372,369,342,348,392,386,357,383,403,381,402,378,377,407,406,401,431,411,368,348,402,394,390,427,429,417,386,424,404,428,426,416,422,407,416,392,406,424,445,412,448,426,424,428,442,452,419,402,433,427,389,447,455,390,443,467,490,0,
40,27,15,22,21,24,25,17,23,29,27,30,27,35,33,46,34,45,30,41,40,48,48,56,45,58,56,51,59,51,51,66,66,62,59,73,76,83,78,81,83,86,91,96,87,84,86,118,121,126,97,90,113,119,103,127,129,122,124,132,130,143,136,142,144,148,141,141,152,157,169,158,152,140,157,171,171,172,168,212,175,174,174,179,181,193,219,195,206,214,198,209,219,210,204,191,236,220,219,198,235,219,223,251,266,250,244,240,236,275,253,232,247,262,256,256,291,288,275,301,302,298,288,286,288,316,285,304,280,306,307,323,271,316,313,305,302,335,319,307,287,342,345,326,319,321,320,325,352,323,351,342,366,349,360,363,348,348,308,355,365,365,391,371,346,389,342,404,384,388,409,371,365,411,384,352,373,378,396,403,381,381,380,366,363,375,365,400,379,363,372,372,385,366,416,410,383,380,461,0,
37,29,11,18,20,26,24,23,19,31,20,30,40,31,35,27,43,40,38,43,44,39,49,46,44,46,41,47,50,50,63,52,51,70,52,81,68,81,75,80,70,71,101,88,84,93,91,105,95,94,93,94,104,121,99,115,116,112,119,115,144,123,126,135,139,137,145,124,131,140,124,160,142,157,148,146,167,148,152,149,175,175,186,170,172,164,190,200,188,189,182,182,224,212,209,198,215,210,214,227,225,226,215,219,206,201,237,223,201,262,192,239,242,253,236,248,251,248,276,252,263,264,230,276,242,261,248,273,269,286,241,268,253,284,276,298,279,310,269,277,298,301,271,291,332,288,322,293,294,304,347,287,343,300,317,315,308,324,318,327,334,370,337,336,338,319,308,324,377,347,310,377,325,334,320,362,326,378,338,339,342,361,354,346,373,339,377,369,336,379,379,354,361,309,378,361,356,365,468,0,
36,20,15,14,28,29,19,20,25,14,16,23,17,32,29,35,28,35,37,39,53,39,27,39,51,37,39,41,46,51,51,72,52,49,52,57,57,66,76,65,74,81,88,68,88,71,94,85,84,86,86,101,91,102,106,108,104,105,115,107,104,107,112,125,120,104,116,110,111,121,151,130,157,192,154,138,148,141,164,164,152,177,156,148,152,186,177,164,183,180,170,152,179,188,156,190,203,156,170,206,199,188,207,199,179,187,189,218,199,243,216,191,208,228,208,207,231,235,242,236,225,244,242,249,222,250,244,248,250,224,272,278,231,232,230,260,289,271,245,276,285,276,296,292,270,303,309,292,290,294,272,271,285,254,276,310,307,251,283,293,300,288,289,307,271,315,301,320,316,292,282,282,319,308,296,300,309,297,306,344,337,335,322,332,339,323,316,336,331,317,325,311,323,307,313,308,328,341,368,0,
30,13,20,15,22,22,29,23,26,29,17,31,25,39,29,22,29,30,34,39,34,30,50,40,48,46,32,42,35,53,37,52,59,64,57,68,55,58,64,66,69,66,78,65,68,70,82,73,89,78,76,90,87,82,95,96,113,101,98,112,103,93,124,101,104,115,106,131,106,132,141,142,144,136,153,142,124,111,131,128,169,137,149,141,144,133,157,162,148,153,160,168,201,183,171,138,165,178,182,149,170,202,163,196,206,208,205,207,224,195,188,220,197,219,203,194,212,219,194,202,204,226,207,230,212,215,209,234,245,233,256,242,230,226,258,244,227,236,271,276,274,248,279,250,238,264,257,275,268,221,255,246,225,232,257,264,252,266,255,259,248,268,296,273,276,286,268,308,279,294,285,275,273,280,281,281,311,323,263,282,254,278,267,308,257,279,291,314,295,270,268,279,324,328,308,296,288,308,372,0,
39,14,15,24,17,20,28,28,19,24,30,19,32,29,25,29,36,43,51,35,33,34,44,47,41,35,40,39,41,53,52,47,47,47,72,61,54,73,56,53,63,79,67,58,62,70,80,81,84,69,91,87,96,82,77,73,78,91,97,81,88,83,106,112,94,121,109,103,97,116,104,90,115,98,107,122,116,123,122,144,140,130,129,147,132,121,140,188,148,164,136,154,162,154,185,170,143,139,153,153,170,174,172,161,157,193,175,172,187,167,182,183,191,190,182,200,193,212,202,201,198,216,189,198,187,193,199,216,187,226,219,222,198,212,206,229,216,231,223,215,212,248,228,207,227,219,232,232,255,230,252,217,242,250,260,227,235,250,247,234,267,245,251,270,269,242,246,275,239,243,275,281,263,257,282,287,285,279,270,254,264,293,258,261,253,280,265,259,258,258,268,297,259,280,249,280,266,299,342,0,
28,23,14,19,17,14,21,10,21,20,20,21,19,25,30,29,31,28,25,32,41,28,32,32,30,28,36,35,36,48,44,32,49,52,51,45,51,52,43,59,53,54,73,63,68,65,76,76,95,87,71,100,83,77,77,80,74,90,75,102,100,97,86,88,85,103,79,87,93,105,103,120,117,82,115,117,112,114,99,128,148,130,136,116,147,127,128,125,133,160,137,134,160,151,166,134,146,155,167,173,152,155,171,176,151,157,156,187,166,177,183,185,189,180,155,196,169,175,196,182,184,183,192,186,220,207,177,181,202,186,214,190,208,208,212,195,221,211,191,213,215,214,203,199,199,224,228,206,202,218,210,249,186,251,239,243,217,240,257,253,249,251,251,228,247,222,251,228,242,237,237,240,256,232,260,262,229,258,227,243,232,260,269,261,246,253,246,234,237,238,273,229,253,281,250,267,257,276,303,0,
25,21,16,14,28,17,20,25,24,31,26,23,19,21,28,21,33,30,35,42,43,46,24,42,44,27,34,52,31,35,46,48,42,57,43,48,55,34,54,59,54,56,61,73,59,62,66,48,85,77,77,74,91,71,71,89,91,83,71,86,82,78,92,98,85,103,94,97,111,97,92,94,121,123,112,128,118,102,120,108,107,109,142,130,115,134,124,133,150,123,151,148,132,144,134,136,154,152,169,140,167,148,151,152,174,161,165,163,159,166,159,175,161,182,174,171,166,174,174,183,180,193,153,160,180,205,164,196,167,208,222,175,208,202,215,217,208,197,225,212,242,215,226,205,206,222,211,230,223,228,235,230,227,221,212,223,230,205,215,222,207,222,245,244,234,221,220,256,223,227,233,217,267,233,237,267,249,255,235,274,242,255,229,247,239,243,231,236,230,245,239,281,253,256,220,238,222,247,315,0,
