2,1,1,0,0,0,1,2,0,0,0,0,1,0,0,0,1,0,0,2,1,1,0,1,1,2,0,1,1,2,1,0,4,2,1,5,0,1,4,3,2,1,2,1,1,4,2,2,2,2,5,6,6,3,1,2,4,2,6,5,7,3,6,4,8,2,4,5,3,5,7,9,11,2,0,6,7,6,11,9,12,11,9,11,7,9,8,11,14,10,17,16,16,16,6,10,7,12,10,10,8,14,10,16,13,12,18,21,16,21,19,13,23,18,22,22,16,21,20,23,27,18,14,20,22,20,29,24,23,24,26,26,19,21,19,23,26,28,24,27,27,33,32,29,25,28,22,26,22,31,35,29,25,38,31,33,37,32,35,34,28,23,37,30,41,30,29,46,42,53,33,41,37,42,43,42,52,44,39,50,50,39,41,46,51,51,48,44,57,42,62,57,45,54,48,54,53,67,55,0,
1,2,4,1,1,2,2,1,3,1,0,4,0,1,1,0,1,3,3,4,0,2,1,3,5,4,4,0,0,2,1,6,3,0,3,3,6,8,8,2,4,5,2,3,12,2,2,9,7,8,6,9,8,3,6,5,5,3,2,8,9,6,7,12,8,9,8,7,16,11,5,7,6,5,6,4,8,12,12,16,12,7,16,17,15,10,17,17,9,12,18,21,15,13,16,15,19,15,16,25,20,17,21,28,22,17,19,21,23,23,21,23,23,23,11,22,21,28,25,24,22,28,30,37,29,21,24,14,34,18,37,30,32,28,25,29,32,35,52,38,20,30,34,40,41,34,48,34,29,31,42,43,27,42,35,48,39,40,49,40,41,36,36,48,52,51,32,64,42,44,49,52,54,55,42,46,56,49,51,54,45,43,53,46,67,56,43,53,64,49,50,69,60,62,53,56,50,49,52,0,
2,1,2,1,1,1,1,1,1,0,1,1,1,3,2,4,3,3,3,2,4,2,1,2,3,1,2,3,1,3,1,0,1,0,1,6,5,4,3,4,7,3,7,7,4,1,7,4,5,13,10,9,4,4,4,10,9,8,3,5,13,12,15,10,9,6,9,12,8,10,13,7,12,11,11,13,10,21,18,8,25,10,21,10,19,15,19,13,17,16,24,19,16,29,19,21,28,16,30,17,25,24,21,28,20,24,21,30,18,22,28,25,31,34,37,30,34,39,23,38,43,28,39,37,30,33,25,31,38,32,49,32,36,40,47,38,36,43,50,49,48,45,41,48,40,36,41,48,42,42,63,56,40,54,52,62,50,53,60,45,43,53,43,63,61,65,55,51,57,55,59,72,55,64,62,70,80,73,64,66,57,66,75,92,72,73,62,72,69,85,63,79,83,68,65,64,61,78,55,0,
1,1,1,1,0,0,1,1,2,0,2,2,2,1,3,2,1,1,1,1,3,3,3,6,2,3,2,4,2,3,7,3,6,5,5,2,3,6,3,4,7,8,6,7,10,5,8,6,9,11,10,6,8,8,4,10,16,11,10,11,9,16,14,16,8,10,15,10,11,9,19,10,16,11,15,26,15,13,18,17,12,16,20,22,17,27,13,21,17,16,20,28,27,26,30,29,34,23,22,26,29,27,33,26,24,39,24,33,31,33,37,43,26,47,38,35,37,48,45,50,44,31,49,42,49,36,39,40,53,41,50,39,36,50,60,48,49,53,53,43,65,71,46,57,65,58,60,75,63,58,64,62,69,71,75,51,70,65,71,69,76,76,85,75,67,101,73,71,76,84,75,90,75,66,85,85,75,96,80,84,96,77,98,101,79,90,100,98,106,99,87,86,101,100,100,89,80,77,75,0,
0,0,1,1,1,0,1,2,2,2,0,2,3,0,5,2,3,0,3,0,1,5,4,3,4,2,1,2,4,3,2,3,5,3,4,4,5,6,6,6,6,4,10,6,10,5,6,11,9,9,9,5,8,14,5,12,16,6,16,13,9,15,16,9,14,16,16,15,12,20,17,12,20,15,20,17,26,18,24,22,23,25,19,33,26,23,24,23,32,28,35,30,43,33,32,25,44,36,30,32,45,31,33,29,48,34,30,41,38,38,42,51,51,52,52,44,59,40,67,70,45,61,59,43,47,57,59,59,63,59,65,63,63,60,59,66,68,65,73,77,69,90,83,91,77,68,70,75,67,70,77,76,96,82,81,107,80,85,98,97,99,82,86,120,96,101,104,92,105,88,105,89,113,97,103,110,101,97,113,105,100,146,126,112,103,116,115,117,122,124,107,114,112,106,108,100,110,105,93,0,
4,2,2,2,1,3,3,4,2,0,1,1,6,0,1,5,1,3,1,3,6,4,1,5,2,4,4,4,2,3,5,6,8,4,4,4,5,5,7,5,5,6,5,9,7,8,7,14,6,8,9,18,16,13,12,10,9,27,21,15,17,20,22,19,22,17,24,12,21,25,28,21,34,31,19,32,25,29,25,33,29,28,37,28,29,28,38,42,33,30,36,38,55,37,60,43,56,47,47,52,42,54,48,52,65,48,59,61,64,49,51,59,67,64,74,74,69,60,76,77,66,76,78,76,88,88,67,78,79,91,68,89,87,82,78,96,88,78,96,107,90,89,95,112,106,100,115,102,108,109,99,101,121,109,126,121,119,119,134,153,127,109,145,124,123,130,116,137,127,128,132,143,145,138,132,144,138,154,152,151,130,123,143,129,142,134,134,134,136,134,134,164,147,134,131,133,108,131,130,0,
4,4,3,0,1,1,2,0,2,2,3,2,0,2,3,5,5,2,5,4,2,2,1,2,3,2,5,3,4,4,7,8,8,8,10,9,8,9,11,10,10,12,10,13,7,12,15,13,12,17,17,15,18,12,17,23,14,20,24,21,28,30,23,28,35,30,30,25,33,26,33,26,43,30,36,32,52,48,32,34,36,60,45,45,71,47,51,58,60,52,69,59,58,69,51,64,75,62,67,72,76,80,98,77,65,99,98,93,92,67,89,106,104,82,97,82,89,108,99,115,118,101,103,104,106,120,132,109,135,111,113,115,134,114,118,126,135,139,120,147,118,166,139,113,147,147,167,158,143,160,128,135,165,164,146,135,183,161,189,170,172,178,174,160,162,165,161,144,195,166,167,169,173,139,185,191,166,159,144,180,163,180,221,170,177,172,169,173,203,179,171,168,178,175,153,163,143,135,130,0,
0,1,0,1,0,1,4,0,1,3,1,1,3,1,4,4,2,4,5,10,6,7,5,1,7,7,13,6,12,11,13,14,11,13,17,14,16,16,17,16,12,11,20,25,22,15,24,23,18,30,35,31,33,41,36,31,29,42,51,38,48,47,48,49,51,53,61,51,55,61,57,72,55,69,61,64,82,73,83,66,98,70,89,85,83,80,111,92,81,100,111,93,105,95,115,109,108,105,118,129,116,127,114,122,141,150,123,157,140,138,127,179,148,171,165,146,153,150,171,188,170,168,166,173,179,165,163,175,177,170,182,179,199,208,196,192,217,178,198,197,204,179,211,200,216,204,220,204,204,238,238,219,210,216,201,229,221,243,229,233,201,221,210,235,224,234,220,221,210,244,233,218,229,223,242,241,216,252,237,252,224,248,199,199,236,222,220,232,195,218,174,215,215,192,220,192,206,146,144,0,
0,3,0,1,2,2,3,4,4,4,3,2,4,6,5,4,5,11,14,8,9,14,11,12,12,12,15,28,20,17,24,24,23,36,33,29,52,43,40,47,43,35,65,55,54,64,60,65,72,76,79,79,80,80,79,75,78,83,102,93,108,88,90,99,119,110,102,127,138,116,123,136,123,143,162,128,144,148,148,169,144,172,158,171,154,170,174,194,130,172,179,185,201,200,206,207,200,200,203,196,205,201,182,212,236,240,250,237,230,221,250,230,235,261,293,258,257,263,265,246,298,280,275,280,303,264,268,313,320,269,284,319,286,284,277,303,308,277,297,336,311,282,322,272,303,309,336,324,306,283,303,284,308,293,309,300,285,311,283,293,293,293,285,297,316,335,316,299,291,293,296,275,288,301,274,267,280,287,273,295,290,309,291,263,298,281,274,255,267,293,240,248,276,272,256,229,191,190,156,0,
0,0,4,2,7,3,3,7,3,12,10,12,7,20,21,18,29,28,28,25,32,43,42,40,29,55,53,56,60,43,66,67,67,81,93,86,96,117,101,120,108,134,133,130,131,150,150,133,163,159,153,184,194,192,177,181,182,223,212,200,230,205,214,233,261,246,253,271,269,271,271,264,247,292,286,322,309,283,308,306,266,312,296,294,302,363,323,311,331,352,367,364,342,367,370,407,380,413,413,371,386,427,399,400,384,401,409,434,413,421,443,478,430,447,461,445,487,468,481,459,447,454,446,410,493,451,452,437,473,463,429,474,424,489,459,417,446,454,445,466,440,468,448,458,452,428,439,427,404,414,474,466,417,397,387,411,414,450,441,457,432,394,393,414,374,403,415,394,416,349,371,384,386,330,330,417,375,375,357,361,328,337,358,341,381,341,329,360,326,315,276,310,281,267,274,267,230,229,215,0,
1,4,2,12,13,17,18,21,41,35,36,40,54,38,60,65,70,62,75,82,93,106,118,137,108,130,127,138,139,129,168,170,180,187,194,208,228,220,208,244,234,237,256,284,280,292,295,301,298,329,359,343,362,368,366,379,389,365,425,409,391,401,397,461,448,422,446,476,487,488,512,485,468,467,506,499,515,514,545,568,568,554,537,585,556,591,580,602,595,596,581,591,594,631,603,568,618,631,639,599,616,597,657,726,638,652,636,664,707,669,702,717,690,709,732,661,692,727,764,702,676,706,705,719,687,676,681,686,711,681,703,672,636,710,666,631,666,587,655,666,596,610,614,603,559,547,612,631,566,565,589,586,583,532,560,538,502,509,523,571,541,532,501,520,510,522,508,559,482,515,468,515,496,487,459,413,486,460,456,475,423,393,437,424,423,407,374,433,361,384,382,362,359,335,305,318,279,268,229,0,
4,3,9,10,19,21,28,39,43,40,49,60,65,79,85,89,105,130,121,117,128,135,140,149,164,167,179,209,191,213,219,242,243,242,284,276,307,281,312,295,319,326,381,362,390,379,409,418,419,412,491,464,478,454,467,489,496,527,536,532,530,507,522,565,580,576,622,598,575,603,671,616,699,655,677,731,712,692,672,727,674,685,718,682,751,752,730,724,757,798,789,766,804,821,808,793,849,884,811,845,791,900,856,825,895,904,911,954,915,915,930,951,1004,926,970,980,962,966,1032,1033,928,985,905,933,974,941,960,948,993,915,905,855,912,864,869,864,832,813,828,826,813,821,794,815,738,750,787,742,729,747,739,721,696,692,757,696,694,641,662,688,644,710,688,669,621,621,581,681,627,558,615,605,592,597,585,536,592,538,514,578,551,571,559,504,484,528,524,448,447,466,427,416,444,435,377,373,326,311,299,0,
2,6,9,14,22,27,34,46,53,53,63,75,88,85,85,129,110,118,140,145,148,173,154,185,191,216,203,188,236,237,260,291,267,305,281,352,315,368,402,358,373,402,402,418,427,455,491,521,470,493,531,507,536,530,566,561,573,596,617,627,609,647,691,666,670,665,735,686,714,728,683,676,749,769,725,798,774,817,742,812,777,795,850,855,896,875,924,861,929,832,875,935,980,893,936,907,922,937,978,1018,1016,1038,1057,1026,1072,1151,1117,1118,1096,1172,1176,1173,1193,1234,1219,1280,1223,1153,1226,1199,1151,1143,1172,1155,1143,1152,1123,1123,1080,1104,1086,1092,1099,1016,1089,1019,1004,1014,1032,987,916,922,951,924,943,945,898,912,950,911,882,849,881,862,888,863,817,825,762,805,793,769,764,802,738,780,751,747,730,700,715,665,687,718,697,699,677,649,676,707,596,699,615,623,600,592,579,577,583,542,519,517,509,468,433,426,376,364,330,0,
5,6,15,18,26,25,44,44,56,59,77,81,90,113,99,112,157,141,134,162,137,147,186,188,222,225,235,253,270,291,302,304,303,327,351,354,340,350,402,428,427,454,464,484,440,486,556,513,530,534,569,567,613,621,631,660,623,687,691,682,692,707,779,733,771,736,853,778,774,847,810,847,825,855,895,897,892,917,885,950,933,949,933,964,930,975,1000,955,1026,1052,1047,1041,1033,1024,1113,1127,1128,1145,1083,1161,1208,1173,1183,1291,1308,1283,1281,1422,1418,1421,1486,1420,1489,1555,1568,1502,1551,1451,1450,1459,1480,1435,1473,1482,1383,1375,1404,1373,1416,1279,1333,1378,1329,1258,1229,1241,1194,1171,1180,1101,1168,1175,1183,1072,1098,1109,1033,1115,1066,1071,1051,1026,1045,1047,961,1012,966,936,989,896,912,904,877,903,882,875,903,868,892,822,816,810,812,818,804,784,757,734,756,729,708,720,740,693,738,692,664,696,671,624,603,618,599,545,535,499,483,415,418,0,
6,7,18,15,39,38,46,53,65,57,80,102,110,116,111,113,119,145,153,163,195,219,215,205,206,253,261,272,310,310,326,314,316,365,361,403,420,444,458,444,449,482,513,530,512,566,579,537,573,600,594,673,677,720,724,662,712,681,725,673,737,741,759,833,857,820,853,858,916,888,925,892,927,940,969,1042,979,963,1022,1047,1027,1057,1065,1115,1121,989,1104,1183,1167,1161,1204,1211,1185,1284,1235,1234,1256,1295,1268,1335,1305,1395,1408,1425,1496,1659,1659,1677,1714,1678,1824,1833,1823,1854,1769,1786,1825,1869,1813,1815,1753,1749,1733,1668,1702,1653,1669,1594,1549,1674,1595,1517,1616,1412,1435,1442,1464,1390,1471,1374,1305,1313,1380,1338,1298,1212,1296,1235,1238,1193,1207,1171,1197,1151,1208,1146,1163,1207,1125,1104,1124,1086,1069,1102,1105,985,966,1027,998,955,955,913,946,919,980,892,890,895,893,807,869,903,871,819,808,763,820,778,761,781,713,691,717,721,675,596,512,526,470,0,
9,6,15,26,33,47,51,69,82,69,89,90,109,141,146,143,165,175,155,197,205,213,239,244,267,272,285,284,311,322,412,389,370,374,382,415,392,472,479,444,522,590,535,560,584,616,587,625,594,646,685,699,718,752,756,757,834,837,789,828,887,936,869,943,957,986,944,953,1006,1011,1002,1019,1104,1084,1080,1128,1114,1087,1162,1187,1274,1180,1229,1230,1305,1270,1276,1291,1293,1313,1381,1502,1339,1372,1461,1436,1392,1473,1450,1433,1570,1579,1775,1798,1862,1999,2010,2115,2165,2239,2240,2171,2265,2358,2205,2290,2195,2244,2191,2165,2160,2149,1997,2020,2056,1998,1975,1947,1835,1883,1837,1868,1815,1755,1746,1667,1677,1649,1669,1565,1641,1598,1521,1510,1462,1532,1410,1385,1363,1382,1429,1393,1355,1429,1311,1301,1235,1311,1222,1256,1251,1208,1286,1288,1251,1193,1163,1166,1117,1101,1120,1105,1049,1019,1074,985,1029,1030,1038,1038,971,983,905,959,927,929,940,877,924,874,857,863,769,738,765,716,649,597,593,0,
2,13,14,32,40,52,68,71,90,94,114,133,127,150,154,149,167,177,178,199,225,245,267,249,291,308,299,335,335,336,383,386,415,419,450,465,520,543,523,560,534,573,608,623,652,630,749,741,733,747,781,746,846,900,867,860,908,939,1036,997,974,1021,1084,1102,1073,1139,1137,1199,1202,1243,1286,1248,1210,1345,1359,1320,1312,1398,1390,1422,1391,1456,1464,1543,1495,1527,1605,1581,1671,1659,1605,1647,1608,1623,1620,1655,1720,1709,1700,1778,1885,2012,2187,2366,2487,2636,2698,2746,2708,2880,2861,2949,2760,2792,2843,2844,2705,2685,2706,2578,2566,2511,2486,2466,2417,2375,2325,2296,2216,2184,2107,2165,2119,2074,2016,2017,1930,1938,1837,1851,1743,1813,1792,1721,1751,1704,1674,1706,1630,1633,1588,1628,1591,1554,1522,1517,1546,1456,1420,1394,1412,1405,1407,1394,1415,1291,1406,1358,1277,1311,1316,1315,1174,1292,1198,1211,1280,1159,1136,1162,1130,1072,1121,1130,1142,1087,1098,1121,1045,1018,1050,1037,996,949,880,862,806,682,673,0,
9,12,29,39,42,45,75,96,88,89,147,142,139,168,169,185,217,214,221,250,248,259,255,328,349,336,403,344,376,408,449,449,472,516,545,562,570,515,656,629,742,699,767,795,829,832,906,872,930,980,1013,1026,1028,1107,1113,1160,1168,1216,1231,1301,1352,1333,1393,1353,1465,1471,1487,1511,1497,1553,1593,1638,1668,1611,1657,1736,1718,1742,1727,1846,1844,1777,1799,1818,1869,1902,1928,1919,1932,1995,1962,1981,2022,1921,1997,1932,2094,2091,2034,2212,2427,2711,3063,3265,3362,3557,3662,3670,3680,3655,3675,3490,3615,3547,3595,3506,3403,3307,3355,3123,3066,3023,2906,3081,2824,2767,2800,2587,2658,2519,2461,2507,2274,2421,2214,2195,2222,2180,2184,2178,2077,2129,2137,2047,1939,1918,1915,1889,1881,1847,1830,1780,1784,1832,1816,1766,1722,1701,1701,1702,1620,1664,1682,1578,1573,1629,1549,1524,1517,1520,1490,1546,1489,1424,1415,1419,1420,1381,1400,1294,1380,1283,1256,1334,1242,1274,1228,1273,1231,1184,1268,1110,1153,976,1088,1004,964,847,790,0,
13,13,31,37,61,65,81,106,117,113,114,167,156,165,205,208,249,251,273,287,325,350,374,381,399,457,442,477,557,606,593,627,698,707,776,833,847,858,965,975,1046,1061,1115,1184,1188,1233,1335,1343,1453,1488,1468,1564,1588,1672,1637,1728,1772,1791,1804,1798,1912,1881,1898,1890,1999,2071,2093,2074,2110,2189,2164,2199,2213,2231,2261,2268,2300,2336,2343,2387,2285,2309,2354,2373,2467,2437,2492,2426,2482,2501,2538,2501,2527,2457,2592,2614,2571,2623,2547,2897,3528,4115,4349,4681,4746,4915,4816,4893,4793,4749,4788,4612,4556,4333,4268,4229,4075,3983,3872,3820,3683,3682,3502,3418,3273,3276,3305,3072,3022,3046,2977,2844,2826,2774,2637,2681,2663,2580,2480,2429,2437,2464,2337,2298,2318,2233,2203,2268,2120,2106,2080,2139,2129,1944,2034,2044,1896,1938,1972,1892,1821,1822,1888,1865,1768,1759,1693,1822,1815,1705,1591,1664,1614,1683,1598,1702,1648,1613,1588,1525,1497,1560,1521,1483,1486,1548,1432,1367,1392,1352,1403,1371,1256,1257,1289,1183,1148,1062,917,0,
17,28,44,69,107,107,137,174,233,254,310,304,350,407,441,511,582,657,732,729,835,873,939,1000,1138,1161,1299,1309,1400,1450,1545,1684,1734,1758,1839,1832,1908,1972,2095,2190,2155,2285,2275,2338,2392,2420,2375,2497,2535,2646,2664,2730,2752,2866,2886,2823,2865,3000,2981,2872,2971,2993,2982,3093,3167,3022,3135,3080,3143,3233,3150,3231,3163,3225,3206,3266,3218,3225,3196,3139,3264,3196,3286,3296,3264,3311,3182,3372,3129,3238,3390,3464,3323,3299,3274,3305,3276,3283,3335,4888,5987,6484,6721,6842,6868,6684,6575,6406,6277,6132,5945,5844,5662,5574,5326,5099,4869,4661,4598,4424,4414,4272,4227,4154,3958,3955,3753,3723,3671,3553,3481,3312,3317,3082,3055,2960,2941,2973,2955,2824,2867,2787,2744,2671,2652,2575,2485,2479,2480,2398,2412,2338,2408,2294,2328,2275,2250,2307,2139,2251,2179,2170,2122,2140,2045,2041,1960,2054,1963,1999,1976,1936,1965,1881,1909,1868,1858,1816,1816,1755,1797,1809,1786,1796,1780,1688,1697,1681,1652,1654,1605,1569,1568,1477,1514,1395,1290,1237,1154,0,
2215,2241,2523,3006,3243,3400,3717,3879,3993,4082,4312,4211,4513,4498,4475,4533,4578,4680,4795,4676,4750,4819,4871,4871,4763,4761,4851,4877,4784,4772,4898,4991,4845,4870,4798,4910,4820,4845,4896,4981,4990,4970,4888,4985,4966,4933,4833,4820,4943,4862,4786,4879,4799,4871,4910,4759,4719,4851,4771,4872,4816,4845,4811,4698,4911,4685,4683,4680,4584,4745,4710,4642,4548,4638,4474,4624,4593,4631,4602,4662,4534,4436,4635,4497,4365,4382,4461,4438,4388,4450,4325,4328,4313,4324,4197,4180,4270,4317,4306,10513,10209,10066,9987,9699,9145,8983,8736,8394,8214,7725,7503,7175,6988,6682,6497,6165,6002,5816,5634,5406,5282,4939,4898,4797,4652,4429,4385,4232,4145,4072,4010,3834,3699,3768,3600,3640,3449,3367,3293,3292,3206,3180,3087,2902,2968,2879,2912,2744,2758,2831,2800,2741,2655,2700,2626,2501,2589,2512,2555,2569,2330,2432,2446,2390,2357,2363,2276,2245,2240,2182,2199,2201,2190,2177,2095,2054,2048,2098,2058,2074,2076,2012,1971,1973,2062,1868,1921,1880,1864,1838,1905,1833,1807,1738,1629,1585,1552,1411,1311,0,
3821,3789,4743,5351,5765,6318,6644,7023,7233,7560,7783,7783,8170,8342,8349,8302,8437,8575,8321,8618,8957,8602,8679,8640,8763,8578,8654,8509,8576,8524,8483,8400,8355,8306,8211,8137,8305,8222,8264,7997,7843,7988,7961,7793,7655,7616,7482,7526,7496,7513,7393,7272,7339,7068,7215,7113,7008,6852,6949,6925,6847,6718,6906,6689,6720,6645,6543,6565,6477,6293,6319,6316,6352,6201,6382,6130,6095,6012,5976,5949,5971,5781,5783,5747,5783,5798,5715,5682,5617,5524,5606,5546,5548,5569,5394,5326,5353,5146,5221,16385,15189,14415,13395,12777,12139,11414,11076,10522,10012,9489,9111,8914,8335,8029,7617,7371,7123,6777,6619,6209,6118,5998,5723,5477,5319,5268,5135,4873,4837,4675,4478,4379,4399,4215,4176,4070,3931,3828,3738,3692,3629,3608,3565,3435,3499,3440,3311,3286,3179,3092,2968,2953,2973,2896,2879,2903,2837,2907,2811,2815,2719,2862,2673,2686,2742,2609,2558,2610,2531,2536,2482,2402,2420,2478,2381,2345,2230,2430,2388,2401,2339,2279,2207,2305,2257,2257,2256,2201,2157,2154,2134,2067,2021,2010,1935,1910,1772,1692,1550,0,
4966,5081,6108,6838,7488,8173,8548,9023,9410,9692,9948,10086,10345,10271,10600,10716,10932,10897,11019,11130,10931,11004,11225,11258,11042,11084,11124,11111,11022,11273,10952,10851,11031,10906,10745,10517,10848,10585,10333,10500,10302,10277,10202,10068,9891,9970,9778,9703,9744,9542,9562,9447,9423,9199,9237,9016,9181,8889,8874,8810,8668,8722,8539,8508,8401,8328,8170,8359,8256,8177,7918,7841,7934,7700,7628,7506,7571,7477,7484,7281,7343,7190,7093,7119,6916,6976,6934,6791,6880,6754,6632,6540,6411,6493,6470,6320,6492,6416,6080,21344,19560,18302,16933,15809,14721,14351,13242,12680,12224,11427,10905,10472,9862,9329,8982,8817,8153,7847,7731,7321,6903,6852,6585,6361,6149,5781,5689,5620,5409,5134,5160,4964,4846,4802,4641,4665,4404,4420,4392,4077,3979,3954,3864,3888,3829,3780,3781,3674,3691,3553,3505,3488,3475,3494,3255,3356,3284,3187,3179,3170,3135,3036,3129,2985,2867,2917,2946,2938,2940,2794,2820,2805,2713,2740,2800,2727,2694,2550,2579,2629,2606,2494,2619,2542,2485,2553,2461,2412,2480,2325,2408,2290,2326,2296,2316,2129,2043,1952,1823,0,
5854,6009,7098,7936,8709,9556,10081,10351,10947,11285,11570,11983,12125,12295,12389,12714,12583,12962,12766,12995,12964,13173,13030,13128,13092,12994,12997,13041,12906,13001,12741,12723,12793,12729,12577,12532,12612,12571,12411,12177,12126,12140,11998,11811,11957,11851,11668,11586,11507,11496,11198,11211,11114,10917,10926,10732,10756,10509,10738,10488,10226,10145,9985,10203,9945,9756,9932,9711,9774,9454,9424,9152,9123,8945,8923,8875,8696,8646,8691,8516,8494,8374,8183,8240,8253,8139,7870,8007,7899,7815,7862,7517,7632,7556,7440,7476,7316,7225,7213,25042,23120,21231,20002,18746,17513,16569,15533,14964,13965,13264,12321,11626,11493,10690,10267,9713,9396,9087,8759,8291,7931,7654,7427,7046,6827,6632,6296,6129,6017,5792,5733,5675,5387,5285,5112,5067,5013,4831,4691,4596,4516,4363,4404,4314,4217,4064,4090,4025,3958,3809,3796,3797,3772,3718,3652,3564,3533,3499,3421,3374,3371,3331,3315,3315,3338,3296,3239,3132,3154,3223,3118,3167,3162,2983,3009,2994,2955,2923,2877,3043,2912,2935,2859,2805,2845,2712,2728,2695,2661,2666,2670,2550,2687,2611,2487,2366,2291,2190,2073,0,
6420,6642,7952,9222,10003,10676,11231,11714,12335,12742,13063,13189,13681,13616,14096,14158,14233,14586,14723,14622,14572,14586,14501,14687,14507,14815,14832,14783,14451,14619,14485,14554,14402,14572,14352,14102,14144,14127,14045,13955,13854,13789,13666,13321,13375,13440,13277,13179,12994,12805,12688,12643,12631,12341,12422,12308,12274,12192,11936,11805,11764,11439,11353,11421,11266,11404,11219,11043,10756,10808,10493,10528,10341,10140,10038,10202,10138,9809,9640,9702,9795,9695,9534,9283,9216,9166,9117,9016,8916,8992,8766,8659,8490,8409,8472,8233,8263,8055,7999,28285,26294,24311,22568,21527,20151,18830,17769,16643,15826,15163,14049,13480,12793,12024,11462,10981,10424,10081,9493,9211,8936,8551,8150,7868,7460,7295,7124,6859,6561,6594,6145,6248,6023,5751,5617,5544,5369,5349,5075,4976,4958,5015,4791,4646,4542,4571,4468,4399,4433,4310,4209,4256,4098,4120,3991,4055,3954,3869,3757,3733,3723,3546,3715,3727,3588,3649,3551,3580,3481,3404,3390,3428,3344,3378,3331,3249,3214,3133,3247,3145,3078,3100,3143,3137,3095,3087,2994,3093,3006,3010,3045,2868,2908,2792,2741,2698,2566,2440,2291,0,
7275,7343,8527,10001,10896,11818,12484,13040,13418,13679,14053,14619,14698,15151,15275,15535,15793,15752,15556,16005,15958,16364,16105,16032,16347,16446,16107,16097,16250,16085,15917,15778,15928,15572,15701,15697,15545,15332,15298,15007,15243,15160,14940,15014,14638,14721,14530,14588,14207,14207,14102,13894,14066,13612,13543,13475,13270,13307,12958,12984,12569,12853,12566,12575,12360,12198,11940,11998,12041,11652,11758,11751,11662,11339,11322,11304,11102,10932,10702,10718,10597,10466,10164,10289,10024,10120,10062,9989,9783,9625,9606,9611,9519,9396,9305,9094,9037,9142,8771,30730,29237,27102,25112,23415,22320,20956,19649,18597,17390,16616,15508,14766,14005,13209,12675,12353,11463,10903,10447,10165,9828,9193,9103,8636,8377,8173,7805,7423,7264,7040,6723,6717,6502,6296,6177,5887,5898,5665,5678,5560,5396,5365,5147,5057,4901,4940,4800,4662,4699,4680,4527,4494,4446,4330,4359,4399,4297,4178,4118,4066,4063,4197,4003,4075,3920,3922,3844,3748,3831,3710,3763,3685,3590,3644,3681,3562,3480,3536,3415,3510,3348,3572,3399,3398,3194,3305,3362,3326,3230,3304,3217,3086,3104,3116,3005,2950,2868,2642,2427,0,
7648,7850,9532,10661,11660,12784,13406,13817,14456,14933,15295,15799,15966,16337,16236,16552,16620,17144,17093,17476,17138,17178,17124,17255,17142,17130,17190,17300,17195,17191,16989,17095,17009,16892,17120,16789,16806,16453,16390,16494,16662,16301,16117,15961,15682,15596,15700,15910,15371,15228,15179,15306,14819,14910,14638,14730,14409,14352,14432,14133,13925,13912,13601,13427,13469,13307,13192,13093,12899,12830,12803,12471,12299,12093,12163,12107,11993,11830,11771,11481,11647,11270,11209,11119,10988,10884,10754,10601,10716,10524,10320,10380,10010,10148,10153,10035,9653,9748,9577,33446,31151,29200,27391,25708,24253,22516,21549,20406,19107,17961,17358,16120,14988,14378,13749,13191,12581,11799,11406,11027,10542,9984,9697,9421,8916,8618,8481,8186,7776,7625,7479,7154,6943,6701,6567,6492,6319,6191,5949,5696,5904,5622,5475,5441,5371,5245,5136,4916,5023,5099,4851,4820,4741,4656,4471,4636,4599,4629,4451,4291,4360,4291,4238,4132,4217,4170,4027,4120,4069,3897,3933,3849,3828,4004,3783,3855,3779,3702,3673,3710,3690,3646,3679,3703,3624,3581,3643,3552,3433,3525,3388,3346,3386,3377,3183,3130,2927,2817,2661,0,
8207,8257,10038,11451,12571,13413,14231,14793,15082,15787,16349,16761,17032,17112,17648,17889,18099,18029,17978,18289,18410,18593,18490,18451,18844,18521,18652,18430,18571,18160,18263,18249,18377,18187,17872,17976,17883,17810,17622,17635,17435,17198,17307,17083,16654,16976,16755,16509,16375,16207,16091,16184,16053,15841,15711,15315,15327,15337,15030,15038,14829,14776,14698,14490,14233,14414,13928,13928,13741,13765,13653,13338,13144,13143,13131,12816,12670,12658,12450,12490,12342,12218,12000,11927,11888,11717,11482,11369,11391,11076,11300,10991,11176,10830,10629,10871,10481,10509,10245,35258,33365,31245,29269,27652,25972,24467,23406,21671,20417,19248,18288,17514,16477,15782,14838,14031,13359,12678,12132,11649,11258,10821,10286,9857,9515,9187,9016,8680,8284,8130,7929,7592,7438,7228,7022,6860,6504,6585,6419,6242,6089,5971,5781,5900,5657,5604,5716,5452,5346,5317,5348,5228,5145,4879,5008,4886,4866,4931,4663,4786,4728,4560,4572,4458,4318,4413,4337,4287,4331,4247,4213,4318,4180,4181,3940,4104,4029,3992,3994,3853,3946,3912,3896,3836,3801,3847,3679,3829,3855,3701,3735,3592,3595,3586,3419,3317,3113,3035,2916,0,
8669,8800,10507,11914,13213,14052,15124,15687,16366,16769,17385,17683,18114,18150,18396,18668,18862,19059,19047,19350,19495,19387,19658,19481,19354,19507,19647,19415,19340,19370,19277,19247,19261,19137,19070,19076,18713,18700,18500,18542,18298,18291,17985,18078,17917,17718,17800,17574,16872,17133,16962,16877,16861,16957,16524,16218,16379,16257,16000,15686,15618,15343,15285,15292,15055,14860,14812,14678,14481,14319,14285,14038,13981,14012,13747,13511,13619,13314,13170,13230,12634,12641,12803,12583,12267,12396,12109,12050,12124,11635,11828,11704,11518,11514,11258,11151,10981,10974,10864,37648,35058,33295,31263,29030,27415,26097,24374,22966,21640,20553,19580,18483,17350,16645,15659,14881,14349,13607,12861,12417,11819,11494,10929,10472,10259,9714,9450,9028,8806,8532,8422,8235,7754,7628,7409,7183,7084,6909,6746,6676,6537,6283,6149,6059,6035,5949,5878,5911,5670,5605,5590,5476,5370,5240,5325,5307,5080,4955,5099,4839,4861,4918,4825,4871,4757,4642,4614,4604,4521,4526,4430,4379,4479,4345,4213,4232,4222,4350,4197,4279,4052,4167,4119,4180,4003,4065,3946,3969,4015,3901,3948,3924,3848,3830,3638,3607,3316,3250,3012,0,
8981,9259,11058,12679,13742,14945,15986,16361,17117,17531,17725,18482,18857,18988,19555,19739,19825,19765,20025,20171,20159,20378,19965,20257,20411,20401,20292,20662,20000,19936,20119,20137,19947,19998,19900,19717,19771,19724,19347,19424,19164,18958,18944,18967,18618,18508,18463,18327,18350,18085,17736,17611,17428,17547,17075,17235,16843,16763,16650,16624,16613,16438,15956,15747,16034,15684,15509,15301,15298,14938,14930,14798,14471,14434,14449,14155,14237,14100,13724,13644,13717,13801,13180,13379,13053,12894,12777,12543,12554,12405,12442,12302,12082,11982,11742,11711,11657,11448,11368,38947,36687,34430,32399,30614,28740,26872,25482,24309,22966,21374,20552,19235,18047,17411,16723,15582,15018,14500,13564,13096,12198,11914,11442,11080,10651,10420,9866,9578,9420,9023,8810,8297,8154,7953,8026,7663,7462,7374,7257,6880,6874,6926,6675,6607,6479,6236,6137,6122,6031,5861,5692,5575,5594,5611,5445,5449,5370,5290,5379,5347,5132,5086,5026,4934,4925,4999,4963,4794,4781,4654,4666,4644,4623,4559,4677,4491,4580,4429,4448,4283,4488,4355,4359,4251,4333,4321,4195,4203,4178,4072,4177,4157,3981,3969,3780,3780,3580,3377,3146,0,
9458,9575,11380,13178,14490,15454,16222,16730,17816,18095,18807,19149,19737,19868,20031,20454,20423,20704,20765,20971,21143,21037,21337,21232,21263,21083,21161,21090,20986,20932,21201,20701,20650,20290,20774,20461,20441,20275,20397,19873,19958,19899,19733,19355,19204,19446,19313,19033,18970,18709,18674,18490,18442,18193,18058,17939,17630,17532,17437,17390,16973,16934,16599,16836,16448,16239,16198,15827,15817,15715,15388,15493,15338,15021,14805,14840,14709,14606,14483,14490,14150,13976,13501,13813,13683,13373,13425,13148,13091,13004,12720,12884,12495,12654,12374,12165,12232,12104,11851,40768,38371,35787,34032,31914,30060,28560,26558,25382,24036,22524,21347,20348,19247,18091,17271,16670,15634,15028,14333,13782,12988,12661,12178,11677,11114,10792,10281,10118,9588,9428,9190,8860,8594,8471,8152,8011,7746,7670,7423,7317,7156,7019,6851,6790,6655,6436,6404,6207,6245,6094,6004,5849,5791,5834,5810,5637,5755,5525,5551,5445,5573,5417,5230,5180,5298,5039,5109,5161,4956,4935,4816,4815,4892,4896,4851,4810,4685,4613,4715,4595,4506,4605,4564,4537,4413,4595,4524,4426,4358,4316,4285,4290,4251,4181,4119,3878,3680,3639,3387,0,
9824,9851,11696,13683,14922,16069,16871,17585,18252,18860,19644,19670,20080,20672,20900,20906,21357,21383,21729,21383,21622,21939,22036,21901,21906,22039,22253,21580,21936,21576,21782,21688,21380,21515,21440,21524,21316,20986,20977,20738,20675,20507,20423,20241,20227,19961,19899,19875,19475,19091,19270,19167,18926,18763,18542,18464,18242,18177,18034,17663,17533,17417,17468,17149,17244,16995,16678,16613,16453,16262,15905,15898,15832,15429,15544,15307,15420,15245,15179,14768,14729,14405,14506,14318,14183,14204,13845,13851,13477,13450,13361,12985,12992,12909,12670,12782,12577,12460,12254,42255,39564,37743,35100,33291,31227,29386,27588,26263,25067,23558,21849,20981,20078,18913,18183,16986,16553,15506,14853,14301,13731,13122,12609,12121,11839,11261,10947,10370,10238,9863,9482,9289,8788,8859,8489,8337,8122,8097,7714,7803,7419,7399,7104,7002,6911,6710,6593,6633,6488,6298,6370,6241,6061,5941,6015,5822,5833,5721,5792,5662,5664,5519,5556,5505,5446,5364,5087,5114,5288,5158,5066,5114,5048,4994,5031,4939,4781,4896,4719,4910,4740,4615,4670,4798,4762,4592,4801,4648,4624,4592,4561,4549,4384,4403,4242,4175,3908,3660,3577,0,
10237,9992,12396,14113,15414,16482,17411,18456,18973,19402,20034,20425,20712,21259,21505,21796,21862,22135,21930,22317,22477,22596,22442,22675,22760,22660,22799,22779,22735,22770,22586,22476,22064,22341,22068,22027,22063,21651,21633,21516,21299,21298,21272,20647,20857,20756,20596,20522,20372,20357,19815,19643,19447,19567,19417,19013,18933,18786,18676,18384,18488,18110,17979,17724,17437,17308,17420,17243,17255,16822,16805,16773,16279,16241,16123,15994,15843,15797,15420,15225,15298,15025,14928,14802,14739,14256,14543,14275,13922,14196,13794,13655,13800,13413,13055,13150,12826,13050,12787,43592,41261,38734,35839,34468,32240,30051,28637,27080,25815,24250,23164,21661,20612,19759,18659,17995,16813,16193,15495,14797,14259,13466,12995,12573,11882,11831,11246,10959,10673,10117,9937,9826,9422,9070,8851,8645,8337,8220,8128,7928,7764,7530,7462,7312,7242,7155,7014,6747,6824,6645,6519,6521,6236,6363,6229,6185,6145,5986,5916,5885,5839,5796,5830,5673,5630,5665,5423,5488,5408,5450,5254,5166,5224,5317,5199,5096,5110,4971,5005,5026,5011,4908,4916,4830,4885,4887,4907,4794,4735,4753,4694,4626,4681,4453,4439,4331,4129,3775,3674,0,
10508,10448,12845,14262,15729,16944,18003,18942,19744,19854,20631,21121,21348,21902,22309,22568,22951,22704,22790,22881,23113,23390,23356,23200,23536,23264,23091,23139,23032,23091,23307,23249,23096,22573,23023,22619,22532,22316,22143,22114,22258,21723,21606,21544,21757,21067,21150,20931,20948,20634,20542,20234,20395,19914,19808,19841,19499,19339,19045,19099,18670,18558,18523,18399,18140,18186,18183,17449,17521,17373,17265,16877,16874,16725,16541,16452,16116,15876,15719,15669,15449,15427,15101,15166,15084,14874,14668,14612,14559,14363,14101,14290,14014,13816,13751,13551,13412,13378,13140,44702,42167,40042,37428,35230,33160,31434,29857,28347,26609,24882,23734,22539,21389,20504,19436,18569,17621,16697,16069,15276,14555,14261,13524,13036,12484,12094,11850,11178,10756,10511,10300,9960,9710,9418,9189,8934,8817,8551,8297,8436,7900,7812,7803,7463,7424,7194,7115,7194,6864,6820,6662,6578,6598,6398,6417,6303,6336,6156,6148,6121,5954,5968,5879,5764,5648,5691,5808,5755,5708,5578,5484,5491,5396,5393,5278,5315,5204,5206,5150,5170,5177,5037,5037,4999,4996,5023,4946,4890,4848,4911,4821,4658,4860,4667,4517,4481,4322,3991,3707,0,
10586,10715,12987,14774,16257,17210,18342,19090,20005,20780,21188,21635,22159,22175,22753,22972,23127,23436,23717,23610,24047,23763,23619,23854,24029,23992,24029,24023,23845,23827,23714,23493,23522,23745,23518,23474,23248,22779,22733,23032,22897,22167,22202,22106,21891,21844,21716,21625,21090,21151,20915,20964,20603,20665,20106,20087,20302,19807,19566,19769,19281,19359,19209,18919,18442,18298,18282,18084,18088,17783,17693,17484,17202,17347,16921,16678,16654,16319,16427,16182,15870,16060,15589,15512,15304,15333,15060,15098,14897,15010,14837,14346,14215,14194,13989,13718,13964,13855,13449,45900,43287,40719,38198,36220,34349,32039,30822,28818,26909,25789,24317,23348,21979,20937,19763,18877,18242,17240,16386,15645,14978,14625,13907,13139,12928,12264,11988,11480,11253,10924,10741,10372,9989,9670,9522,9090,9158,8745,8652,8254,8164,8016,7905,7704,7792,7532,7382,7349,7212,6945,7054,6807,6791,6633,6511,6481,6527,6309,6266,6210,6117,6104,6157,6053,6071,6000,5820,5755,5756,5653,5634,5478,5604,5526,5541,5438,5345,5441,5395,5353,5291,5522,5270,5182,5112,5111,5185,5077,5038,5061,5045,4979,4844,4811,4631,4432,4434,4111,3878,0,
11040,10967,13160,15191,16620,17711,18921,19724,20558,21072,21735,22492,22689,22904,23402,23249,23919,23932,23991,24090,24110,24452,24352,24397,24495,24492,24421,24453,24418,24340,24196,24003,24161,23958,23888,23636,23763,23445,23637,23210,23059,22989,22702,22525,22363,22480,21973,22182,22138,21817,21360,21443,21147,21060,20524,20532,20629,20317,20044,19849,19847,19545,19327,19179,19055,18667,18781,18418,18412,18095,18005,17691,17589,17684,17253,17078,16987,16755,16682,16589,16554,16136,16270,16003,15865,15667,15393,15413,15103,15218,14873,14854,14813,14639,14382,14178,14222,13880,13853,47053,44224,41567,39525,37015,34939,32907,31352,29238,27867,26178,25038,23911,22486,21329,20107,19344,18345,17428,16967,16183,15585,14736,13966,13745,13126,12754,12154,11798,11401,10966,10754,10319,10229,9908,9728,9326,9288,9020,8852,8623,8369,8291,8021,7911,7834,7639,7574,7357,7313,7281,7176,7093,6937,6844,6794,6669,6508,6484,6581,6373,6355,6174,6181,6219,6042,6036,5966,5999,5856,5901,5734,5739,5712,5685,5639,5520,5459,5434,5530,5456,5369,5620,5355,5327,5200,5273,5231,5072,5239,5050,5081,5087,5007,4861,4916,4765,4494,4245,3997,0,
11091,10968,13474,15215,16898,18112,19187,20081,20939,21482,22249,22667,22876,23594,23527,23920,24234,23989,24497,24802,24845,24869,24673,24882,24905,24951,24892,24702,24830,24728,24756,24428,24430,24368,24406,24301,24131,24094,23811,23719,23444,23308,23364,23344,22862,22414,22359,22525,22330,21985,21828,21578,21264,21347,21058,21129,21065,20773,20426,20318,20128,19708,19541,19691,19531,19544,19070,18930,18697,18493,18277,18111,17858,18042,17841,17612,17426,16969,16888,16959,16699,16693,16557,16146,16090,16133,15844,15527,15497,15433,15270,15249,14818,14717,14585,14546,14202,14275,13907,47643,45195,42540,39989,37794,35973,33662,31315,29909,28315,26853,25230,23902,22932,21769,20519,19580,18634,17715,17278,16546,15845,15199,14593,14132,13460,12885,12646,11984,11908,11419,10911,10741,10354,10110,9887,9666,9354,9002,8866,8942,8658,8388,8312,8179,7858,7903,7643,7660,7530,7291,7187,7248,7006,7052,7127,7018,6745,6642,6651,6606,6424,6412,6327,6255,6189,6314,6181,6230,6121,6002,5920,5995,5805,5684,5833,5855,5726,5707,5566,5626,5648,5551,5485,5444,5460,5417,5423,5370,5351,5328,5102,5263,5087,5050,4979,4784,4504,4307,4105,0,
11262,11240,13936,15441,17123,18343,19503,20296,21419,22037,22393,22900,23236,23726,24270,24014,24687,24896,24876,25218,25000,25508,25603,25263,25271,25304,25212,25310,25098,25183,25311,25184,24834,24775,24449,24717,24551,24069,24254,24109,24046,23737,23595,23662,23520,22798,22957,23002,22480,22382,22232,21854,21871,21614,21211,21438,21211,21331,20825,20342,20597,20358,20164,19601,19661,19453,19414,19023,18955,18738,18848,18475,18588,18327,17629,17884,17771,17484,17224,17207,16844,16642,16594,16564,16357,16187,15962,15880,15758,15566,15451,15147,15159,14929,15128,14734,14570,14420,14412,48944,45731,43544,40749,38363,36417,34160,32465,30918,28834,27362,25979,24742,23409,22063,20855,20025,19304,18245,17394,16733,16027,15376,14733,14298,13771,13154,12714,12292,12324,11624,11138,10971,10650,10307,10024,9575,9638,9247,9060,8960,9002,8514,8374,8303,8134,7969,7875,7575,7585,7485,7443,7332,7389,7221,7089,6980,7003,6773,6736,6642,6653,6586,6587,6390,6437,6268,6358,6217,6076,6089,6056,5923,6045,5811,5969,5963,5767,5776,5707,5683,5655,5779,5572,5415,5526,5536,5428,5530,5512,5464,5272,5375,5293,5238,5033,4883,4662,4391,4098,0,
11539,11710,14015,15892,17374,18711,19766,21044,21319,22189,22983,23038,23880,24209,24504,24849,25108,25384,25374,25478,25557,25328,25613,25857,25710,25947,25729,25861,25565,25208,25299,25694,25437,25175,25094,25084,25047,24892,24749,24465,24510,24080,24143,23935,23763,23475,23694,23213,22996,22685,22595,22668,22534,22286,21710,21572,21705,21402,21408,21104,20879,20474,20369,20427,20125,19732,19853,19390,19347,19199,19006,18803,18802,18384,18203,18065,17745,17681,17445,17405,17248,17297,16743,16859,16714,16193,16370,16117,15939,15742,15664,15646,15600,15258,15187,15026,14576,14704,14671,49734,47090,44002,41660,38824,37002,34570,33015,31215,29234,27829,26214,24919,23806,22612,21404,20609,19726,18606,17878,16991,16257,15622,15152,14527,13965,13438,13045,12519,12183,11862,11501,11234,10827,10477,10182,9910,9859,9716,9161,9020,9015,8730,8671,8456,8438,8194,7890,7748,7907,7645,7548,7499,7336,7149,7196,7119,7000,6844,6826,6809,6729,6527,6665,6502,6541,6474,6337,6291,6365,6205,6054,6189,6000,6054,6128,6109,5886,5980,5825,5826,5846,5641,5760,5822,5525,5643,5648,5632,5631,5498,5456,5352,5410,5404,5167,4948,4920,4507,4208,0,
11732,11553,14053,16208,17692,19002,20210,20802,21618,22770,23158,23576,24088,24727,25104,25186,25245,25467,25842,25890,25863,26181,26007,25983,26299,26117,26058,25772,26228,26115,25973,25804,25671,25503,25784,25466,25584,25040,24945,24981,24985,24302,24121,24512,24177,23822,23745,23529,23722,23429,23069,22518,22545,22196,22424,21984,21873,21781,21433,21485,21386,21188,20692,20335,20449,20169,20095,20022,19702,19427,19289,19119,18802,18810,18657,18335,18268,18186,17891,17701,17487,17537,16997,17140,16987,16649,16458,16451,16198,16155,16086,15728,15610,15259,15099,15291,14858,14870,14786,50280,47682,45007,41612,39549,37312,35497,33111,31340,29631,28189,26622,25251,24133,22893,21855,20958,19903,18744,18087,17371,16500,15842,15238,14613,14143,13662,13046,12713,12299,11859,11755,11158,10951,10715,10543,10038,9949,9752,9350,9418,9037,9063,8691,8473,8390,8239,8199,7973,7885,7811,7598,7528,7473,7414,7290,7319,7209,6870,7069,6883,6871,6778,6789,6675,6647,6689,6654,6398,6336,6280,6337,6367,6161,6232,6012,5982,6073,5832,5884,5880,5825,5856,5840,5800,5827,5702,5809,5745,5647,5566,5392,5552,5352,5518,5259,4964,4804,4539,4351,0,
11894,11748,14352,16164,18057,19296,20169,21357,22064,22880,23139,23734,24431,24867,25234,25329,25659,25886,26080,26000,26436,26282,26117,26436,26315,26484,26122,26660,26290,26339,26466,25998,26274,25800,25859,25707,25469,25444,25221,24973,24756,24584,24614,24716,24254,24374,23937,23849,23813,23472,23271,23190,22872,22596,22462,22357,22230,21647,21601,21636,21375,21092,21129,20672,20979,20318,20180,20268,19679,19593,19595,19442,19064,18885,18653,18499,18586,18147,18169,18077,17757,17419,17439,17061,16996,16943,16905,16617,16541,16470,16192,16004,15758,15702,15440,15275,14956,15197,14686,51163,48253,45141,42797,40541,38133,36029,33820,31527,30121,28438,26992,25675,24605,23208,21921,21076,19922,19391,18324,17252,16829,15859,15342,14964,14335,13775,13337,12919,12633,12221,11759,11352,11340,10608,10594,10302,10131,9677,9785,9152,9244,8906,8669,8543,8511,8407,8136,8111,7976,7856,7798,7769,7492,7546,7431,7250,7274,7017,7195,6961,6834,6862,6860,6819,6714,6512,6711,6516,6519,6462,6344,6325,6277,6184,6205,6104,5982,6133,5963,5898,5949,5947,5844,5900,5843,5839,5823,5677,5809,5859,5757,5659,5575,5509,5367,5034,4940,4649,4332,0,
12046,12054,14509,16675,18373,19480,20517,21556,22319,23201,23453,24252,24951,25129,25427,25617,26093,26275,26632,26678,26509,26996,26836,26906,26754,27242,26748,26867,26633,26246,26459,26495,26351,26236,26088,26103,25867,25825,25741,25361,25391,25200,24789,24810,24657,24685,24408,24075,24007,23867,23532,23456,23236,23059,22882,22382,22295,22138,22201,21659,21815,21376,21176,21136,21172,20644,20501,20102,19886,19972,19713,19578,19443,19156,18994,18875,18650,18470,18280,18148,17766,17710,17538,17319,17368,16989,16906,16759,16773,16605,16262,16119,15529,15615,15710,15447,15155,15332,14831,51472,48356,45980,43137,40409,38022,36003,34046,32196,30235,28938,27620,26087,24760,23432,22327,21069,20251,19175,18440,17646,16992,16209,15621,15023,14672,14055,13660,12936,12682,12349,11980,11727,11269,10852,10629,10474,10150,9970,9671,9559,9366,9165,8900,8690,8571,8541,8489,8289,8272,8015,8020,7814,7900,7584,7624,7487,7308,7224,7324,7173,7048,6863,6879,6713,6829,6650,6676,6612,6585,6540,6523,6533,6315,6410,6335,6189,6160,6086,6044,6106,6020,6105,6065,6057,5981,5831,5999,5785,5861,5662,5602,5666,5532,5603,5288,5357,5000,4818,4337,0,
11898,12351,14584,16760,18252,19671,20943,21920,22180,23530,24047,24547,24828,25336,25875,26152,26120,26474,26585,26992,26715,26969,27188,26748,27184,26772,26998,27264,27159,26835,26765,26908,26691,26119,26432,26147,26048,25875,25637,25864,25534,25354,25157,24885,25096,24849,24585,24302,24276,23895,23654,23589,23464,22952,23230,22788,22553,22575,22195,22118,21803,21742,21327,21186,20913,21041,20886,20564,20173,20072,20125,19608,19635,19351,19201,19077,18855,18584,18736,18429,18180,17633,17627,17629,17314,17246,16939,16775,16961,16604,16476,16306,16043,16118,15715,15783,15594,15405,15184,51889,48928,46376,43303,41063,38543,36425,34545,32594,30855,29327,27567,26545,24980,23343,22496,21679,20379,19620,18835,17957,17204,16534,15939,15014,14641,13989,13570,13151,12776,12262,12000,11450,11393,11070,10683,10553,10261,10027,9715,9525,9464,9318,9107,8924,8703,8534,8462,8387,8182,8070,7887,7865,7786,7639,7576,7386,7337,7331,7218,7352,7037,6986,7113,6816,6852,6914,6657,6787,6515,6525,6547,6489,6574,6469,6299,6223,6309,6164,6268,6172,6154,6116,6086,6033,6030,6018,5869,5888,5771,5886,5805,5730,5705,5462,5502,5324,5022,4804,4457,0,
12009,12054,14779,16711,18456,19814,20716,21934,22550,23161,23925,24667,24837,25488,26047,26287,26653,26687,27074,27162,27049,27188,27101,27231,27485,27327,27169,27334,27184,27350,27007,26831,26631,26444,26533,26503,26129,26112,26098,25868,25489,25613,25283,25246,25018,24578,24810,24715,24304,24024,23940,24016,23328,23539,23199,23071,22488,22808,22430,22360,21862,21961,21389,21534,21418,21020,20907,20857,20445,20324,20166,19964,19666,19754,19494,19259,19264,18925,18561,18480,18211,17981,17713,17650,17652,17429,17291,17036,16641,16866,16328,16580,16285,16138,15932,15805,15595,15668,15404,52774,49821,46583,44111,41437,39390,37078,34633,32798,31147,29471,27993,26417,25382,24089,22734,21522,20569,19725,19186,18079,17418,16696,15992,15406,14808,14314,13869,13210,12992,12394,12060,11696,11661,11243,10799,10602,10541,10315,9685,9852,9319,9206,9164,8897,8770,8640,8624,8530,8105,8350,8095,8006,7799,7653,7638,7718,7632,7523,7344,7258,7211,6944,7055,6954,6911,7000,6925,6920,6789,6612,6671,6566,6447,6433,6452,6317,6399,6431,6326,6248,6234,6076,6067,6108,6106,6040,6017,5830,5903,5918,5949,5918,5872,5734,5424,5312,5123,4888,4508,0,
12132,12101,14851,17018,18708,20092,21161,22266,22891,23779,24206,25099,25319,25507,25790,26571,26833,26979,26956,27164,27420,27646,27311,27317,27664,27154,27760,27421,27400,27160,27027,27140,26847,26633,27235,26829,26552,25779,26000,25882,26009,25423,25678,25513,25374,25039,24551,24693,24552,24151,23875,24002,23772,23401,23288,23258,22816,22931,22686,22181,22163,22093,21676,21819,21121,20902,21097,20747,20615,20478,20508,20154,19933,19635,19586,19408,19003,18941,18771,18709,18214,18452,18108,18080,17999,17471,17403,17485,16978,17030,16822,16615,16456,16224,16137,15944,15791,15756,15266,53195,49812,46999,44083,41869,39263,37278,35472,33047,31402,29728,28068,26587,25381,24022,23179,21828,20817,19674,18946,18265,17558,16871,16062,15569,15189,14584,13786,13646,12976,12648,12279,11941,11433,11305,10934,10567,10347,10312,10065,9699,9515,9235,9223,9117,8879,8967,8536,8330,8253,8221,7986,7988,7895,7874,7650,7466,7551,7399,7309,7325,7078,7143,7174,7097,6934,6965,6873,6776,6816,6729,6703,6639,6483,6554,6547,6525,6423,6344,6383,6240,6210,6212,6300,6161,6190,6121,6019,6068,6047,5976,5859,5904,5751,5621,5708,5326,5219,4766,4671,0,
12366,12444,14853,16898,18733,20092,21150,22180,22687,23851,24286,25229,25292,25624,26150,26566,26553,27009,27228,27330,27529,27493,27320,27310,27798,27360,27503,27652,27640,27442,27270,27442,27217,26931,27074,26737,26510,26789,26099,26224,26148,26144,25806,25545,25403,25367,24842,24995,24727,24478,24051,24221,23939,23514,23159,23187,23150,22904,22747,22125,22494,22315,21956,21610,21360,21077,21079,20933,20720,20463,20518,19833,19884,20124,19559,19666,19150,18915,18872,18579,18556,18155,18295,18154,17847,17632,17585,17530,17226,17043,16632,16789,16726,16337,16366,16170,15827,15779,15559,53203,49928,47293,44713,41804,39446,37253,35202,33194,31482,29877,28274,26853,25610,24311,23038,22112,21020,20196,19259,18152,17481,17031,16324,15555,14929,14590,13993,13658,13032,12666,12321,11745,11608,11220,10992,10703,10459,10182,9985,9759,9667,9498,9281,8983,9090,8721,8544,8428,8319,8311,8292,8072,8117,7824,7722,7740,7513,7370,7330,7324,7355,7174,7338,7183,7233,7260,6905,6777,6823,6712,6800,6628,6603,6503,6523,6626,6347,6373,6272,6223,6331,6198,6215,6171,6139,6145,6043,6048,6017,5875,5964,5914,5902,5694,5636,5484,5228,4968,4676,0,
12140,12633,15200,16893,18812,20170,21611,22567,23391,23983,24412,25024,25450,25908,26359,26370,26949,27182,27178,27439,27479,27636,27783,27832,27750,27867,27621,27480,27899,27280,27447,27501,27191,27255,26880,27139,26719,26720,26641,26107,26346,26068,25737,25478,25504,25291,25260,25193,24810,24541,24373,24208,24228,23666,23553,23292,23257,23103,22629,22465,22789,21851,21944,21772,21686,21331,21180,21028,20715,20404,20221,20026,19968,19968,19601,19816,19495,18885,19220,18855,18521,18382,18457,18051,17764,17628,17540,17417,16959,17127,16948,16690,16709,16518,16392,16031,16119,15936,15712,53538,50518,47868,44762,42320,39664,37329,35503,33257,31680,30063,28673,27078,25887,24460,23299,21855,20982,20074,19194,18818,17666,16808,16468,15719,14797,14443,14072,13615,13287,12880,12496,12076,11635,11339,11079,10658,10360,10392,10169,9617,9649,9356,9270,8970,8864,8783,8655,8590,8371,8305,8258,7925,7807,7933,7835,7922,7761,7539,7391,7345,7474,7236,7214,7034,7030,7092,6958,6834,6961,6799,6828,6634,6656,6621,6413,6516,6481,6525,6458,6431,6281,6209,6200,6211,6235,6147,6246,6110,5899,6095,6005,5980,5910,5610,5645,5571,5250,4832,4713,0,
12370,12379,14973,17133,18642,20168,21511,22241,23322,23787,24588,24949,25376,26057,26334,26757,26923,27190,27532,27620,27777,28067,27743,27906,28058,27775,27593,27585,27872,27639,27615,27440,27314,27246,27385,27137,26818,26373,26487,26309,26318,25983,25998,25605,25311,25302,25178,25282,24636,24657,24276,24298,24126,23747,23763,23439,23309,22932,22525,22613,22559,22412,22364,22023,21618,21540,21347,21246,20899,20839,20542,20125,20221,19752,19669,19472,19388,19262,19259,18833,18569,18613,18102,18186,18190,17798,17444,17536,17548,17062,17061,16828,16596,16294,16497,16031,16106,15716,15742,53603,50441,47455,44896,42369,40054,37623,35745,33600,31516,29824,28540,27191,25934,24420,23264,22218,21171,20446,19567,18370,17692,16890,16408,15791,15091,14465,14125,13655,13205,12745,12501,12261,11628,11303,11116,10816,10694,10386,10201,9795,9714,9458,9260,9074,8969,8766,8783,8644,8507,8415,8078,7970,8087,7961,7866,7789,7749,7472,7462,7581,7475,6986,7133,7356,6994,7109,6962,7003,6909,6900,6724,6810,6710,6607,6487,6441,6442,6500,6365,6376,6474,6290,6205,6381,6347,6274,6215,6068,6105,5976,5969,5954,5867,5718,5753,5446,5189,4892,4644,0,
12427,12488,15235,17265,19014,20312,21287,22707,23202,23955,24686,25493,25600,26040,26440,26850,27416,27017,27259,27382,27544,27615,27975,27889,27720,27387,28031,27845,27688,27525,27547,27337,27516,27248,27200,27302,27018,26759,26810,26595,26201,26164,26121,25686,25439,25635,25161,25104,24990,24389,24422,24315,23956,23774,23645,23435,23372,23192,22990,22836,22571,22461,21947,21839,21678,21498,21306,21370,21243,20482,20663,20114,20270,20045,20087,19676,19576,19356,18988,18761,18781,18613,18344,18453,17942,17702,17910,17501,17392,17132,17010,16875,16925,16809,16276,16299,16053,15774,15656,53268,50429,47514,44488,42483,40166,37852,35536,33717,31713,30009,28472,26938,25698,24700,23337,22253,21163,20397,19273,18613,17815,16906,16373,15807,15237,14665,14191,13598,13187,12785,12336,12093,11698,11389,11167,10885,10587,10371,10180,9958,9830,9507,9332,9105,9092,8925,8590,8557,8376,8343,8347,8142,8175,7992,7919,7754,7840,7558,7405,7553,7307,7422,7185,7167,7206,7071,7075,6935,6842,6793,6626,6883,6675,6544,6667,6493,6444,6392,6353,6582,6377,6275,6325,6251,6262,6236,6088,6230,6114,6169,6124,6128,6009,5740,5624,5496,5228,4993,4782,0,
12572,12525,15127,17252,18839,20352,21381,22364,23246,23941,24750,25524,25724,26055,26359,26786,27046,27188,27425,27878,27599,27851,27769,28064,28108,28064,28428,27698,27758,27426,27389,27412,27546,27277,27279,27361,27166,26668,26821,26628,26216,26146,25713,25880,25881,25360,25337,25098,25183,24601,24479,24308,24088,24035,23697,23719,23397,22938,22742,22845,22211,22008,22009,21868,21578,21313,21400,21201,21107,20565,20483,20323,20262,20150,19589,19508,19557,19064,19216,18775,18689,18460,18498,18087,18249,17777,17705,17607,17413,17171,16966,16764,16904,16375,16496,16285,16284,15863,15834,53797,50893,47721,45146,42243,40137,38015,35568,33653,31789,30028,28426,27095,25881,24664,23283,22291,21166,20215,19245,18443,17689,17029,16401,15927,15309,14617,14166,13559,13191,12820,12453,11999,11791,11517,11256,10668,10550,10419,10046,9940,9654,9494,9397,9245,9089,8914,8789,8662,8474,8405,8352,8121,8036,7842,7880,7987,7659,7522,7390,7487,7363,7461,7333,7201,7036,7013,7005,7004,6883,6894,6835,6694,6750,6773,6631,6646,6454,6584,6316,6505,6538,6472,6298,6181,6260,6263,6305,6259,6160,6030,6119,5947,5956,5750,5603,5543,5242,5154,4659,0,
12227,12337,14985,17155,18992,20167,21454,22439,23143,24064,24640,25136,25613,26425,26373,26383,27253,27255,27388,27592,27750,27824,27926,27911,28314,27886,27784,27751,27966,27631,27799,27501,27575,27162,27235,27111,26877,26721,26373,26555,26280,26319,26114,25804,25722,25351,25138,25296,25167,24702,24492,24352,24030,23756,23847,23316,23212,23129,23047,23073,22362,22330,22064,21836,21784,21587,21238,21039,21086,20990,20645,20238,20293,19940,19929,19683,19317,19217,19063,18888,18814,18814,18312,18217,18136,17839,17729,17443,17397,17088,17293,16968,16762,16382,16097,16267,16056,15938,15684,53768,50896,47960,45230,42639,40095,38092,35492,33923,31946,30430,28341,27151,25879,24442,23452,22233,21566,20339,19522,18627,17912,17020,16209,15835,15081,14604,14031,13693,13303,12884,12465,11874,11588,11552,11160,10752,10534,10302,10147,9951,9698,9586,9397,9090,8923,8958,8806,8628,8590,8404,8190,8242,8131,7964,7765,7702,7616,7570,7494,7455,7334,7332,7221,7199,7135,7113,7002,7034,6925,6782,6869,6749,6623,6630,6661,6687,6496,6431,6528,6480,6377,6294,6309,6363,6102,6234,6272,6166,6152,6110,6138,5949,5863,5806,5784,5548,5529,5018,4757,0,
12420,12444,15220,17224,18797,20283,21617,22229,23223,23840,24379,25099,25748,26238,26454,26793,27022,27351,27409,27293,27333,27994,27842,27893,27956,28137,28022,27891,27713,27292,27534,27221,27689,27454,27298,27204,27074,26876,26881,26840,26457,26139,25895,25977,25453,25571,25049,24939,24968,24595,24600,24222,23875,23835,23671,23485,23094,23073,22954,22618,22378,22491,22103,22157,21647,21269,20976,21298,20862,20577,20714,20288,20112,20096,19899,19414,19482,19232,19045,18758,18902,18724,17949,18323,17990,18093,17720,17568,17329,17163,17211,17075,16712,16450,16454,16341,16211,16010,15664,53853,50479,47499,44410,42175,40217,37573,35432,33638,32069,29811,28665,27299,25585,24580,23341,22126,21493,20360,19234,18746,17861,17087,16403,15695,15166,14758,14237,13782,13128,12851,12550,12015,11837,11617,11420,10814,10616,10434,10254,9860,9821,9606,9372,9272,8963,8905,8783,8560,8452,8404,8230,8175,8065,8026,7766,7733,7649,7675,7423,7540,7303,7370,7304,7258,7146,6979,6896,6932,7022,6885,6713,6685,6699,6723,6584,6620,6376,6584,6391,6408,6257,6299,6330,6312,6335,6118,6196,6137,6154,5854,5992,5890,5855,5793,5571,5401,5290,4907,4616,0,
12363,12590,15170,17224,18539,20155,21491,22320,23479,23984,25024,25397,25459,25819,26550,27092,27153,27270,27520,27400,27783,27602,27957,27932,27701,27926,27908,27764,27821,27766,27844,27155,27246,27292,27041,27013,26960,26782,26755,26290,26364,26071,26057,25593,25656,25462,25173,25073,25021,24562,24468,24261,24174,23996,23540,23442,23342,22950,22910,22668,22563,22195,22181,21933,21743,21532,21429,21160,20670,20883,20613,20528,20429,19767,19891,19464,19227,18971,18938,18754,18743,18467,18304,18307,18016,17874,17709,17563,17207,17060,16908,17002,16648,16590,16390,16281,16133,16032,15648,53385,50694,47618,44813,42106,39912,37858,35571,33376,31637,30218,28436,26955,25585,24401,23204,22053,21249,20161,19118,18440,17709,17119,16448,15818,15077,14520,14092,13771,13312,12894,12601,12079,11594,11395,11051,10841,10662,10422,10201,9870,9576,9489,9461,9189,8999,8657,8769,8676,8474,8409,8119,8225,7945,7919,7673,7613,7798,7740,7389,7388,7305,7255,7208,7244,7136,7047,6923,6968,6925,7018,6733,6670,6724,6509,6625,6629,6471,6276,6483,6397,6325,6300,6320,6349,6087,6220,6151,6201,6050,6004,6006,5998,5885,5789,5712,5402,5170,5134,4720,0,
12411,12189,15154,17302,18811,20038,21366,22231,23369,23859,24316,25252,25536,26040,26395,26636,26413,27087,27324,27324,27495,27778,27861,27629,27890,27891,27680,27841,27606,27652,27430,27609,27393,27209,27128,26980,26883,26658,26591,26146,26045,25986,26028,25745,25381,25502,24991,24688,24679,25099,24454,24288,23965,23668,23625,23270,23028,22874,23036,22615,22502,22231,21831,21820,21956,21363,21275,20945,20788,20494,20280,20284,20289,19709,19979,19616,18989,19360,18687,18625,18575,18595,18241,18052,17683,17685,17677,17266,17345,16889,16922,16484,16855,16145,16307,16019,15975,15801,15670,53589,50377,47334,44558,41962,39462,37617,35956,33329,31638,29977,28260,26928,25708,24304,23337,22097,20997,20400,19376,18562,17592,16932,16331,15721,15038,14564,14143,13623,13067,12957,12265,12027,11658,11454,11097,10631,10739,10457,9975,9976,9748,9442,9267,9137,9133,8784,8781,8481,8278,8479,8116,8264,8006,7782,7741,7740,7726,7624,7613,7479,7243,7181,7085,6985,6934,6935,6847,7056,6914,6789,6778,6711,6599,6605,6609,6629,6328,6494,6551,6257,6417,6378,6283,6121,6143,6098,6156,6099,6017,5940,5941,6067,5834,5701,5675,5352,5176,4950,4715,0,
12415,12383,14811,17149,18413,20198,21194,22319,23221,23778,24271,25125,25405,25942,26275,26286,26979,26857,27059,27325,27579,27395,27433,27412,27740,27638,27544,27716,27459,27148,27395,27415,26921,27077,26780,26568,26697,26319,26311,26194,26270,25819,25700,25587,25465,25264,25226,24846,24635,24780,24169,23939,23780,23617,23515,23292,23114,22906,22815,22383,22440,21989,21773,21450,21443,21306,21074,20810,20753,20424,20176,19808,20002,19630,19498,19333,19198,19203,18910,18554,18485,18360,18428,18123,17506,17619,17515,17264,17184,17061,16666,16595,16689,16428,16002,15820,15641,16032,15325,53279,50312,47557,44491,41955,39348,37317,34781,33262,31346,29750,28196,26749,25397,24098,23076,22180,21059,19896,19105,18533,17514,16820,16240,15468,14857,14340,14040,13439,12975,12788,12404,11997,11666,11250,10790,10603,10370,10217,9956,9864,9616,9572,9150,9016,8933,8600,8633,8332,8288,8435,8189,8212,7939,7855,7726,7584,7515,7534,7391,7490,7338,7136,7148,7201,6940,7017,6995,6827,6766,6755,6701,6762,6575,6628,6464,6538,6430,6410,6308,6330,6167,6284,6265,6320,6214,6163,6136,6160,6017,5964,5996,5794,5816,5704,5611,5356,5205,4916,4676,0,
12154,12353,15037,17061,18761,19709,21038,22145,23074,23539,24342,24822,25375,25553,26169,26311,26638,26821,26912,27104,27173,27512,27585,27398,27356,27845,27244,27346,27160,27219,27115,27155,27165,26875,26638,26650,26570,26326,26260,25929,26024,25964,25535,25391,25249,24936,25111,24723,24510,24357,23824,23875,23472,23276,23402,23214,23042,22614,22710,22801,22155,21755,21855,21597,21324,21032,21008,20830,20634,20505,20127,20224,19757,19777,19528,19196,19146,18902,18508,18659,18689,18215,17983,17799,17750,17790,17358,16996,16907,16957,16535,16512,16126,16229,16128,15778,15736,15532,15406,53451,49826,46948,44286,42038,39187,36852,35274,32814,31112,29371,28020,26783,25175,24092,22890,21562,20891,20060,19200,17973,17683,16556,15989,15632,14832,14417,13818,13471,12882,12483,12032,11956,11567,11255,11001,10659,10364,10119,9858,9610,9372,9201,9282,8904,8727,8565,8681,8576,8260,8282,8035,7957,7878,7773,7909,7708,7524,7195,7311,7396,7088,7185,6917,7034,6927,6802,6951,6847,6589,6673,6634,6608,6554,6618,6506,6570,6341,6368,6423,6348,6131,6314,6099,6127,6195,6002,6073,5906,5963,5892,5846,5810,5845,5621,5554,5527,5169,4904,4526,0,
11988,12059,14863,16848,18313,19721,20951,21626,22828,23517,24415,24768,25123,25320,25876,26001,26492,26463,26792,27025,27375,27081,27231,27229,27389,27157,27189,27168,27222,27076,26988,26744,26887,26613,26759,26294,26327,26408,25954,25508,25722,25494,25397,25189,24845,24661,24815,24484,24135,24089,24221,23975,23633,23378,23013,22968,22796,22430,22351,22422,22193,21813,21705,21667,21383,21137,20867,20360,20018,20284,20095,20118,19696,19918,19360,19231,19016,18699,18519,18517,18268,18283,18029,17782,17470,17340,17443,17020,16847,16905,16448,16314,16094,16118,16097,15780,15554,15438,15238,52790,49261,46439,44059,41309,39183,36789,34583,32678,31161,29442,27781,26410,25428,23957,22837,21797,20865,19839,18963,18086,17228,16553,15905,15277,14719,14447,13819,13632,12805,12560,12024,11801,11516,11156,10892,10495,10392,10036,9955,9726,9796,9282,9156,9191,8771,8766,8428,8504,8319,8382,8149,7998,7670,7906,7719,7585,7549,7529,7247,7152,7135,7120,7017,6967,6926,6950,6861,6693,6705,6650,6639,6523,6489,6410,6257,6346,6259,6284,6095,6268,6079,6249,6187,6162,6018,6062,6001,5997,5867,5818,5829,5758,5800,5694,5623,5329,5371,4799,4480,0,
11986,11936,14838,16590,18307,19560,21067,21595,22321,23135,23897,24603,24971,25303,25343,25969,26393,26391,26764,26782,26949,26954,27071,27107,27316,27293,27179,26918,26746,26997,26784,26839,26737,26490,26537,26476,26492,26185,25866,25944,25722,25423,25410,25089,24887,24880,24626,24350,24523,23903,23814,23469,23415,23247,22832,22703,22321,22197,22183,21894,21808,21753,21432,21148,21033,20948,20590,20484,20189,20004,20024,19709,19585,19255,19068,18972,18664,18510,18387,18319,17948,17813,17581,17752,17515,17296,17244,16899,16846,16411,16485,16122,15934,15757,15850,15569,15560,15511,15151,52590,49212,46310,43213,40948,38395,36337,34483,32467,31096,29457,27692,26159,24935,23568,22453,21474,20551,19646,18720,17653,17022,16667,15830,15220,14431,14368,13611,13290,12821,12350,12143,11905,11564,11304,10696,10501,10267,10014,9707,9519,9497,9232,8878,8855,8683,8366,8282,8274,8402,8058,7915,7826,7821,7698,7431,7433,7491,7321,7330,7183,7118,7080,6878,7045,6939,6849,6858,6791,6513,6577,6462,6457,6338,6384,6472,6210,6293,6272,6215,6086,6231,6048,6143,6114,5952,5986,5979,5975,5914,5849,5707,5793,5738,5530,5428,5211,5202,4872,4425,0,
11980,12092,14387,16732,18224,19425,20591,21473,22406,23136,23603,24039,24450,25523,25230,25730,25854,26215,26446,26207,26914,26628,26741,27202,26918,26737,26425,26614,26717,26539,26719,26814,26576,26171,26284,26217,25780,25804,25439,25495,25282,25216,24831,24583,24291,24185,24324,24188,23899,23864,23324,23566,23071,23166,22497,22548,22509,21977,21979,21489,21729,21271,21293,21036,20866,20691,20692,20058,20139,19900,19266,19564,19322,19154,19114,18672,18814,18399,18149,17940,17774,17751,17629,17275,17260,17166,16803,16769,16697,16507,16359,16117,15912,15849,15820,15442,15458,15349,14958,51723,48469,45656,42917,40675,38129,35987,34262,32217,30762,28785,27488,26188,24544,22997,22251,21077,20202,19113,18481,17727,16930,16319,15426,14978,14554,13706,13669,12984,12638,12198,11942,11482,11324,10985,10499,10481,10148,9956,9567,9529,9307,8940,8904,8819,8546,8371,8380,8207,8110,8088,8018,7653,7707,7505,7549,7470,7270,7359,7139,7112,6902,6962,6847,6928,6844,6576,6739,6586,6514,6524,6409,6406,6360,6175,6234,6260,6210,6231,6130,6191,6073,5992,5870,5930,5876,5902,6024,5964,5824,5773,5741,5654,5720,5583,5464,5238,4960,4638,4472,0,
11851,11755,14766,16322,17864,19197,20524,21308,22134,22979,23500,23839,24524,24970,24991,25413,25751,26018,25919,26545,26329,26555,26514,26440,26467,26656,26559,26624,26363,26160,26132,26189,26178,25989,25953,25750,25547,25461,25218,25065,24994,24866,24635,24483,24166,24268,23877,23720,23598,23503,23246,22961,22916,22786,22400,22475,22190,22043,21809,21515,21459,21391,20901,20712,20690,20460,20171,19912,20028,19570,19309,19180,19185,18948,18730,18499,18453,18180,18243,17842,17745,17566,17279,17088,17119,16863,16680,16667,16221,16235,16103,15872,16020,15684,15483,15243,15068,14812,14828,51398,47627,45008,42993,40347,37849,35982,33828,32080,30035,28675,27291,25784,24347,23100,22414,21208,20141,18869,18411,17580,16932,15866,15488,14737,14238,14068,13345,13060,12540,12196,11765,11415,10952,10696,10391,10440,9988,9644,9546,9233,9193,9052,8938,8722,8542,8306,8113,8080,8049,7773,7843,7586,7658,7443,7606,7373,7332,7209,7007,6923,6869,6902,6670,6846,6747,6680,6611,6552,6337,6485,6321,6348,6432,6217,6098,6129,6187,6232,5959,6099,6114,5978,5817,5823,5874,5833,5722,5762,5688,5536,5499,5582,5423,5331,5372,5043,4848,4611,4346,0,
11787,11960,14306,15973,17728,19043,20251,20944,21911,22610,23047,23642,24047,24323,24757,25163,25380,25342,25767,25653,26330,25850,25894,26130,26324,26343,26571,25963,26017,26115,25981,25860,25914,25760,25535,25456,25359,25211,24875,24640,24853,24367,24578,24373,24000,23902,23553,23624,23071,23202,23108,23041,22652,22445,22274,21969,22067,21905,21609,21416,20894,21048,20650,20702,20295,20057,20086,19565,19641,19531,19280,19063,19030,18688,18731,18445,18321,18027,17817,17808,17523,17228,17040,16928,16943,16668,16489,16549,16353,16194,15909,15817,15778,15350,15261,15239,14995,14966,14810,50149,47843,44783,42063,39760,37659,35483,33622,31339,29980,28101,26852,25335,24147,22804,21843,20708,19913,19183,17900,17480,16592,15836,15396,14668,14158,13473,13226,12738,12423,11941,11639,11251,10917,10714,10357,9966,9780,9615,9561,9366,9165,8863,8741,8608,8286,8390,8052,8070,7788,7680,7673,7516,7550,7399,7272,7260,7091,7044,6986,6832,6862,6849,6648,6622,6658,6488,6371,6423,6422,6271,6246,6188,6040,6229,6082,6036,5949,5994,5934,6000,5828,5743,5725,5742,5857,5827,5800,5648,5689,5536,5574,5459,5420,5451,5338,5037,4856,4701,4276,0,
11276,11622,13950,16233,17441,18632,20056,20630,21492,22142,23017,23308,23615,24270,24266,24912,24759,25385,25215,25592,25353,25733,25675,25933,25683,25961,25785,25918,25591,25523,25665,25645,25206,25348,25222,25352,25081,24616,24584,24653,24323,24001,24322,23898,23584,23530,23564,23322,23165,22827,22768,22356,22519,22337,21982,21932,21502,21356,21226,21171,20753,20577,20738,20518,20061,19924,19760,19544,19633,19364,18921,18939,18742,18234,18165,18246,18068,17872,17494,17630,17643,17036,16810,16804,16692,16497,16364,16265,16042,15689,15487,15683,15036,15134,15181,15091,14797,14564,14421,49475,46698,43651,41447,38940,36628,34553,33033,30693,29545,27926,26202,24992,23597,22409,21561,20248,19480,18593,17895,16976,16265,15807,15104,14236,13886,13440,13112,12453,12002,11662,11413,11143,10749,10645,10064,9878,9750,9692,9197,9092,8847,8885,8371,8649,8208,8069,7954,7913,8040,7901,7731,7362,7343,7322,7132,6843,6976,6911,6839,6733,6573,6573,6359,6541,6274,6508,6385,6252,6244,6115,6131,6084,5983,6108,6086,5912,5975,5984,5945,5712,5663,5760,5871,5664,5667,5729,5552,5606,5625,5474,5464,5331,5310,5317,5208,4961,4779,4536,4211,0,
11299,11328,13745,15692,17246,18418,19582,20542,21049,22019,22255,23034,23717,23561,23840,24196,24716,24328,24803,25105,24916,25272,25360,25447,25233,25138,25217,25372,25215,25250,25266,25031,24685,25032,24440,24748,24597,24536,24281,23847,23846,23824,23464,23603,23103,23074,22820,22680,22933,22519,22377,22185,21577,21627,21450,21384,21464,21157,20831,20548,20547,20380,20011,20010,19749,19481,19315,18884,18930,18874,18729,18663,18485,18320,17971,17903,17806,17556,17373,17259,16798,16972,16592,16489,16527,16233,16299,15881,15648,15581,15385,15486,15294,15055,14703,14502,14538,14483,14272,48902,46139,43480,40915,38537,36398,34443,32346,30768,28504,27457,25956,24752,23355,21876,21037,19873,18985,18436,17315,16694,16277,15408,14787,14318,13595,13316,12698,12238,11786,11573,11069,10802,10449,10139,10058,9805,9597,9481,9165,9159,8770,8637,8530,8462,8172,7918,7820,7740,7669,7580,7379,7378,7259,7299,7082,7092,6861,6950,6824,6621,6577,6589,6492,6596,6378,6360,6367,6238,6139,6143,6009,6100,6025,5936,6014,5874,5845,5766,5809,5590,5506,5633,5667,5563,5593,5533,5516,5569,5560,5320,5432,5354,5145,5168,5098,4910,4745,4524,4106,0,
11215,11168,13527,15321,16693,18039,19276,19994,21145,21577,22103,22488,23149,23336,23707,23900,24387,24307,24389,24599,24861,24665,24847,24708,24979,24865,25203,24952,24902,25013,24769,24545,24557,24665,24263,24125,23989,24071,23812,23789,23489,23533,23148,22953,23016,22776,22597,22643,22303,21977,21981,21804,21618,21356,21175,20984,20981,20530,20543,20254,20220,20065,19666,19747,19463,19323,19221,18936,18835,18473,18387,18193,18204,17861,17392,17777,17270,17121,17117,16694,16827,16491,16232,16224,16234,16108,15940,15700,15367,15246,15346,14751,14803,14610,14590,14323,14380,14177,13940,47688,45414,42430,40127,37514,35393,33541,31750,30034,28391,27076,25122,24098,22954,21569,20814,19463,18791,18053,17043,16505,15669,14950,14597,13965,13316,13008,12485,12010,11640,11366,10841,10726,10392,10108,9768,9629,9494,9223,8952,8926,8681,8278,8295,8179,7940,7896,7658,7548,7384,7403,7227,7077,6982,7038,6899,6900,6755,6741,6773,6608,6448,6388,6330,6411,6325,6199,6231,6078,6114,5827,6043,6025,5842,5762,5717,5744,5748,5767,5552,5571,5686,5531,5446,5499,5440,5453,5456,5313,5413,5181,5258,5286,5246,5090,4853,4751,4730,4434,4097,0,
10829,11030,13348,15295,16483,17965,18748,19382,20453,21081,21650,22333,22504,22673,23086,23598,23640,24000,24050,24284,24356,24329,24244,24350,24292,24389,24233,24283,24361,24336,24152,24103,24218,24213,23958,23798,23597,23511,23262,23473,23088,22988,22693,22398,22308,22397,21888,22269,21940,21793,21278,21668,20978,21075,20773,20680,20527,20372,20003,19921,19679,19661,19423,19378,19248,18858,18645,18491,18421,18362,18071,17979,17494,17503,17246,17182,16877,16916,16554,16444,16456,16195,16029,16095,15760,15383,15729,15340,15441,14909,15124,14901,14739,14379,14427,14222,14079,13989,13634,46907,44053,41427,39509,37109,35277,32949,31111,29362,27719,26177,25067,23584,22332,21331,20167,19132,18300,17432,17072,16073,15381,14820,14142,13679,12953,12759,12146,11823,11282,11069,10782,10383,10110,9827,9694,9513,9166,9019,8786,8395,8350,8225,8127,7802,7796,7650,7407,7355,7270,7253,7207,6976,6973,6818,6687,6828,6504,6637,6537,6416,6246,6413,6094,6216,6080,6012,6008,6029,5941,5924,5886,5704,5716,5694,5600,5603,5484,5561,5528,5669,5373,5330,5445,5409,5356,5271,5080,5209,5239,5097,4979,4974,5064,4973,4922,4713,4506,4211,4040,0,
10621,10681,12977,14885,16427,17532,18199,19290,20005,20672,21264,21759,21876,22456,23032,22953,23262,23380,23438,23603,23506,24135,23955,23913,24096,23846,23731,23648,24083,23870,23793,23935,23718,23540,23512,23380,23321,23045,23125,22346,22692,22534,22359,22092,22012,21721,21417,21464,21507,21185,20896,20895,20749,20384,20349,20216,19954,20192,19630,19310,19650,19170,18886,18726,18369,18307,18059,18152,17889,17665,17685,17520,17286,16932,16946,16959,16835,16415,16134,16306,16008,15926,15721,15563,15478,15150,15011,14918,14853,14460,14353,14101,14047,13975,14253,13902,13788,13675,13530,46443,43653,40862,38545,36084,33940,32509,30387,28459,27088,25789,24382,23092,22001,20669,19495,19036,18019,17318,16303,15721,15033,14303,13733,13182,12718,12434,11734,11470,11095,10757,10483,10236,9959,9484,9329,9267,8873,8695,8513,8114,8405,8123,7826,7693,7542,7244,7363,7259,7112,7057,6794,6908,6750,6695,6617,6596,6498,6324,6343,6308,6200,6126,6024,6002,5880,5901,5813,5950,5785,5722,5724,5643,5510,5565,5442,5378,5329,5334,5460,5367,5450,5327,5223,5216,5059,5145,5152,4998,5021,4968,5054,4978,4846,4656,4714,4578,4448,4156,3922,0,
10304,10345,12836,14567,15812,16984,18227,18733,19807,19939,20778,21239,21279,21934,22135,22524,22882,22844,22836,23243,23181,23309,23345,23493,23352,23529,23488,22964,23337,23212,22996,23113,22869,22683,22929,22694,22685,22236,22344,22507,22372,21812,21738,21796,21221,21276,21320,20750,20660,20649,20510,20569,20247,19804,19784,19576,19562,19228,19152,19128,18995,18762,18530,18227,18343,17984,17887,17586,17483,17440,17229,17144,16901,16662,16427,16546,16259,16126,15937,15861,15503,15446,15134,15237,14925,15016,14696,14481,14635,14491,14260,14187,14079,13756,13581,13539,13433,13164,13191,44907,42157,39953,37671,35058,33609,31225,29669,27989,26315,24876,23710,22440,21485,20134,19275,18207,17441,16830,15904,15253,14812,14010,13815,12965,12694,12184,11596,11204,10884,10570,10460,9783,9626,9161,9206,8846,8580,8428,8244,8006,8059,7891,7695,7596,7441,7473,7178,7216,6919,6946,6813,6727,6704,6504,6484,6394,6278,6063,6108,5997,5986,5884,5892,5868,5846,5739,5583,5782,5561,5477,5553,5581,5315,5526,5366,5210,5208,5257,5048,5283,5173,5134,5094,5030,4967,4949,5006,4943,4915,4981,4778,4879,4649,4546,4617,4355,4149,4060,3725,0,
10191,10367,12248,14051,15503,16485,17353,18131,19011,19445,19913,20756,20942,21396,21786,21666,22091,22156,22226,22213,22867,22743,22576,22733,22743,22652,22573,22722,22296,22602,22543,22466,22206,22297,22282,21843,22120,21781,21733,21595,21476,21679,21311,20937,20644,20950,20518,20484,20384,20319,19871,19637,19729,19246,19117,19076,19100,18978,18810,18382,18302,18029,18198,17836,17844,17534,17192,17146,17006,16879,16851,16579,16292,16006,15717,15851,15642,15675,15528,15270,15068,15086,15153,14971,14683,14381,14443,14265,14002,13779,13757,13625,13609,13390,13164,13014,13023,13038,12870,43858,41291,38756,36365,34325,32456,30556,28791,26900,25816,24067,23157,21838,20686,19714,18796,17781,16973,16228,15471,14785,14235,13586,13382,12594,12171,11638,11296,10807,10443,10197,9981,9535,9347,9255,8848,8661,8434,8308,8174,7743,7758,7633,7459,7296,7089,7143,6910,6813,6604,6591,6587,6467,6377,6323,6290,6238,6108,5947,5981,5854,5667,5802,5694,5700,5609,5559,5584,5446,5395,5435,5402,5150,5300,5215,5185,5166,5057,5077,5027,5086,4960,4988,4783,4889,4837,4913,4765,4699,4790,4644,4725,4647,4689,4573,4582,4162,4233,3832,3751,0,
9756,9925,11784,13452,14764,16123,16943,17680,18380,18988,19400,20007,20312,20391,20928,20944,21470,21562,21707,21874,21778,21829,21993,22048,22156,21533,21903,21882,21813,21861,21733,21822,21481,21646,21418,21432,21192,21110,20828,20866,20757,20430,20230,20431,20230,19990,19576,19906,19294,19627,19348,19221,18743,18865,18650,18450,18409,18168,17954,17820,17659,17784,17286,17302,17400,16816,16580,16550,16490,16380,16118,15995,15884,15641,15641,15508,15201,14923,14826,14821,14742,14626,14290,14187,14049,13840,14000,13861,13250,13526,13383,13149,13108,13036,12675,12797,12585,12473,12474,42386,39789,37648,35470,32964,31285,29281,27889,26176,24658,23355,22099,20957,20143,18859,18035,17243,16291,15553,15036,14181,13575,13114,12492,12116,11726,11358,10837,10357,10064,9793,9529,9350,8930,8644,8623,8289,8201,8109,7777,7795,7551,7372,7137,6982,6786,6896,6608,6500,6546,6483,6266,6177,6219,6089,6091,5977,5851,5856,5750,5658,5578,5511,5492,5474,5402,5393,5287,5260,5209,5098,5190,5075,5029,4924,5060,4758,4873,4973,4788,4736,4886,4736,4746,4674,4688,4748,4620,4627,4547,4566,4573,4515,4495,4454,4197,4220,3947,3772,3601,0,
9359,9571,11514,13178,14199,15203,16314,16825,17925,18414,18752,19334,19584,19883,20094,20315,20606,20771,21133,20801,20885,20894,21134,21276,21076,21153,21547,21299,21424,21010,20816,20905,20763,20633,20421,20507,20361,20437,20067,20152,19968,19885,19886,19700,19567,19387,19465,19161,18715,18702,18526,18356,18568,18211,18216,18021,17884,17568,17240,17260,17100,17054,16621,16698,16589,16363,16177,16180,16072,15678,15497,15390,15285,15179,14964,14572,14489,14504,14267,14293,14194,14038,14124,13723,13725,13380,13374,13101,13067,12908,12763,12654,12820,12306,12310,12083,12115,12028,11580,40956,38255,36178,33894,31858,29965,28368,26521,24987,23868,22662,21497,20325,19004,18315,17358,16546,15729,14991,14432,13826,13009,12720,11957,11504,11235,10849,10430,10064,9804,9423,9161,8881,8688,8469,8345,8023,7692,7672,7525,7385,7170,7147,6853,6750,6734,6437,6476,6473,6311,6099,6003,6022,5997,5760,5805,5782,5547,5621,5450,5503,5469,5301,5175,5303,5116,5287,5045,5035,5148,5025,4890,4954,4946,4981,4732,4831,4728,4761,4463,4559,4593,4598,4582,4546,4466,4431,4343,4377,4423,4371,4327,4245,4278,4163,4042,3874,3744,3523,3418,0,
9059,8963,11220,12337,13510,14639,15848,16409,16918,17385,18057,18298,18792,18833,19708,19695,19960,20001,19983,20055,20201,20192,20328,20456,20856,20210,20472,20386,20358,20112,19882,19752,20251,19974,19933,19702,19495,19232,19250,19342,19251,18878,18885,18757,18797,18660,18496,18336,18344,17793,17865,17709,17626,17358,17475,17049,16993,16950,16704,16560,16422,16065,15964,16044,15878,15570,15567,15290,15281,15043,14955,14929,14782,14623,14454,14169,14150,14025,13896,14072,13577,13528,13531,13049,13144,12833,12924,12694,12601,12511,12377,12075,12338,12057,11805,11805,11848,11537,11496,39319,37080,34661,32151,30652,28816,27108,25634,24045,22899,21764,20626,19606,18246,17445,16401,15747,14874,14603,13645,13027,12683,11967,11629,11153,10639,10362,10012,9672,9308,8887,8735,8545,8291,8174,7904,7618,7477,7156,7199,6820,6987,6756,6644,6520,6296,6201,6086,6060,6105,5917,5691,5876,5713,5687,5539,5369,5324,5391,5365,5140,5112,5042,5032,5068,5012,4896,4849,4833,4808,4817,4620,4704,4551,4675,4560,4500,4460,4467,4601,4335,4329,4383,4275,4297,4226,4196,4149,4362,4167,4064,4122,4023,3975,4046,3910,3860,3689,3510,3329,0,
8584,8704,10586,11972,13123,14113,14789,15569,16124,16922,17119,17908,18024,18171,18301,18731,18888,18922,19165,19499,19149,19491,19513,19516,19717,19666,19094,19474,19232,19404,19155,18984,19004,19193,19047,18892,18852,18426,18718,18512,18396,18537,18077,18185,17727,17630,17335,17546,17418,17019,16963,17133,16870,16760,16461,16225,16118,16051,15825,15816,15541,15358,15477,15000,15064,15163,14968,14550,14625,14328,14090,13996,13898,13874,13688,13345,13332,13362,13202,13125,12939,12898,12666,12540,12599,12428,12250,12069,12021,11956,11715,11852,11568,11441,11320,11193,11059,11223,10986,37258,34738,32864,31035,29462,27610,25701,24615,22920,21649,20709,19488,18370,17603,16547,15598,15092,14293,13710,12703,12643,11928,11331,10975,10530,10134,9858,9550,9305,8904,8697,8366,8087,7863,7562,7498,7365,7051,6795,6887,6608,6477,6345,6284,6269,6066,6010,5832,5856,5734,5576,5552,5513,5304,5266,5209,5169,5085,4985,4932,4937,5010,4693,4866,4798,4808,4709,4693,4604,4494,4446,4409,4446,4370,4337,4326,4425,4239,4275,4166,4212,4110,4191,4110,4041,4070,4032,4043,3996,3993,4001,3954,3887,3927,3833,3666,3680,3505,3267,3055,0,
8093,8244,10104,11588,12582,13549,14128,14877,15524,16069,16383,16527,16969,17291,17626,17887,17873,18170,18407,18364,18352,18428,18461,18459,18381,18500,18479,18504,18410,18159,18473,18351,18202,17848,17845,17906,17838,17775,17814,17650,17155,17439,17131,17008,16934,16714,16760,16704,16392,16221,16195,15835,15972,15692,15582,15641,15466,15077,14946,14788,14599,14664,14712,14601,14417,14307,14020,14048,13638,13636,13470,13396,13347,13176,13012,12829,12669,12408,12279,12083,12137,12005,11778,11926,11873,11648,11494,11533,11492,11093,11109,11063,11017,10870,10797,10511,10390,10574,10289,35789,33247,31220,29275,27450,25627,24399,22811,21681,20442,19268,18352,17407,16375,15675,14775,14114,13411,12922,12291,11828,11342,10788,10303,9962,9548,9258,8934,8531,8376,8046,7790,7544,7445,7243,6982,6981,6610,6594,6426,6433,6107,6059,5926,5756,5639,5730,5570,5471,5320,5290,5182,5133,4966,4946,4921,4974,4925,4786,4736,4653,4681,4532,4453,4491,4443,4537,4362,4286,4284,4255,4116,4158,4199,4101,4117,3961,4068,3995,3968,3894,3835,3830,3877,3862,3900,3766,3772,3820,3732,3724,3629,3683,3560,3521,3461,3394,3175,3101,2868,0,
7760,7736,9284,10870,11682,12474,13421,14161,14196,14972,15312,15642,16107,16337,16435,16652,16998,17024,17010,17264,17354,17446,17411,17327,17359,17324,17254,17269,17260,17439,17348,17197,17162,17186,16917,16746,16848,16599,16386,16350,16251,16434,16231,15840,15997,15899,15747,15659,15458,15489,15175,15070,14958,14873,14823,14797,14451,14405,14299,14075,13774,13890,13573,13730,13125,13351,13065,13039,12829,12966,12611,12448,12638,12364,12151,12087,11885,11942,11782,11635,11555,11414,11273,11113,10998,10978,10688,10784,10521,10615,10560,10257,10288,9997,9949,10054,9703,9819,9502,32908,31270,29607,27280,25977,24321,22555,21411,20328,18832,18021,16989,16014,15131,14531,13721,13183,12639,11978,11352,10839,10447,10014,9644,9392,9007,8645,8438,8143,7801,7624,7341,7229,6977,6791,6589,6274,6270,6362,5961,5700,5615,5718,5532,5442,5281,5262,5114,5191,4937,4904,4845,4745,4638,4597,4597,4642,4509,4599,4459,4409,4400,4420,4145,4302,4195,4137,4144,4167,3996,4015,3979,4067,3903,3922,3752,3831,3692,3790,3683,3733,3680,3663,3509,3667,3569,3541,3556,3542,3562,3399,3371,3392,3286,3368,3149,3169,2961,2951,2649,0,
7197,7049,8793,9914,10917,11726,12333,12972,13471,13912,14172,14564,14769,14891,15069,15594,15813,15742,15711,15764,15864,15921,15872,16190,16172,16205,16165,16218,16045,16064,15891,15985,16084,15943,15527,15587,15587,15761,15290,15248,15278,14928,14920,14832,14742,14549,14852,14543,14213,14087,14215,13764,13704,13794,13490,13370,13407,13260,13037,13122,12774,12872,12662,12493,12438,12339,12243,11939,11996,11700,11595,11489,11568,11410,11294,11120,11026,10787,10801,10641,10568,10468,10226,10343,10125,10130,9935,9931,9838,9749,9771,9378,9332,9362,9374,9264,9027,8944,8828,30613,28979,26817,25636,23951,22252,20919,19647,18724,17422,16558,15749,14831,14214,13382,12758,11987,11595,10978,10452,10068,9762,9323,9169,8584,8203,7840,7793,7328,7332,7136,6936,6691,6437,6151,6079,5869,5844,5757,5560,5440,5223,5233,5242,5125,5081,5032,4897,4851,4669,4674,4587,4450,4468,4440,4280,4312,4213,4293,4125,4024,4027,3950,3907,3889,3875,3867,3841,3807,3791,3714,3736,3651,3543,3475,3677,3668,3505,3484,3444,3443,3434,3444,3293,3348,3372,3309,3190,3350,3301,3380,3202,3159,3131,3075,2989,2936,2756,2754,2432,0,
6625,6361,8023,9063,9998,10694,11289,11781,12268,12374,13028,13435,13588,13719,13943,14130,14069,14268,14520,14464,14791,14721,14694,14599,14769,14639,14635,14802,14736,14573,14614,14595,14470,14189,14213,14143,14167,13888,13728,13659,13874,13693,13627,13728,13480,13175,13217,13030,13153,12788,12887,12571,12482,12374,12082,12402,12054,12083,11821,11759,11735,11461,11565,11425,11295,11249,11072,10768,10779,10701,10897,10441,10282,10254,10149,10056,9972,9853,9848,9884,9691,9431,9288,9304,9118,9065,8951,9005,8739,8712,8654,8593,8676,8413,8429,8295,8274,8148,8057,27545,26191,24391,22701,21304,20192,18876,17695,16791,15918,15035,14035,13426,12745,12213,11676,11045,10452,10002,9486,9044,8828,8355,8152,7849,7435,7385,7137,6704,6770,6465,6136,6020,5969,5773,5597,5507,5261,5201,5229,5089,5082,4927,4618,4655,4568,4664,4455,4307,4355,4342,4219,4173,4154,3975,3999,4043,3895,3865,3844,3731,3669,3711,3710,3676,3616,3595,3593,3453,3438,3437,3286,3273,3320,3415,3322,3358,3215,3281,3152,3145,3194,3182,3165,3118,3025,3058,3067,3025,3037,2908,2914,2957,2750,2831,2825,2591,2592,2441,2334,0,
5790,5923,7010,8038,8789,9724,9989,10334,10987,11076,11405,11703,12258,12242,12324,12448,12790,12982,13064,12910,12807,12995,12966,12981,12888,13015,13277,12670,13066,13003,13193,12914,12685,12755,12629,12548,12510,12439,12408,12345,12201,12169,11928,11923,11869,11724,11648,11674,11691,11673,11220,11229,11150,10896,11065,10710,10703,10498,10418,10490,10171,10398,10184,10027,9948,9915,9823,9598,9571,9622,9518,9259,9247,9055,9019,8918,8869,8791,8759,8682,8549,8422,8558,8298,8161,8066,8118,8051,7956,7876,7736,7635,7603,7408,7484,7461,7301,7286,7133,24927,23116,21670,20101,18880,17732,16780,15528,14829,13985,13212,12598,12072,11444,10851,10176,9771,9397,9097,8723,8287,7930,7616,7307,7209,6770,6645,6534,6173,6070,5868,5710,5534,5398,5390,5239,4966,4928,4694,4644,4667,4534,4365,4328,4470,4196,4096,4138,4031,4006,3870,3924,3790,3735,3739,3632,3669,3622,3520,3523,3419,3495,3397,3424,3303,3345,3241,3265,3206,3177,3142,3099,3073,3072,3037,2951,2983,2911,2920,2841,2919,2862,2884,2749,2903,2794,2762,2765,2798,2648,2695,2707,2626,2620,2516,2479,2383,2301,2221,1940,0,
4954,5132,6046,6813,7577,7978,8483,8974,9408,9540,9749,9950,10241,10429,10561,10640,10598,10860,11020,10868,11009,11125,11044,10969,11086,11184,11064,11030,10964,10827,11122,10948,10879,10653,10525,10746,10675,10689,10458,10334,10310,10250,9956,10083,9857,10018,9796,9704,9661,9662,9543,9525,9231,9227,9341,9038,9028,8813,8898,8692,8659,8567,8592,8470,8434,8421,8296,8257,8084,7858,7910,7772,7729,7688,7581,7540,7676,7471,7434,7326,7395,7245,7261,7087,6959,7087,6830,6958,6820,6747,6703,6650,6476,6587,6592,6409,6338,6285,6299,21144,19702,18105,16796,15993,14795,14161,13304,12843,12121,11409,10773,10209,9649,9469,8941,8570,8155,7901,7611,7332,7039,6493,6486,6259,6086,5971,5639,5454,5317,5294,5153,4994,4775,4702,4642,4566,4340,4324,4233,4170,4199,4033,4035,4001,3682,3682,3665,3603,3645,3536,3503,3510,3473,3329,3356,3251,3252,3274,3185,3139,3070,3057,3006,3086,2969,2984,2905,3014,2993,2812,2795,2847,2698,2747,2694,2701,2759,2604,2670,2552,2577,2506,2599,2530,2509,2490,2477,2470,2402,2349,2372,2324,2416,2256,2306,2137,2101,1960,1822,0,
3898,3873,4728,5264,5854,6352,6659,6922,7368,7554,7633,7873,8168,8043,8273,8278,8585,8449,8631,8682,8677,8636,8659,8603,8624,8603,8541,8620,8575,8482,8457,8311,8453,8286,8331,8048,8224,8054,8230,7944,8015,7909,7746,7819,7710,7664,7576,7556,7472,7286,7327,7216,7241,7198,7222,7009,7032,7072,6974,6816,6981,6853,6798,6652,6687,6591,6489,6576,6454,6286,6399,6268,6292,6134,6117,6118,6126,6179,5899,6025,6011,5878,5902,5792,5761,5720,5636,5609,5714,5558,5544,5565,5420,5502,5272,5288,5222,5272,5348,16728,15343,14290,13525,12642,11988,11637,10984,10484,9860,9630,9052,8737,8434,7964,7509,7348,7081,6753,6672,6353,6009,5842,5726,5512,5347,5147,5053,4861,4730,4559,4558,4508,4157,4180,4121,4029,3949,3889,3824,3692,3650,3507,3553,3412,3415,3314,3324,3361,3154,3159,3123,3015,2972,3105,2981,2995,2944,2907,2857,2833,2861,2741,2815,2750,2665,2595,2641,2614,2467,2519,2424,2454,2448,2406,2447,2363,2404,2411,2257,2349,2284,2260,2327,2245,2303,2124,2173,2197,2191,2139,2049,2166,2093,1986,1963,1924,1774,1714,1510,0,
2113,2069,2530,2927,3279,3532,3659,3891,4034,4226,4214,4347,4451,4372,4568,4459,4661,4603,4772,4623,4870,4823,4569,4816,4876,4920,4863,4887,4862,4857,4895,4784,4853,4743,4848,4659,4933,4824,4823,4881,4845,4968,4857,4980,4824,4884,4860,4767,4860,4965,4863,4724,4809,4860,4858,4723,4769,4732,4750,4794,4706,4716,4734,4696,4608,4726,4745,4602,4652,4736,4537,4617,4537,4487,4617,4574,4523,4628,4550,4508,4589,4585,4439,4420,4335,4456,4395,4406,4470,4351,4361,4349,4364,4318,4200,4229,4294,4284,4085,10325,10388,10158,9982,9353,9274,8911,8680,8209,8049,7810,7339,7270,7001,6760,6420,6341,6000,6036,5595,5411,5259,5016,4812,4754,4638,4494,4366,4118,4095,4029,3883,3764,3792,3657,3455,3602,3424,3318,3322,3314,3132,3184,3116,2992,3061,2925,2898,2892,2851,2919,2762,2710,2752,2596,2568,2606,2517,2563,2436,2492,2382,2363,2463,2412,2381,2333,2282,2300,2289,2223,2274,2167,2199,2166,2143,2101,2159,2087,2105,2019,2059,2005,1938,2003,2060,1937,1897,1969,1886,1818,1849,1766,1752,1719,1663,1602,1544,1433,1350,0,
12,35,42,68,95,120,175,178,236,225,288,330,379,462,495,546,633,683,707,813,882,889,907,1030,1175,1211,1303,1264,1386,1506,1586,1601,1662,1799,1778,1856,1904,1983,2041,2119,2168,2333,2233,2372,2343,2454,2528,2590,2558,2606,2540,2706,2654,2780,2799,2715,2840,2889,2842,2864,3018,2853,2961,3020,3113,3001,3105,3188,3135,3116,3099,3135,3260,3105,3199,3239,3176,3304,3222,3275,3210,3252,3299,3290,3298,3257,3315,3324,3175,3313,3261,3355,3276,3241,3245,3328,3253,3296,3260,4815,5947,6752,6624,6945,6682,6851,6545,6561,6213,6050,6100,5844,5609,5429,5282,5173,5024,4875,4755,4572,4502,4294,4150,4053,3881,3915,3774,3673,3620,3487,3392,3319,3313,3171,3149,3107,2980,2981,2889,2819,2785,2689,2691,2684,2609,2577,2603,2543,2489,2499,2420,2333,2304,2360,2385,2322,2265,2290,2125,2228,2159,2117,2184,2186,2070,2035,2049,1962,2016,1939,1894,1900,1946,1876,1905,1837,1899,1834,1890,1776,1766,1739,1791,1720,1709,1774,1640,1650,1620,1651,1633,1527,1535,1520,1534,1385,1321,1263,1133,0,
9,23,23,54,48,63,101,105,104,124,148,142,187,182,214,229,221,270,263,286,336,333,355,364,422,449,419,521,536,538,577,654,615,724,803,848,864,874,907,1027,1045,1085,1107,1193,1211,1227,1302,1350,1357,1443,1518,1544,1585,1564,1649,1752,1767,1636,1836,1746,1874,1853,1940,1960,1973,2042,2069,2042,2005,2157,2184,2243,2188,2325,2341,2191,2357,2246,2342,2287,2318,2432,2407,2367,2425,2507,2476,2494,2520,2502,2532,2574,2504,2558,2600,2473,2558,2594,2553,2932,3481,4153,4501,4511,4839,4767,4728,4842,4881,4777,4729,4698,4436,4429,4322,4178,4117,4072,3903,3875,3704,3615,3466,3431,3334,3214,3143,3183,3012,2995,2910,2839,2810,2799,2702,2664,2620,2500,2586,2428,2464,2314,2334,2346,2321,2313,2140,2195,2127,2226,2124,2242,1961,2067,2083,2038,1935,1912,1810,1900,1924,1897,1861,1823,1849,1840,1780,1785,1753,1656,1661,1643,1714,1594,1599,1683,1619,1594,1600,1644,1508,1521,1562,1436,1474,1524,1423,1397,1398,1399,1462,1331,1307,1290,1180,1149,1128,1012,958,0,
5,7,25,22,49,63,91,89,90,114,125,141,144,150,156,186,159,213,229,232,214,280,272,299,331,364,388,380,392,414,435,449,525,519,543,563,547,611,641,648,632,703,738,765,812,834,871,928,931,1024,947,920,1034,1129,1077,1205,1176,1203,1229,1274,1329,1314,1363,1333,1424,1451,1500,1517,1514,1560,1541,1654,1653,1663,1755,1726,1645,1739,1789,1802,1822,1852,1818,1822,1841,1902,1997,1920,1937,1959,2003,2007,1971,1989,2100,2093,2027,2038,2042,2148,2358,2717,2973,3224,3489,3536,3550,3661,3736,3694,3669,3514,3428,3638,3484,3279,3383,3340,3237,3184,3042,3074,2967,2833,2751,2670,2726,2691,2598,2499,2462,2417,2452,2401,2243,2311,2271,2264,2138,2134,2068,2058,2056,1959,1899,1933,1996,1946,1848,1810,1833,1810,1845,1753,1689,1740,1701,1704,1649,1691,1639,1658,1596,1634,1624,1613,1506,1535,1444,1519,1531,1509,1471,1472,1402,1426,1468,1370,1394,1439,1331,1352,1277,1312,1287,1266,1273,1286,1203,1198,1157,1150,1110,1164,1046,978,939,900,752,0,
0,8,18,32,43,49,65,81,87,83,109,116,139,140,154,154,181,188,200,216,214,209,247,242,273,278,336,340,342,383,412,432,437,444,476,489,512,570,558,586,587,638,595,635,650,646,693,708,740,783,802,775,825,841,881,905,897,959,989,948,1028,1036,1106,1047,1110,1161,1166,1172,1130,1242,1286,1252,1291,1305,1276,1336,1390,1451,1389,1451,1436,1436,1480,1542,1483,1497,1575,1554,1576,1643,1570,1659,1646,1636,1671,1675,1741,1704,1698,1769,1822,2080,2335,2324,2496,2615,2635,2767,2830,2832,2916,2914,2783,2826,2807,2854,2652,2653,2590,2594,2610,2521,2509,2417,2391,2394,2308,2321,2242,2235,2241,2108,2039,2051,1980,1939,2003,1864,1785,1870,1782,1731,1847,1753,1721,1698,1655,1685,1641,1630,1587,1606,1618,1561,1579,1475,1503,1420,1455,1382,1405,1450,1375,1340,1460,1313,1370,1324,1302,1288,1323,1235,1333,1259,1266,1189,1188,1258,1123,1208,1217,1207,1141,1104,1061,1079,1102,1074,1053,1020,1012,968,1002,969,898,840,849,728,621,0,
9,15,12,27,38,37,59,72,75,81,83,109,100,131,147,158,152,173,191,193,217,216,268,237,264,277,265,285,289,334,331,366,422,383,417,456,420,442,466,483,497,542,550,599,593,612,588,669,614,630,634,655,678,734,767,806,822,821,874,847,860,891,940,958,957,931,948,947,990,1083,1084,1036,1103,1124,1055,1118,1149,1164,1230,1239,1231,1234,1282,1293,1267,1292,1299,1266,1358,1387,1347,1439,1414,1346,1391,1422,1350,1337,1426,1529,1502,1644,1717,1818,1971,2014,2033,2136,2152,2184,2276,2313,2319,2292,2308,2268,2193,2178,2131,2179,2189,2162,2175,2088,1953,1988,2074,1908,1944,1865,1818,1869,1764,1749,1774,1758,1729,1637,1620,1627,1635,1549,1533,1451,1455,1517,1437,1522,1394,1407,1350,1380,1349,1334,1385,1328,1283,1287,1257,1295,1294,1236,1207,1154,1176,1154,1202,1161,1163,1106,1176,1160,1087,1073,1117,1067,1051,1068,1012,1021,980,983,1000,971,911,913,886,886,898,920,875,875,834,787,784,691,614,624,575,0,
3,12,10,18,26,44,64,46,62,70,80,95,91,98,119,140,156,193,156,167,183,208,195,235,221,240,249,283,264,319,338,345,338,372,378,387,404,385,460,476,440,448,543,474,513,580,579,585,606,609,599,650,626,667,707,710,715,693,721,780,747,813,831,871,782,864,884,913,878,881,940,928,922,961,917,995,1032,1019,1031,1032,1045,1081,1071,1058,1069,1125,1080,1201,1102,1092,1237,1200,1198,1157,1208,1202,1286,1226,1264,1335,1382,1381,1455,1494,1539,1582,1678,1677,1717,1801,1702,1795,1829,1877,1819,1843,1793,1870,1875,1825,1778,1822,1697,1632,1697,1595,1630,1612,1586,1618,1633,1518,1465,1531,1478,1427,1432,1430,1426,1353,1348,1344,1340,1337,1304,1257,1256,1256,1194,1263,1188,1203,1193,1165,1114,1202,1172,1105,1101,1168,1082,1042,1006,1004,1057,1039,987,1056,996,1007,1017,1020,919,910,992,922,890,940,918,872,892,873,817,838,832,858,791,761,732,724,751,723,661,679,662,617,521,497,451,0,
4,3,7,15,16,29,36,49,53,71,71,82,95,83,110,131,124,117,139,169,160,178,189,195,223,208,212,211,272,280,317,274,309,374,369,348,346,429,388,393,424,411,471,431,471,476,515,536,534,565,554,612,579,622,586,645,708,689,670,689,743,762,738,713,784,747,802,775,807,846,838,834,843,824,888,851,883,867,925,895,935,954,976,954,1020,1082,1008,1025,988,1062,987,1000,1007,1078,997,1115,1061,1136,1080,1146,1166,1219,1202,1304,1237,1303,1420,1464,1337,1479,1400,1517,1468,1471,1525,1488,1535,1501,1466,1546,1384,1456,1488,1403,1445,1362,1341,1354,1353,1354,1352,1308,1243,1346,1265,1199,1241,1216,1199,1212,1132,1171,1105,1180,1173,1106,1046,1112,1072,1020,1042,1009,997,1012,966,976,981,1021,959,954,900,952,873,889,875,863,890,899,826,885,832,852,788,810,792,794,775,812,775,762,728,740,750,739,729,724,697,671,665,682,620,562,581,567,521,506,480,431,393,0,
4,7,6,18,21,28,29,38,52,53,51,73,69,87,105,104,87,133,144,151,166,157,174,199,194,196,245,223,239,242,273,252,279,310,304,302,336,352,352,352,386,388,405,420,446,445,512,483,493,497,493,487,536,546,567,619,586,604,549,607,620,643,675,679,657,697,697,757,750,764,700,759,790,766,748,821,767,804,818,773,824,833,799,849,782,823,891,920,912,908,857,936,947,927,946,935,964,980,945,974,1023,1013,1014,1015,1088,1141,1126,1156,1162,1141,1215,1285,1209,1271,1288,1177,1214,1276,1218,1193,1236,1156,1189,1172,1132,1163,1168,1164,1108,1167,1092,1077,1105,1059,1146,975,1016,1008,1030,1014,926,1032,981,974,918,881,934,935,912,922,896,869,863,879,890,865,871,832,812,784,822,779,767,792,782,767,720,762,706,725,746,707,732,747,620,681,670,648,651,646,671,627,631,609,559,601,570,554,560,543,540,507,504,525,450,414,400,380,326,0,
1,8,8,13,22,21,33,23,39,38,56,51,79,81,75,89,97,98,127,117,134,132,146,155,165,190,201,208,195,217,216,238,248,244,286,262,284,294,316,336,313,352,346,383,377,355,393,406,399,422,452,466,476,497,478,493,539,487,510,497,532,598,568,588,572,573,608,601,626,619,619,658,649,617,648,671,666,649,702,706,697,698,707,730,700,708,697,713,748,758,776,794,811,785,812,813,828,832,823,874,886,899,887,891,850,913,895,920,875,871,976,950,971,961,947,1000,987,921,912,932,950,947,916,945,955,952,940,974,976,881,890,852,888,926,871,841,899,815,819,846,826,741,802,817,804,763,778,756,707,784,725,711,729,746,688,652,643,665,662,685,582,649,666,681,613,630,615,654,592,648,613,607,582,594,577,547,565,534,548,584,520,564,524,517,480,517,454,467,464,473,439,408,433,401,389,367,340,293,251,0,
6,3,5,7,11,16,23,18,35,37,34,42,42,37,50,68,60,61,85,89,111,85,109,106,115,104,122,143,143,155,167,169,197,191,197,203,236,232,215,234,218,226,279,278,266,296,289,301,302,298,330,340,350,349,407,384,370,400,412,400,411,409,424,437,449,455,449,496,471,445,437,482,512,501,527,515,522,506,518,535,565,585,522,542,512,575,586,552,604,576,585,628,666,628,576,656,583,654,648,650,652,636,692,670,690,691,696,715,668,704,698,749,760,678,748,716,711,762,722,727,660,719,705,714,700,717,708,680,675,657,651,651,717,711,674,649,562,618,649,632,623,602,574,633,555,569,563,547,610,564,543,585,532,555,564,547,574,560,537,555,535,512,523,542,504,515,533,524,466,528,529,506,472,469,472,473,497,447,475,454,420,432,406,419,422,391,413,412,396,377,400,358,346,343,283,312,295,270,238,0,
2,1,0,2,2,4,5,3,6,10,9,11,8,22,17,14,21,28,19,19,23,24,34,46,42,50,43,43,57,46,60,85,70,89,81,87,98,103,100,118,126,106,114,137,129,149,168,156,153,166,179,163,185,183,190,177,196,204,212,190,220,230,233,201,232,260,250,252,235,292,278,285,276,268,264,305,281,283,282,278,291,282,315,363,340,322,313,336,321,358,356,361,341,355,408,364,360,383,404,408,411,370,434,378,407,430,410,468,422,463,398,435,447,437,470,462,431,482,449,487,426,465,448,470,448,462,498,448,476,490,424,459,471,432,465,463,445,444,448,449,454,454,413,471,424,439,460,453,406,424,415,415,420,438,418,397,435,415,434,391,403,409,406,411,391,407,375,379,401,366,387,363,410,401,395,391,376,390,365,392,362,368,325,334,354,340,337,335,306,328,316,309,295,300,259,264,233,205,193,0,
0,1,1,3,1,1,3,1,1,3,6,2,6,3,8,5,7,10,6,7,8,3,15,13,19,13,13,23,12,26,22,27,22,24,37,32,40,50,37,41,55,49,58,58,58,68,51,58,57,65,64,74,74,96,76,88,104,85,92,91,95,103,113,123,112,110,117,117,101,102,129,126,127,140,149,125,130,166,161,147,132,159,166,162,192,175,178,206,183,183,201,205,194,204,202,211,189,232,210,206,240,208,236,217,252,215,222,215,215,230,251,261,249,239,249,262,277,272,245,246,262,284,288,283,305,290,303,298,302,299,269,299,295,283,335,292,315,320,274,298,346,317,305,304,309,307,316,296,297,315,275,285,292,283,309,312,335,308,273,267,315,304,310,274,328,316,320,299,282,282,319,311,302,320,308,309,310,290,310,296,330,268,262,261,262,276,247,265,269,269,283,243,231,250,232,230,194,170,158,0,
3,1,1,3,0,4,1,2,0,2,2,3,2,7,3,3,2,5,6,7,2,6,7,8,10,6,10,9,14,12,8,11,12,13,11,14,14,14,18,20,18,20,19,22,33,27,25,27,19,29,38,25,29,34,38,46,25,38,51,39,40,37,49,52,45,57,52,48,59,66,72,49,62,59,71,65,63,76,72,68,85,77,75,69,82,100,93,92,114,110,89,91,119,104,93,126,99,125,124,114,132,129,113,106,144,158,154,126,141,145,150,144,128,140,133,155,167,159,138,162,164,180,147,161,186,154,176,187,177,183,205,186,180,192,199,193,225,217,216,195,214,209,210,200,212,217,222,187,225,213,218,226,225,219,207,230,241,204,232,234,225,221,218,251,228,216,241,220,236,221,238,258,238,232,194,232,220,220,249,234,247,238,212,216,232,198,225,230,229,222,197,213,216,211,187,180,195,135,159,0,
1,0,1,1,1,2,0,3,2,2,1,2,4,2,1,1,3,2,0,1,5,4,4,4,4,5,4,5,1,5,3,6,5,7,2,3,7,14,8,10,9,10,11,10,11,7,11,11,20,17,13,17,15,18,22,8,26,23,24,30,26,38,32,24,18,31,33,35,39,25,21,36,27,39,42,27,48,33,57,34,44,47,53,57,59,46,60,57,59,45,44,61,51,69,64,68,75,54,68,50,72,79,70,84,84,69,67,104,85,88,83,91,89,72,120,103,73,116,96,106,112,112,113,125,112,110,115,131,112,102,103,123,116,130,140,116,148,139,134,146,124,155,141,137,172,132,142,143,159,138,151,161,152,154,155,157,162,147,133,173,176,160,160,167,165,156,178,183,164,168,170,184,190,186,165,196,171,175,193,166,185,172,198,179,206,166,164,163,170,180,176,194,175,166,155,147,157,141,128,0,
2,1,0,2,3,1,4,1,0,0,0,2,3,3,3,1,5,6,6,2,2,8,5,3,2,3,0,2,3,6,7,4,7,1,5,8,7,8,6,2,10,3,3,10,5,5,14,13,6,8,9,9,14,18,17,14,8,11,13,17,17,19,20,25,18,25,16,26,17,28,22,25,21,28,17,21,25,27,28,24,30,37,39,31,31,43,35,60,37,34,39,34,40,36,44,43,37,51,45,44,56,53,54,55,48,48,69,52,65,62,46,61,65,70,65,67,76,54,89,75,81,90,89,84,80,80,101,93,81,84,97,93,81,88,80,76,98,93,92,95,97,94,90,111,95,102,138,114,100,113,126,122,118,84,115,109,121,144,122,129,121,145,145,146,140,133,126,128,120,132,123,132,134,148,150,149,151,135,154,159,154,161,152,147,137,158,140,139,157,139,139,165,124,137,155,131,116,126,112,0,
1,0,1,1,2,0,0,0,0,2,2,2,1,3,1,2,2,4,4,3,4,3,3,1,6,3,4,2,1,4,2,6,4,2,3,6,7,6,4,7,1,6,12,2,11,5,7,7,11,5,9,5,5,8,8,15,11,8,9,8,18,13,11,16,15,7,14,14,9,14,11,29,19,20,18,16,20,26,25,13,22,19,31,25,32,22,33,24,24,33,20,22,21,41,30,31,28,33,31,35,30,35,36,40,40,39,34,39,43,45,54,44,51,46,60,39,47,48,54,44,55,52,43,57,67,64,68,80,55,65,81,70,71,72,62,65,70,80,58,78,67,77,74,78,68,69,95,81,88,86,90,89,77,94,107,100,85,105,58,101,86,89,112,99,102,95,97,108,113,104,128,92,111,110,115,89,117,108,94,104,106,103,107,101,124,100,102,114,124,114,120,106,117,122,106,99,112,97,86,0,
3,1,0,2,1,0,0,3,2,2,2,0,0,5,2,1,2,3,2,2,3,4,3,3,7,2,2,2,2,4,8,7,3,2,5,5,3,6,3,6,8,2,7,8,6,5,7,5,6,8,4,9,13,4,6,7,12,4,9,11,6,6,18,8,9,18,14,10,8,9,15,15,12,11,9,19,23,21,16,18,15,17,30,12,22,23,23,23,25,27,22,28,17,27,25,22,16,32,24,31,19,22,29,23,25,26,31,40,33,29,39,31,35,26,39,33,40,36,34,36,56,46,46,30,33,44,35,38,37,43,55,56,49,49,48,59,55,40,54,68,57,55,77,52,72,52,76,69,67,61,51,48,78,59,62,80,74,79,65,78,69,75,74,67,71,75,73,81,71,79,85,83,74,73,63,81,107,83,95,74,71,95,98,63,99,76,88,102,110,96,103,83,96,90,109,113,102,92,79,0,
2,0,2,0,2,0,2,0,1,1,0,3,2,0,2,5,3,4,1,1,3,1,4,3,4,4,2,0,2,5,1,4,3,2,5,6,4,3,5,6,6,8,3,2,3,7,2,6,7,6,4,8,8,5,6,6,5,9,7,12,11,5,7,6,9,8,14,15,9,3,9,15,12,13,18,7,13,13,17,16,15,18,10,7,12,15,22,22,18,9,16,17,20,19,16,17,17,29,25,32,27,30,28,26,29,35,29,27,28,23,30,36,27,34,22,28,35,28,34,34,47,37,33,29,27,28,21,39,50,43,35,38,42,32,46,29,44,45,44,53,49,40,44,45,48,42,37,54,52,60,58,52,49,55,71,62,45,51,55,60,60,59,64,54,63,59,69,57,61,51,64,57,52,73,53,70,69,74,66,70,61,68,77,73,51,70,86,70,72,87,85,76,61,90,64,86,60,75,60,0,
1,1,1,2,0,4,2,0,0,1,1,1,1,1,0,2,5,0,2,0,1,3,1,5,1,3,0,0,1,3,2,2,2,3,2,3,5,4,5,2,4,1,2,6,2,5,8,3,7,3,9,3,2,8,2,4,4,8,9,8,7,6,10,4,7,6,9,9,9,5,6,9,9,11,10,6,13,10,9,6,11,8,11,12,13,18,9,12,19,15,9,13,17,17,20,21,21,15,22,17,22,21,17,19,21,18,10,12,26,24,29,16,20,23,20,21,16,16,23,20,20,31,21,25,25,32,24,24,36,30,28,30,36,30,39,33,32,30,33,30,45,34,33,38,31,38,40,27,47,44,41,26,42,38,28,44,40,42,47,34,47,42,36,40,42,47,55,45,51,49,45,51,38,61,59,32,49,54,43,46,53,39,48,53,71,63,52,56,60,72,58,64,57,80,65,71,66,55,75,0,
2,2,1,2,1,2,2,0,0,0,0,0,0,1,1,0,1,1,0,1,1,2,0,2,1,3,2,1,2,1,0,0,2,3,2,1,2,2,3,1,2,2,2,4,1,0,1,4,7,2,4,2,1,4,6,4,4,4,4,2,5,4,5,6,2,5,4,8,4,6,10,7,8,6,8,7,5,3,6,6,11,9,10,5,9,14,11,6,14,12,7,11,8,6,10,9,11,8,8,13,14,11,17,9,13,13,25,22,23,15,20,13,14,21,26,13,19,19,20,18,23,22,22,24,22,20,17,19,25,26,32,28,27,25,16,24,29,31,24,30,24,31,27,24,30,23,29,28,25,32,36,20,34,40,23,40,30,34,37,33,31,33,34,38,31,31,37,35,38,39,41,42,27,36,34,37,51,48,44,48,46,44,37,46,46,50,64,53,51,53,49,53,43,52,55,52,58,60,65,0,
