4,3,4,6,9,2,4,6,4,3,4,2,4,3,6,7,5,6,9,8,7,8,6,9,9,9,9,7,9,8,14,13,11,12,13,9,14,10,4,7,10,10,12,15,9,15,13,22,20,16,11,19,12,18,14,18,17,20,16,18,19,28,20,13,29,26,24,26,20,23,22,35,24,24,26,26,26,27,27,32,27,26,29,19,30,36,34,41,31,30,33,39,28,42,41,41,36,38,37,48,36,21,42,28,43,40,46,43,29,40,51,33,31,48,30,37,40,46,44,43,46,46,43,42,55,45,39,40,53,39,51,54,48,43,47,51,38,61,49,43,58,57,55,53,58,49,44,49,42,49,57,48,57,62,61,49,63,64,51,57,47,55,48,57,53,61,67,60,66,56,59,57,48,50,52,61,51,67,62,63,63,65,61,62,57,67,67,44,47,51,72,66,70,66,56,72,80,62,73,0,
2,2,2,4,5,2,4,5,2,4,3,9,7,8,5,7,9,9,7,2,8,9,3,10,7,8,3,5,8,13,13,6,11,10,7,7,13,13,13,11,13,12,10,10,6,10,11,16,15,18,20,15,17,17,14,16,23,19,15,19,16,20,19,23,22,17,13,24,17,15,32,29,22,24,26,21,21,32,21,26,24,30,25,41,25,32,37,34,23,28,30,35,39,30,27,43,31,53,36,31,35,39,26,41,34,38,52,50,37,41,48,38,33,38,45,26,44,32,32,45,48,47,41,40,43,56,50,53,44,52,37,53,45,52,55,50,43,51,57,53,49,58,62,46,62,55,42,50,47,47,60,51,54,58,60,79,42,49,48,64,58,60,54,58,65,58,61,60,72,63,70,72,57,62,66,72,61,71,72,57,71,64,77,59,67,76,64,54,63,61,64,74,71,65,60,69,57,60,76,0,
7,6,3,5,6,5,4,8,6,9,7,7,9,2,5,6,4,2,4,6,8,4,6,16,11,9,6,11,7,7,8,7,9,7,11,10,17,6,9,18,9,19,12,15,17,10,11,10,9,11,14,17,20,23,20,22,28,19,19,13,21,16,20,23,23,18,19,24,27,22,20,28,25,23,21,34,35,25,43,33,26,41,29,26,45,34,48,34,37,37,37,37,32,43,30,33,32,33,47,41,45,45,46,40,42,37,47,52,48,45,48,42,42,44,41,50,46,45,46,63,49,43,48,51,41,43,44,58,54,48,61,61,58,63,53,65,56,60,54,71,64,45,60,56,59,51,50,65,53,64,55,69,66,64,53,78,64,53,46,52,71,75,53,60,52,65,63,67,69,69,64,69,75,69,67,82,65,57,85,53,78,78,68,83,61,72,77,74,76,72,83,78,70,64,71,59,82,65,70,0,
5,4,1,4,4,4,3,10,5,6,5,3,2,8,5,8,7,6,6,9,6,4,9,4,5,10,11,8,11,10,13,11,15,11,9,13,8,13,9,17,15,14,18,19,15,12,18,14,17,19,25,17,13,19,21,26,18,20,19,28,19,22,18,26,36,25,16,32,21,22,24,18,19,38,33,24,31,35,33,27,26,29,28,25,26,31,32,34,43,41,23,38,43,29,28,39,44,43,42,35,55,41,45,42,37,52,31,52,50,50,45,39,49,37,51,40,48,36,41,45,58,56,50,46,70,44,61,49,35,65,57,77,55,58,64,57,61,51,41,53,70,68,64,65,60,58,74,62,66,56,81,52,44,62,65,73,50,66,78,67,62,70,68,67,76,60,69,71,89,80,78,68,61,73,61,66,70,65,72,74,75,77,102,70,94,64,74,73,84,72,78,93,85,73,87,88,78,101,90,0,
9,7,3,2,3,5,1,4,2,5,4,10,10,3,10,5,7,7,5,11,5,11,9,9,12,9,13,8,10,6,7,13,14,16,16,13,12,17,13,21,19,18,14,19,13,23,24,18,15,21,29,17,25,28,19,20,19,20,27,24,17,30,21,22,20,24,24,30,39,31,25,30,38,34,38,32,32,37,31,27,39,37,36,41,44,32,37,41,36,36,34,34,29,49,36,48,46,49,53,45,42,48,47,46,37,49,50,50,60,46,53,61,66,56,63,62,75,48,60,49,61,62,56,45,61,47,43,42,64,64,58,71,57,62,68,60,69,63,55,72,76,60,60,66,62,66,74,76,76,67,59,75,78,88,71,81,68,77,71,78,71,83,59,75,68,73,70,93,75,72,81,73,70,70,80,71,78,86,91,83,76,92,82,79,91,85,79,72,76,90,84,70,86,78,78,82,95,99,86,0,
7,3,6,4,6,6,4,7,3,4,2,6,9,5,6,7,9,5,7,5,3,7,10,11,12,5,10,13,13,11,16,13,10,9,15,15,12,16,13,16,27,17,10,19,9,28,21,15,14,17,23,17,30,26,23,21,23,34,24,20,31,31,24,26,20,31,24,32,39,36,29,34,40,26,26,30,32,35,32,36,33,36,35,50,40,44,49,40,36,43,41,49,47,42,39,42,42,55,48,40,65,48,44,63,47,38,39,40,52,49,54,61,47,59,66,57,55,62,68,53,53,73,53,57,55,45,60,57,63,70,68,62,62,61,60,68,72,78,78,76,69,82,80,73,76,70,87,84,89,76,68,60,80,70,73,85,76,70,85,88,71,86,83,76,67,80,67,80,83,91,97,97,87,78,92,92,94,86,96,92,99,84,75,89,74,100,107,106,96,101,102,79,82,87,120,104,97,97,121,0,
5,8,5,4,3,6,4,1,9,7,4,8,6,4,7,5,8,7,7,9,10,8,10,10,7,5,13,11,10,12,15,16,12,22,16,10,15,16,15,20,21,21,24,14,21,15,25,22,14,24,18,35,26,24,19,22,30,35,30,27,38,36,30,35,39,25,35,32,43,41,38,30,42,35,37,28,42,48,29,45,41,38,48,45,51,46,44,51,57,52,45,43,48,52,53,62,55,54,55,56,52,54,48,55,70,68,59,57,44,55,54,58,62,69,54,72,80,69,64,67,74,67,75,81,67,62,63,85,74,67,54,72,67,71,69,71,68,74,70,85,81,85,76,73,70,72,84,66,77,69,71,83,85,80,93,88,88,102,103,90,102,107,76,91,93,84,77,112,97,88,99,81,95,87,97,96,95,90,94,111,100,98,105,93,97,90,111,116,117,114,93,108,97,108,97,110,112,103,124,0,
8,1,7,0,2,5,7,8,8,8,4,10,5,6,6,11,3,11,14,9,7,16,13,11,11,7,14,14,13,18,14,9,14,10,19,23,19,15,20,17,16,13,19,16,31,19,11,26,24,35,23,21,17,25,18,41,32,27,30,40,39,24,42,30,31,23,40,42,41,40,44,38,41,46,44,44,55,36,47,40,34,48,41,44,80,50,46,48,43,51,58,61,52,60,30,56,53,61,69,55,50,59,60,59,62,67,68,56,56,53,50,70,60,77,71,73,76,76,75,74,55,71,91,67,65,66,74,96,82,76,77,84,58,81,65,78,92,83,98,78,113,85,73,80,89,95,87,81,113,104,85,92,107,82,103,89,88,101,97,94,109,118,99,127,95,84,120,98,89,110,102,124,99,106,74,88,105,126,119,122,111,111,97,114,122,116,103,106,107,111,111,94,96,109,130,107,122,129,120,0,
13,4,4,5,4,8,2,5,6,4,7,14,9,8,7,10,6,14,7,2,4,12,10,8,10,16,9,9,19,15,21,20,25,21,13,16,10,9,26,22,24,24,18,23,24,13,24,24,16,29,25,27,25,29,37,44,28,42,22,39,31,34,32,32,31,31,34,60,56,23,42,52,46,41,49,41,51,42,42,45,51,49,57,53,44,66,62,68,56,55,48,52,53,63,58,60,53,54,60,49,67,65,71,61,64,65,62,69,73,72,71,81,79,72,83,69,77,67,70,82,72,84,83,75,85,92,82,87,78,92,83,104,107,86,97,87,93,84,86,105,88,115,107,92,100,120,102,100,86,87,110,101,84,106,106,91,97,112,108,103,113,114,129,109,137,108,107,96,116,113,133,126,102,128,124,125,117,128,152,112,132,112,141,123,123,109,126,113,136,133,118,113,134,147,126,130,140,144,149,0,
8,3,4,6,6,5,9,8,10,8,6,6,8,8,11,12,14,8,8,11,12,16,11,9,13,17,19,13,13,21,14,21,12,17,24,26,17,26,14,23,31,22,23,25,19,22,28,25,27,25,29,35,30,28,29,28,36,43,33,35,33,32,34,30,58,40,37,47,34,49,32,48,45,53,59,41,46,53,59,44,49,49,57,50,57,66,64,54,65,57,69,56,62,77,63,48,71,85,81,81,62,67,69,74,87,77,77,82,86,69,103,79,79,81,70,83,91,98,97,87,81,89,85,80,71,89,99,98,96,98,101,92,113,108,120,108,97,117,96,107,108,109,105,121,108,122,109,113,105,113,116,110,120,119,106,144,129,113,106,123,113,119,137,123,124,124,135,140,128,140,136,98,123,154,113,148,133,132,131,136,122,152,132,119,151,129,158,146,150,126,155,140,158,121,145,165,144,157,172,0,
8,6,5,6,4,8,6,5,5,10,6,6,11,12,13,8,9,9,11,12,16,9,15,7,13,11,16,13,19,8,16,19,16,16,16,18,19,15,25,25,22,25,33,28,18,22,29,27,30,36,39,41,40,42,36,42,56,39,34,48,41,36,42,64,40,46,46,44,63,49,52,63,63,53,59,53,50,42,59,65,68,58,63,67,71,57,63,67,80,87,75,78,66,75,86,78,77,89,73,78,91,91,81,81,90,74,91,91,95,86,91,98,96,104,97,91,103,108,108,94,91,90,113,105,114,126,107,99,104,121,124,109,111,125,99,139,124,134,99,131,116,114,129,121,135,120,143,134,156,145,145,139,138,136,146,155,122,117,153,175,151,153,140,156,160,147,148,132,149,162,133,164,175,152,145,170,173,162,165,158,152,132,157,162,148,161,147,151,165,153,150,149,165,171,138,157,159,163,168,0,
16,4,5,12,5,4,10,8,5,5,2,12,5,7,6,9,3,8,10,15,18,7,17,19,13,11,19,17,13,18,27,23,24,15,13,23,24,27,29,21,22,26,29,24,42,26,30,24,26,32,29,37,42,34,42,28,40,50,48,43,55,46,51,47,48,58,51,66,63,52,61,68,55,58,73,62,65,70,69,75,59,66,74,74,78,78,82,88,89,86,94,86,92,81,89,90,80,84,80,92,99,102,82,105,79,101,94,104,90,105,115,106,112,113,126,124,92,124,121,129,116,118,143,123,115,110,137,126,128,125,134,140,131,128,148,132,137,130,148,144,144,136,167,150,146,143,147,161,142,142,151,149,169,155,145,157,174,150,170,167,165,176,161,171,159,142,143,199,168,181,189,187,191,170,168,178,182,191,180,165,165,186,169,194,173,166,170,182,189,182,180,177,185,196,201,201,165,203,201,0,
8,4,5,9,13,5,6,4,5,9,4,11,3,7,12,13,7,13,14,21,11,6,18,22,28,15,23,22,19,26,21,14,19,32,26,24,35,26,29,22,32,27,30,24,30,28,30,31,36,42,38,38,49,39,39,36,51,52,43,55,58,51,53,57,60,62,50,60,57,47,55,71,81,76,68,55,82,77,69,82,87,95,81,80,90,83,92,83,92,93,80,98,92,114,98,108,89,93,114,121,105,117,132,110,134,107,101,118,124,125,114,133,138,133,119,132,138,147,133,140,139,124,144,156,168,158,150,160,169,156,183,155,165,159,162,160,143,169,158,174,153,165,181,181,147,165,185,171,189,165,183,188,171,200,190,190,156,179,194,183,179,206,175,197,179,199,189,200,211,201,204,180,216,221,199,213,179,196,196,194,202,189,215,209,209,215,214,196,212,220,210,220,214,215,235,235,245,212,251,0,
11,6,10,4,6,11,5,13,7,6,9,10,15,8,11,14,17,20,9,11,17,19,18,19,17,15,12,18,26,19,24,24,39,24,29,34,27,20,35,29,34,29,27,42,39,37,52,43,48,44,46,50,54,35,47,58,54,44,55,63,57,66,68,59,66,54,55,74,68,76,74,77,81,87,76,79,75,85,106,76,86,91,88,103,103,105,122,125,97,115,134,95,117,116,112,128,108,146,148,126,117,128,148,151,139,136,139,151,128,166,160,172,163,153,151,167,148,150,141,154,161,165,172,171,149,161,201,213,179,163,193,172,189,166,199,207,188,209,201,203,207,214,185,206,212,217,242,225,220,230,202,227,215,196,205,181,227,205,212,219,221,226,228,220,243,233,223,197,234,215,217,244,222,242,243,219,208,249,249,218,233,253,229,259,260,232,239,268,249,265,254,236,237,271,226,253,265,263,282,0,
4,6,4,5,12,7,8,9,6,12,15,5,11,10,17,19,13,12,16,19,18,14,24,24,21,21,27,22,25,31,23,37,33,35,36,29,31,29,37,31,43,34,53,54,44,44,48,49,48,41,57,59,53,61,50,61,55,76,76,52,76,91,67,75,85,68,78,80,90,92,81,96,103,90,115,97,103,109,113,107,129,112,111,126,138,131,126,132,140,135,135,136,147,138,142,146,142,159,138,151,171,170,167,150,204,155,163,163,173,171,182,165,195,191,181,180,210,184,213,207,200,183,197,212,225,212,241,220,213,221,232,198,207,228,226,227,210,229,232,226,252,264,255,244,257,206,279,235,257,268,257,240,250,233,284,238,276,272,264,275,260,292,258,245,266,247,264,256,283,265,264,266,268,291,236,288,285,266,272,269,297,265,268,296,259,250,272,299,294,290,298,283,290,301,287,287,303,311,339,0,
9,5,5,6,13,8,7,8,7,14,16,18,9,15,16,10,16,18,18,18,17,18,19,17,19,23,33,28,34,33,31,42,29,36,48,39,48,41,45,38,36,44,58,55,54,61,53,53,61,64,60,76,72,75,58,66,90,81,91,93,79,96,106,107,118,113,102,107,116,113,129,125,110,130,131,116,118,127,128,143,121,163,187,146,171,154,157,163,144,164,172,204,180,184,196,199,181,186,199,185,213,215,222,210,213,220,225,204,271,233,222,221,227,230,225,227,236,263,274,234,221,250,237,258,277,258,280,255,269,249,266,258,272,285,270,268,292,257,263,260,290,261,302,318,351,315,311,324,284,276,326,282,317,314,295,316,341,312,328,306,320,315,318,319,318,321,334,331,319,304,314,316,311,293,315,350,298,350,348,287,323,307,341,310,317,345,310,342,360,314,319,333,317,348,321,339,333,335,391,0,
9,7,9,9,6,12,9,13,7,11,9,16,11,15,19,19,15,16,26,20,24,22,27,33,36,33,20,27,41,38,40,53,39,55,43,58,65,52,64,57,59,63,58,73,67,65,87,70,95,84,73,97,81,112,96,114,96,104,115,115,115,121,135,116,133,133,135,140,153,136,125,149,182,186,162,146,187,170,156,199,224,218,214,213,216,197,229,214,212,241,242,214,246,257,243,258,238,282,256,266,278,276,286,250,270,298,269,308,295,301,299,303,315,295,315,313,305,309,348,347,309,309,328,293,345,342,305,345,351,336,364,370,339,339,382,351,348,327,376,325,379,386,382,355,384,371,397,375,405,374,380,395,386,380,374,358,398,366,371,379,401,384,374,375,371,350,400,351,377,406,373,378,421,381,363,426,368,402,399,355,369,376,371,409,369,353,372,380,368,361,371,352,426,361,405,409,389,384,441,0,
13,9,7,9,12,10,17,12,8,12,16,17,14,16,16,22,27,24,28,32,43,25,30,34,29,45,50,42,44,51,56,61,64,64,69,83,81,88,58,91,89,102,100,90,112,93,132,105,117,158,117,141,157,149,158,138,165,158,169,181,187,190,168,207,206,194,225,200,246,255,242,264,259,250,280,283,288,322,317,315,271,311,324,308,302,318,306,343,336,361,329,320,370,347,389,380,339,344,343,357,334,381,384,380,392,422,378,354,393,377,382,417,380,382,405,413,413,421,405,408,432,457,421,420,392,436,428,429,422,421,453,420,422,444,443,454,484,463,430,476,455,443,444,463,423,462,487,478,433,417,476,475,445,453,457,427,450,473,430,434,461,464,454,460,465,445,458,485,475,450,447,471,453,449,445,473,440,435,434,503,472,462,442,422,433,429,500,478,449,429,452,472,428,427,458,478,495,488,500,0,
14,13,9,9,13,11,7,16,19,18,19,36,27,41,36,35,28,30,37,46,43,39,49,53,63,65,96,89,80,91,112,117,109,98,127,130,149,143,158,166,185,183,194,188,197,229,215,238,237,243,272,307,276,302,266,294,367,350,321,343,377,371,385,358,371,395,418,410,428,418,421,449,447,428,433,423,424,474,438,472,435,450,494,471,476,504,467,492,490,522,500,511,536,479,531,521,532,563,507,520,555,554,536,545,519,552,546,578,564,507,526,573,567,546,523,576,531,596,581,582,560,538,540,595,569,579,578,583,590,577,554,529,573,573,586,556,548,584,563,581,557,593,599,637,569,622,543,592,570,574,542,540,615,567,559,571,577,568,547,611,583,567,553,579,573,541,541,536,579,525,576,557,551,553,535,526,560,534,529,557,552,527,552,555,534,543,561,531,541,526,548,512,525,522,529,557,571,535,674,0,
15,33,28,26,48,57,57,80,74,100,101,97,127,115,150,145,177,171,209,238,245,243,298,277,277,343,349,352,419,412,421,428,446,454,471,520,535,550,535,502,541,524,577,584,590,619,569,625,655,663,683,648,690,659,714,661,689,731,702,741,664,786,758,744,740,744,722,761,769,679,710,756,750,783,756,759,730,800,769,751,752,776,797,807,793,771,734,782,763,773,796,748,776,771,796,796,757,766,784,736,768,758,733,822,785,754,770,755,763,730,784,828,729,765,739,788,772,776,811,781,727,757,729,796,769,713,781,711,746,785,716,759,728,707,727,721,722,736,726,777,745,715,742,719,693,709,697,696,706,661,773,629,696,689,677,690,749,655,718,736,713,712,687,709,693,670,682,695,684,636,685,642,675,647,618,671,667,658,644,674,670,654,670,639,652,642,698,649,655,618,635,607,661,608,685,661,649,679,732,0,
8229,3927,3571,3296,3027,2917,2752,2665,2672,2546,2449,2488,2493,2390,2380,2337,2364,2248,2185,2197,2150,2136,2120,2046,2030,1938,1965,1947,1908,1926,1854,1784,1787,1830,1742,1883,1658,1706,1667,1732,1713,1596,1577,1601,1561,1588,1596,1622,1520,1540,1524,1505,1472,1423,1532,1419,1447,1418,1444,1449,1441,1430,1398,1397,1352,1307,1303,1363,1311,1327,1319,1321,1257,1327,1229,1278,1252,1268,1216,1254,1256,1198,1170,1193,1202,1205,1209,1173,1211,1193,1156,1176,1122,1165,1160,1115,1117,1060,1150,1064,1118,1053,1125,1133,1060,1078,1067,1084,1044,1087,1034,1063,1107,1028,1027,1068,1083,1051,1011,1017,986,1078,1023,946,1012,907,937,1017,935,922,945,973,1002,963,910,908,944,965,950,946,934,911,838,895,903,869,958,862,916,869,876,915,825,894,890,836,826,828,856,830,808,853,859,843,827,847,836,784,790,792,803,833,794,785,810,806,762,777,782,756,738,792,764,735,769,797,794,788,729,772,766,749,750,728,720,786,800,775,849,0,
15084,7156,6592,5831,5615,5281,5096,4948,4855,4658,4528,4566,4344,4286,4349,4119,4246,4123,4017,3957,3909,3884,3800,3678,3667,3657,3537,3524,3341,3443,3321,3336,3097,3222,3220,3204,2991,3084,2863,2910,2911,2824,2783,2800,2683,2677,2637,2606,2564,2547,2577,2451,2374,2406,2237,2254,2338,2198,2173,2232,2177,2111,2133,2045,2079,2028,2070,1942,1931,1945,2023,1978,1839,1871,1926,1819,1755,1847,1799,1698,1740,1765,1733,1704,1644,1670,1712,1633,1648,1635,1637,1598,1620,1589,1588,1557,1489,1510,1518,1471,1532,1429,1389,1473,1413,1445,1422,1355,1384,1444,1332,1337,1398,1316,1361,1371,1329,1296,1312,1332,1317,1277,1307,1246,1196,1244,1265,1170,1270,1201,1181,1198,1194,1191,1143,1148,1174,1199,1119,1164,1195,1141,1182,1099,1111,1112,1078,991,1075,1081,1088,1081,1032,1034,1106,1032,1106,1080,1025,1039,1087,973,1095,1034,1037,990,1026,983,966,1018,979,901,983,985,1024,973,864,852,894,917,927,895,922,941,882,889,909,870,853,889,910,888,872,951,928,908,861,917,1111,0,
18955,9150,8083,7492,7143,6827,6410,6212,6052,5924,5770,5689,5610,5544,5438,5328,5189,5197,5089,5090,4908,4995,4791,4813,4717,4583,4534,4519,4475,4364,4367,4260,4285,4206,4067,4104,4104,3836,3857,3902,3725,3641,3692,3617,3609,3606,3475,3397,3463,3334,3406,3257,3275,3171,3142,3074,2968,2988,2975,2937,2861,2904,2881,2814,2798,2665,2643,2667,2583,2610,2621,2527,2465,2537,2479,2427,2407,2307,2366,2317,2246,2280,2174,2123,2184,2077,2136,2059,2052,2014,2102,2028,1962,2008,1902,1997,1923,1821,1890,1800,1861,1818,1814,1776,1728,1749,1749,1690,1718,1674,1742,1722,1742,1697,1691,1628,1598,1609,1577,1557,1537,1613,1581,1509,1498,1475,1487,1483,1466,1446,1482,1449,1448,1482,1392,1388,1396,1384,1318,1323,1412,1375,1325,1331,1283,1301,1329,1305,1252,1259,1277,1268,1274,1236,1211,1151,1262,1165,1172,1156,1193,1222,1191,1186,1148,1170,1178,1193,1095,1092,1097,1132,1110,1135,1142,1085,1124,1061,1060,1088,1037,1024,1051,1044,1088,1027,999,1058,1037,1014,1012,1056,1014,1015,1000,1023,1063,1129,1156,0,
22386,10820,9633,8995,8387,7904,7697,7418,7076,6900,7036,6682,6622,6480,6506,6302,6322,6134,6070,6037,5977,5811,5851,5620,5690,5562,5550,5462,5442,5163,5029,5124,5066,4997,4951,4843,4835,4660,4607,4570,4557,4479,4279,4382,4383,4351,4092,4070,3906,4068,3996,3822,3884,3791,3718,3658,3512,3507,3496,3414,3461,3339,3280,3337,3239,3225,3204,3118,3138,2994,3093,3007,2986,2867,2822,2798,2800,2757,2611,2767,2642,2687,2627,2584,2623,2537,2507,2553,2419,2550,2445,2282,2374,2311,2303,2385,2297,2203,2202,2168,2195,2193,2124,2094,2052,2078,2056,1942,1998,1991,1905,1972,1947,1851,1904,1909,1893,1847,1815,1717,1848,1789,1757,1827,1796,1788,1682,1846,1679,1651,1720,1663,1616,1649,1648,1580,1589,1550,1579,1561,1532,1577,1512,1557,1474,1499,1459,1454,1476,1519,1452,1533,1504,1401,1497,1388,1390,1327,1392,1401,1378,1352,1429,1337,1314,1272,1384,1284,1231,1354,1366,1248,1221,1222,1176,1169,1247,1230,1274,1208,1213,1262,1184,1198,1162,1207,1157,1141,1212,1124,1135,1113,1146,1106,1174,1165,1225,1234,1350,0,
25555,12174,11092,10058,9325,8923,8685,8344,8185,7905,7685,7559,7516,7500,7166,7162,7062,7053,6908,6743,6679,6476,6588,6478,6392,6195,6067,6183,6005,5985,5889,5731,5636,5552,5554,5527,5340,5171,5294,5128,5048,4964,4876,4861,4771,4722,4591,4543,4371,4461,4558,4328,4384,4215,4175,4165,4135,4208,3947,3913,3847,3866,3788,3670,3712,3642,3532,3497,3501,3477,3512,3298,3247,3355,3262,3200,3193,3164,3019,3028,3057,2936,2964,2956,2902,2876,2850,2792,2790,2667,2739,2693,2686,2604,2522,2644,2466,2575,2405,2486,2514,2515,2368,2496,2364,2334,2348,2339,2399,2262,2234,2174,2217,2236,2239,2091,2153,2117,2079,2069,2071,2063,2009,1954,2070,1965,1958,1920,1917,1921,1886,1885,1904,1829,1830,1744,1844,1783,1743,1755,1693,1676,1757,1653,1672,1679,1690,1709,1651,1652,1591,1618,1658,1595,1593,1627,1567,1539,1574,1608,1469,1509,1518,1490,1399,1475,1495,1448,1470,1466,1442,1416,1359,1378,1304,1359,1391,1302,1338,1369,1313,1313,1318,1304,1245,1300,1289,1253,1288,1265,1192,1266,1296,1270,1253,1232,1330,1357,1528,0,
27718,13388,11961,11023,10236,9774,9498,9231,8829,8626,8565,8458,8154,8158,8014,8110,7626,7719,7520,7415,7339,7298,7244,7105,7014,6953,6791,6784,6565,6430,6434,6453,6268,6166,6126,6106,5916,5881,5784,5646,5626,5543,5417,5437,5355,5270,5223,5214,5102,4945,4928,4819,4815,4554,4661,4648,4537,4474,4377,4396,4299,4289,4119,4221,3924,4052,4080,3868,3888,3911,3774,3735,3803,3727,3607,3637,3575,3527,3549,3364,3391,3356,3397,3371,3288,3293,3265,3187,3115,3128,3038,2959,2995,3060,2866,2842,2917,2835,2763,2886,2731,2726,2675,2713,2612,2621,2607,2506,2600,2500,2483,2483,2407,2479,2400,2336,2291,2299,2242,2384,2276,2210,2145,2210,2125,2205,2265,2183,2127,2095,2087,2093,2073,2143,2119,2005,1943,1994,1983,2018,1895,1959,1943,1835,1903,1820,1883,1908,1863,1824,1843,1823,1759,1736,1742,1756,1786,1757,1717,1702,1623,1668,1601,1650,1669,1622,1626,1605,1610,1615,1639,1563,1452,1568,1493,1440,1500,1514,1460,1499,1515,1454,1417,1421,1420,1447,1413,1402,1380,1422,1407,1393,1391,1371,1343,1400,1444,1519,1643,0,
29843,14188,12966,11770,11091,10606,10164,9889,9512,9227,9098,8918,8959,8740,8690,8355,8289,8209,8005,7894,7785,7674,7591,7681,7452,7317,7280,7257,7045,7037,7014,6884,6889,6554,6639,6470,6381,6439,6159,6170,5924,5967,5897,5839,5814,5637,5600,5492,5386,5436,5212,5160,5154,5159,5006,5035,4901,4782,4829,4734,4757,4653,4649,4436,4441,4361,4398,4227,4291,4177,4159,4078,4044,3943,3960,3938,3813,3865,3809,3677,3641,3535,3544,3603,3533,3523,3459,3335,3379,3280,3370,3271,3305,3227,3231,3107,3170,3176,2945,2948,3022,2981,2917,2857,2953,2841,2917,2835,2868,2771,2729,2732,2745,2683,2646,2723,2619,2595,2610,2564,2488,2533,2497,2421,2338,2447,2347,2339,2255,2238,2226,2306,2254,2280,2271,2206,2139,2132,2178,2075,2157,2101,2120,2122,2093,2025,2087,2046,1932,1961,1931,1889,1925,1897,1924,1856,1799,1825,1791,1768,1889,1872,1797,1816,1744,1695,1831,1733,1729,1667,1551,1689,1646,1607,1603,1629,1704,1683,1619,1558,1587,1543,1524,1548,1583,1564,1560,1439,1456,1498,1524,1502,1560,1476,1557,1524,1545,1623,1709,0,
31579,15287,13624,12643,11977,11281,10788,10535,10140,9950,9886,9602,9453,9214,9113,9063,9063,8827,8744,8601,8639,8450,8136,8312,7986,8002,7698,7682,7510,7522,7312,7163,7111,6973,6850,6866,6668,6601,6563,6569,6347,6338,6278,6026,6138,5989,6028,5787,5710,5759,5646,5612,5459,5375,5492,5316,5178,5196,5098,4968,4984,4842,4851,4724,4648,4641,4672,4510,4467,4485,4366,4411,4240,4267,4217,4332,4187,4077,4014,3907,3935,3866,3822,3876,3814,3743,3830,3777,3588,3540,3542,3454,3530,3443,3453,3302,3353,3111,3178,3176,3234,3141,3129,3033,2981,3110,3015,2987,3008,2954,2793,2875,2790,2799,2763,2755,2731,2748,2716,2705,2653,2683,2621,2483,2598,2550,2523,2522,2505,2454,2365,2475,2372,2456,2367,2297,2377,2300,2287,2232,2212,2277,2166,2298,2133,2179,2162,2175,2178,2062,2081,2056,2015,2062,2027,1969,1998,2025,1871,1904,1962,1942,1965,1940,1928,1860,1867,1754,1838,1804,1811,1761,1769,1783,1658,1814,1705,1652,1733,1758,1691,1658,1657,1659,1634,1614,1657,1571,1598,1593,1605,1631,1578,1619,1626,1628,1674,1630,1940,0,
33177,16189,14330,13268,12529,11772,11389,11105,10758,10321,10342,9967,9927,9741,9639,9436,9425,9168,9077,9002,8737,8777,8613,8539,8292,8308,8188,8182,7906,7755,7665,7651,7554,7434,7342,7305,7299,7232,7052,6866,6757,6667,6681,6546,6352,6444,6283,6127,6133,6094,5922,5841,5850,5653,5616,5591,5476,5507,5477,5365,5210,5235,5009,5070,5034,4918,4896,4750,4608,4749,4598,4632,4461,4619,4409,4452,4344,4330,4303,4258,4186,4232,4062,3968,3947,3999,3814,3900,3859,3718,3740,3674,3667,3681,3608,3584,3461,3466,3495,3467,3390,3374,3272,3257,3254,3323,3263,3142,3203,3161,3200,3165,3055,3076,2963,2902,2983,2972,2888,2855,2887,2779,2818,2794,2682,2680,2677,2695,2630,2588,2548,2619,2490,2515,2461,2399,2543,2413,2400,2410,2395,2371,2328,2359,2415,2209,2335,2306,2243,2177,2178,2158,2228,2199,2109,2154,2131,2067,2142,2120,2068,2030,1970,1996,1998,2031,1998,1993,1920,1927,1974,1873,1874,1861,1800,1852,1795,1849,1882,1784,1727,1777,1788,1747,1806,1724,1687,1650,1737,1776,1763,1638,1596,1698,1670,1742,1679,1825,1972,0,
34811,16773,15077,13752,12931,12364,11872,11578,11141,10973,10646,10549,10211,10192,9993,10085,9751,9739,9362,9376,9286,9166,8932,8818,8999,8673,8477,8410,8246,8273,8186,8116,7786,7769,7630,7582,7546,7367,7272,7147,7086,7046,6909,6788,6749,6556,6459,6460,6415,6174,6221,6062,6119,5859,5977,5825,5702,5725,5576,5609,5551,5456,5317,5420,5319,5241,5072,5036,4990,4979,4925,4694,4793,4636,4689,4518,4535,4464,4455,4344,4379,4209,4205,4241,4173,4028,4095,4084,3949,4073,3963,3904,3796,3892,3848,3644,3601,3618,3730,3607,3449,3485,3407,3436,3400,3425,3347,3450,3212,3289,3289,3285,3204,3152,3217,3221,3041,3118,3030,2996,2838,2975,2972,2827,2886,2842,2766,2785,2713,2771,2742,2679,2703,2663,2650,2558,2587,2574,2533,2516,2533,2535,2547,2425,2382,2428,2378,2301,2300,2325,2353,2376,2292,2241,2351,2219,2225,2191,2152,2172,2193,2026,2213,2125,2074,2160,2104,2063,2057,2013,1962,2051,1973,1974,1982,1898,1891,1821,1862,1869,1895,1872,1872,1883,1863,1854,1821,1759,1765,1832,1821,1854,1768,1857,1829,1838,1816,1910,2006,0,
36556,17382,15727,14544,13548,12882,12337,12247,11803,11298,11070,11017,10742,10877,10414,10249,10198,9987,9959,9692,9623,9422,9170,9104,9230,8985,8923,8663,8711,8416,8384,8293,8235,8000,7921,7904,7630,7553,7451,7465,7251,7272,7110,7000,6942,6871,6672,6653,6631,6520,6412,6386,6136,6060,6105,5991,5946,5932,5770,5775,5603,5588,5443,5546,5469,5307,5255,5271,5200,5194,4974,4994,5045,4886,4789,4897,4736,4755,4548,4544,4448,4616,4455,4432,4423,4346,4343,4226,4347,4057,4200,4150,3915,3989,3972,3887,3878,3799,3844,3749,3773,3734,3744,3617,3582,3629,3421,3436,3473,3441,3425,3364,3343,3289,3136,3274,3233,3169,3225,3047,3071,3158,3048,3006,2946,2925,2952,2912,2946,2917,2878,2818,2768,2863,2733,2789,2759,2765,2684,2606,2702,2522,2576,2499,2513,2589,2521,2521,2514,2494,2462,2407,2366,2410,2306,2375,2446,2348,2273,2190,2292,2275,2267,2245,2293,2184,2190,2166,2149,2100,2173,2032,2085,2044,1951,2026,2007,1969,1993,1993,2031,1957,1943,1913,1936,1926,1867,1972,1862,1886,1907,1872,1866,1824,1890,1880,1882,1976,2178,0,
37778,17888,16176,15012,14003,13256,12722,12272,12095,11724,11451,11149,11049,10884,10886,10339,10450,10339,10121,9862,9894,9663,9660,9325,9468,9482,9212,9060,8982,9033,8641,8644,8420,8426,8348,8077,8228,7864,7952,7936,7600,7710,7588,7376,7275,7210,7049,6907,6799,6852,6611,6576,6433,6497,6377,6395,6306,6187,6103,6036,5973,5952,5848,5692,5780,5492,5566,5464,5353,5373,5230,5167,5166,5045,5099,5069,4936,4909,4811,4942,4761,4679,4759,4586,4567,4700,4562,4388,4428,4341,4241,4254,4220,4127,4098,4118,4045,3826,3988,3805,3977,3891,3766,3758,3718,3651,3728,3615,3599,3518,3578,3357,3384,3470,3391,3325,3349,3355,3176,3237,3272,3198,3202,3217,3181,3186,3043,3122,3048,3081,2990,2888,2926,2904,2836,2874,2878,2894,2825,2799,2708,2764,2808,2732,2718,2673,2722,2631,2635,2606,2567,2516,2526,2526,2504,2477,2479,2387,2409,2407,2516,2374,2279,2331,2332,2256,2302,2314,2281,2163,2254,2174,2179,2107,2126,2139,2164,2125,2084,2195,2071,2087,2047,2013,2013,2027,2029,1945,1983,1933,1984,1963,1936,1930,1973,2011,2096,2074,2316,0,
38802,18690,16676,15532,14335,13718,13273,12948,12352,12191,12014,11608,11350,11409,11068,10923,10867,10704,10390,10439,10246,10025,10082,9808,9647,9496,9482,9368,9084,9136,8906,8753,8789,8548,8531,8378,8217,8194,8014,8048,7921,7716,7698,7722,7510,7202,7337,7159,7102,7031,6923,6994,6837,6693,6715,6560,6412,6270,6297,6180,6123,6086,6029,5962,5979,5848,5710,5602,5579,5554,5397,5392,5281,5178,5093,5093,5033,4957,5004,4931,4803,4782,4754,4813,4586,4615,4658,4646,4548,4390,4374,4450,4176,4238,4192,4073,4156,4024,4090,4056,4021,3851,3958,3847,3881,3809,3786,3587,3667,3586,3562,3563,3697,3581,3466,3415,3442,3563,3397,3368,3242,3239,3296,3285,3320,3334,3213,3159,3082,3103,3032,3044,3016,3057,2964,2983,2970,2901,2865,2871,2787,2793,2779,2807,2715,2733,2718,2671,2677,2606,2707,2627,2500,2505,2485,2611,2503,2466,2458,2495,2411,2402,2458,2302,2442,2293,2355,2336,2342,2264,2376,2313,2170,2182,2294,2233,2201,2279,2152,2097,2134,2139,2085,2103,1994,2049,1997,2060,2055,2018,2078,2049,1978,1976,1970,2070,2081,2132,2413,0,
39837,18765,17299,16036,14903,14005,13421,13068,12933,12451,12193,11880,11739,11766,11441,11338,11206,10931,10840,10734,10766,10437,10412,10040,9999,9841,9797,9702,9531,9433,9343,9007,9051,8920,8615,8466,8638,8666,8321,8345,8138,8068,7923,7769,7780,7530,7461,7420,7349,7178,7103,7025,7004,6729,6843,6751,6686,6648,6419,6424,6386,6223,6184,6186,5863,5842,5861,5824,5859,5647,5627,5661,5607,5428,5290,5300,5153,5166,5078,5122,4980,5146,4954,4978,4820,4745,4785,4645,4679,4582,4515,4460,4473,4395,4374,4304,4238,4178,4222,4187,4139,4127,4027,4137,3932,3969,3844,3822,3788,3743,3743,3782,3652,3659,3561,3610,3531,3486,3463,3608,3531,3401,3458,3349,3317,3384,3198,3326,3259,3231,3300,3171,3162,3125,3018,3155,3032,2939,3017,2949,2971,2941,2852,2864,2836,2775,2799,2812,2714,2662,2659,2707,2613,2710,2540,2619,2590,2603,2516,2440,2657,2493,2568,2454,2402,2415,2411,2372,2401,2270,2369,2379,2331,2286,2273,2206,2223,2206,2307,2266,2210,2232,2188,2197,2150,2116,2040,2108,2158,2066,2066,2084,2057,2085,2144,2226,2035,2204,2603,0,
41040,19389,17612,16398,15156,14434,14075,13320,13168,12890,12538,12276,11920,12050,11850,11401,11361,11351,11143,10969,10763,10621,10471,10482,10181,10038,10037,9948,9803,9571,9701,9382,9158,9043,9015,8954,8695,8712,8431,8245,8235,8201,8112,7896,7929,7795,7764,7584,7325,7448,7258,7290,7098,7063,6954,6833,6745,6733,6544,6626,6587,6344,6342,6145,6079,6158,6155,6075,6040,5923,5864,5791,5739,5495,5495,5619,5549,5419,5399,5321,5163,5160,5102,4997,4986,5024,4875,4797,4727,4688,4587,4711,4515,4545,4488,4284,4361,4395,4382,4300,4255,4211,4199,4193,4106,4074,4001,4040,3946,3817,3809,3860,3816,3790,3724,3736,3679,3671,3770,3565,3568,3454,3503,3410,3548,3366,3470,3314,3272,3242,3205,3264,3233,3232,3140,3169,3100,3035,3047,3095,3036,3049,2929,2921,2844,2857,2891,2880,2772,2763,2807,2870,2675,2671,2707,2798,2667,2663,2603,2584,2654,2567,2474,2552,2468,2510,2489,2456,2484,2484,2427,2350,2351,2353,2271,2276,2240,2250,2309,2297,2242,2167,2309,2236,2165,2195,2206,2137,2191,2242,2155,2180,2104,2054,2066,2147,2190,2254,2592,0,
42304,20229,18254,16431,15606,14903,14294,13633,13488,13200,12859,12695,12378,12268,12031,11920,11625,11512,11469,11272,11329,11138,10822,10701,10651,10464,10348,10269,10176,9904,9689,9618,9561,9545,9362,9295,9064,9023,8734,8708,8650,8504,8408,8198,8116,8191,8014,7833,7643,7495,7468,7645,7382,7215,7021,7033,6895,6860,6772,6633,6663,6519,6554,6359,6293,6241,6271,6046,6020,6025,5976,5866,5641,5678,5812,5739,5534,5451,5376,5374,5347,5198,5272,5049,5063,5119,4976,4841,4787,4870,4888,4713,4676,4581,4671,4541,4496,4457,4522,4389,4456,4227,4272,4163,4206,4146,4074,4123,4089,4059,3902,3943,3746,3692,3758,3768,3718,3593,3657,3661,3630,3679,3575,3564,3524,3511,3583,3385,3393,3313,3378,3350,3311,3188,3223,3292,3193,3137,3170,3157,3014,2966,3060,3025,2956,3060,2984,2942,2953,2844,2853,2795,2735,2765,2812,2730,2765,2677,2681,2686,2629,2617,2638,2661,2731,2694,2560,2565,2504,2493,2378,2420,2520,2348,2391,2396,2434,2408,2374,2277,2273,2297,2225,2274,2209,2312,2185,2227,2282,2181,2195,2216,2139,2227,2094,2208,2201,2367,2448,0,
42868,20615,18256,17156,15909,15302,14702,14008,13800,13347,13148,13018,12590,12492,12408,12153,12108,11829,11716,11513,11334,11257,11081,10693,10587,10571,10469,10415,10014,10097,9946,9613,9676,9432,9547,9395,9178,9143,9031,8642,8601,8746,8447,8192,8227,8118,8045,7858,7777,7765,7686,7453,7627,7636,7199,7264,7197,6944,6885,6772,6833,6603,6471,6292,6456,6316,6269,6262,6039,6003,5871,5825,5781,5633,5829,5757,5502,5482,5458,5405,5407,5399,5303,5283,5115,5106,5142,5060,4928,4941,4776,4851,4770,4776,4685,4745,4684,4503,4485,4533,4394,4416,4349,4386,4309,4247,4154,4200,4145,4166,4029,3964,3971,3830,3877,3807,3843,3743,3751,3840,3628,3645,3723,3701,3543,3532,3448,3439,3355,3451,3410,3357,3307,3275,3206,3322,3193,3223,3267,3254,3284,3148,3179,2983,3003,3101,3054,2994,2931,2956,2883,2955,2786,2852,2811,2897,2838,2780,2666,2753,2837,2695,2710,2728,2620,2637,2499,2654,2532,2556,2509,2477,2527,2399,2400,2395,2403,2339,2325,2414,2358,2406,2273,2350,2335,2286,2286,2311,2307,2277,2210,2202,2189,2263,2315,2305,2290,2335,2572,0,
43714,20685,18806,17309,16323,15133,14779,14269,14102,13631,13292,13188,12645,12694,12559,12428,12227,12063,11817,11831,11450,11512,11077,11195,10892,10696,10715,10293,10293,10098,10173,9963,9743,9794,9723,9316,9285,9270,8989,8999,8891,8651,8579,8459,8348,8216,8147,7947,8010,7911,7710,7711,7525,7470,7323,7315,7079,7237,7096,6858,6891,6604,6751,6677,6542,6464,6511,6359,6347,6227,6218,5902,6077,6016,5936,5931,5843,5720,5637,5556,5611,5430,5327,5279,5221,5150,5103,5061,4930,4935,5033,4902,4768,4931,4757,4742,4661,4553,4560,4572,4451,4358,4308,4273,4295,4147,4300,4205,4101,4060,4047,4044,4009,3924,3951,4019,3924,3889,3746,3843,3830,3723,3705,3691,3744,3591,3516,3697,3536,3554,3414,3504,3484,3437,3351,3339,3256,3253,3270,3287,3178,3127,3233,3079,3179,3079,3047,3130,3019,3095,2997,2922,2937,2960,2845,2797,2789,2798,2829,2802,2671,2846,2679,2694,2663,2667,2550,2654,2698,2555,2651,2484,2573,2602,2544,2554,2419,2472,2500,2453,2445,2352,2398,2357,2296,2390,2340,2207,2368,2359,2244,2261,2313,2248,2326,2362,2347,2431,2747,0,
44811,21237,18990,17587,16620,15661,15161,14630,13968,13868,13514,13328,12976,12792,13016,12589,12362,12335,12009,11975,11743,11640,11385,11217,11184,10911,10735,10740,10457,10359,10063,10042,10044,9671,9688,9651,9448,9184,9212,9000,9003,8814,8776,8420,8634,8407,8303,8110,8147,7840,7880,7894,7740,7740,7403,7378,7382,7287,7097,7047,6883,6798,6680,6703,6660,6619,6438,6402,6247,6322,6253,6011,6093,6062,5940,5835,5867,5681,5719,5552,5492,5542,5277,5376,5369,5212,5146,5065,5174,5129,5067,4845,4870,4971,4848,4825,4771,4577,4707,4506,4505,4564,4380,4451,4440,4338,4282,4343,4238,4094,4157,4154,4111,4068,4101,4004,3937,3932,3907,3794,3693,3818,3721,3720,3740,3672,3651,3539,3561,3554,3556,3398,3497,3428,3373,3369,3352,3335,3314,3370,3223,3279,3307,3090,3188,3241,3038,3236,3116,3059,3025,3003,2943,2951,3020,3014,2933,2953,2967,2839,2954,2856,2882,2857,2675,2720,2732,2768,2618,2648,2687,2604,2627,2612,2558,2559,2547,2418,2565,2439,2402,2423,2499,2419,2435,2446,2475,2388,2337,2291,2339,2316,2208,2382,2363,2376,2400,2461,2832,0,
44993,21595,19529,17899,16684,16066,15256,14850,14611,14079,13736,13657,13367,12926,13026,12750,12541,12486,12329,12060,11934,11638,11524,11255,11230,11056,10995,10750,10682,10628,10373,10185,10096,10122,9829,9685,9630,9448,9300,9138,9158,9026,8870,8791,8735,8475,8497,8444,8336,8183,8092,8011,7879,7856,7581,7516,7603,7352,7268,7162,7182,7131,7063,6872,6836,6637,6657,6673,6477,6290,6331,6319,6203,6205,6009,6049,5930,5786,5806,5688,5670,5651,5509,5413,5296,5421,5241,5250,5176,5252,5166,4905,4916,5003,4869,4829,4868,4675,4601,4505,4585,4602,4602,4555,4447,4399,4270,4392,4344,4190,4107,4270,4165,4117,4068,4086,4035,3967,4082,3923,3836,3746,3858,3876,3658,3692,3781,3697,3595,3625,3531,3554,3568,3501,3530,3445,3419,3449,3247,3335,3372,3362,3233,3262,3164,3305,3224,3130,3171,3028,3161,3146,3043,3072,2930,3025,3091,2907,2898,2916,2800,2852,2779,2874,2769,2683,2772,2793,2717,2761,2796,2704,2626,2651,2595,2708,2516,2545,2574,2527,2444,2454,2439,2445,2496,2462,2479,2420,2353,2401,2391,2329,2379,2434,2344,2366,2504,2467,2776,0,
45760,21732,19566,18373,16955,16021,15602,15018,14806,14285,13917,13713,13672,13412,13050,12937,12627,12640,12425,12223,12093,11963,11769,11538,11588,11462,11188,11093,10791,10606,10734,10391,10306,10142,10144,10037,9954,9546,9451,9373,9326,9115,9090,8980,8970,8657,8762,8430,8438,8233,8285,7968,8066,7845,7693,7679,7469,7455,7323,7237,7256,7276,6943,6820,6957,6673,6680,6655,6521,6459,6410,6341,6286,6107,6140,5990,5951,6035,5834,5758,5728,5656,5622,5664,5422,5523,5384,5407,5237,5150,5182,5237,5067,5089,5015,4982,4956,4815,4811,4735,4769,4680,4555,4643,4457,4561,4329,4412,4288,4382,4319,4139,4171,4168,4174,4186,4172,4058,4046,4024,3916,3866,3890,3920,3882,3696,3713,3659,3760,3700,3523,3567,3497,3524,3510,3485,3412,3492,3332,3343,3360,3375,3312,3292,3268,3281,3283,3180,3167,3238,3104,3101,3046,3037,2932,3066,3017,2946,2896,2981,2916,2846,2808,2802,2780,2858,2807,2832,2816,2771,2605,2734,2684,2728,2557,2621,2486,2557,2621,2549,2565,2540,2482,2549,2421,2443,2479,2352,2489,2353,2434,2333,2475,2276,2401,2395,2476,2486,2907,0,
46218,22210,19829,18502,17198,16465,15609,15430,14653,14373,14106,13776,13655,13413,13331,13152,12761,12639,12560,12227,12148,11842,11968,11600,11532,11377,11203,11054,10947,10774,10716,10378,10267,10455,10072,9963,9862,9724,9617,9613,9153,9356,8928,8992,8890,8832,8470,8526,8336,8384,8140,8015,7948,7872,7839,7703,7551,7514,7382,7385,7207,7219,7107,7181,6873,6929,6815,6821,6666,6620,6453,6458,6255,6315,6251,6179,6045,6004,6023,5825,5780,5812,5680,5526,5656,5381,5460,5454,5281,5181,5218,5206,5125,5037,5100,5110,4948,4789,4860,4798,4688,4653,4726,4647,4527,4562,4460,4391,4472,4343,4278,4294,4328,4263,4168,4045,4131,4194,4090,4013,3970,4033,4008,4003,3880,3898,3845,3884,3795,3635,3818,3671,3677,3541,3616,3490,3588,3552,3392,3426,3420,3389,3373,3408,3305,3233,3307,3229,3172,3305,3233,3121,3064,3059,3143,3052,3013,2950,2932,2955,2775,2900,2956,2768,2928,2802,2830,2760,2762,2715,2771,2754,2765,2662,2615,2670,2646,2631,2607,2563,2631,2571,2607,2522,2587,2447,2498,2432,2458,2392,2381,2438,2418,2472,2416,2487,2513,2532,2862,0,
46473,22402,19987,18304,17344,16360,15698,15392,14881,14501,14195,14061,13860,13598,13344,13158,13265,12973,12607,12443,12281,12092,12066,11926,11593,11388,11412,11376,10977,10991,10797,10670,10565,10314,10298,10081,10095,9695,9619,9558,9337,9336,9159,9067,8886,8913,8683,8526,8590,8488,8279,8189,8109,8021,8067,7753,7612,7671,7564,7329,7307,7249,7259,6950,6977,6860,6900,6863,6683,6652,6686,6317,6441,6190,6214,6148,5959,6003,5917,5846,5730,5775,5722,5650,5669,5608,5558,5525,5435,5406,5316,5249,5354,5014,5015,5117,5021,5088,4906,4824,4859,4727,4722,4619,4734,4754,4546,4530,4349,4419,4292,4373,4250,4157,4139,4272,4084,4058,4149,4075,3968,3885,4059,3926,3952,3927,3911,3916,3853,3853,3792,3666,3711,3717,3643,3595,3681,3593,3581,3470,3322,3476,3385,3333,3364,3276,3174,3084,3229,3130,3235,3118,3080,3151,3125,3073,3035,2988,3119,2995,2892,2903,2925,2964,2857,2926,2818,2878,2751,2861,2810,2738,2749,2771,2633,2657,2617,2664,2614,2591,2631,2508,2551,2497,2470,2480,2502,2480,2467,2451,2397,2523,2492,2568,2447,2483,2607,2595,3055,0,
46768,22689,19963,18513,17572,16746,15998,15283,14832,14470,14291,13873,13947,13584,13552,13073,12985,12721,12704,12432,12385,12140,11940,11796,11553,11405,11038,11138,10965,10913,10911,10646,10610,10318,10208,10040,10027,9799,9806,9536,9518,9256,9221,9070,9036,8959,8783,8481,8526,8551,8411,8419,8121,7855,7892,7857,7824,7869,7739,7457,7346,7346,7151,7125,6978,7105,6976,6772,6703,6740,6530,6552,6468,6262,6308,6416,6120,6245,5904,6107,5871,5736,5888,5732,5623,5554,5541,5563,5518,5313,5354,5292,5211,5236,5025,5125,5137,4967,4918,4761,4784,4882,4566,4566,4630,4623,4519,4346,4539,4432,4331,4373,4294,4237,4276,4156,4248,4194,4177,4057,4029,4042,3944,3944,3894,3873,3865,3863,3767,3831,3756,3605,3750,3745,3664,3525,3541,3604,3593,3398,3465,3450,3492,3376,3393,3323,3410,3426,3285,3277,3198,3193,3304,3138,3089,3174,3039,3053,2905,3087,3083,3007,2935,2875,2902,2857,2904,2809,2803,2843,2857,2802,2741,2780,2779,2694,2707,2692,2653,2657,2607,2615,2632,2598,2520,2524,2501,2542,2534,2489,2601,2561,2430,2514,2487,2465,2575,2575,3021,0,
47147,22669,20474,18714,17390,16488,16135,15434,15201,14882,14451,14049,13923,13810,13577,13103,13235,13018,12768,12576,12450,12348,12197,11918,11783,11725,11449,11364,11332,10968,10939,10716,10654,10371,10300,10175,9996,9988,9751,9619,9582,9385,9298,9150,9120,8980,9005,8682,8592,8652,8353,8355,8217,8113,7872,7950,7846,7663,7649,7625,7383,7360,7306,7065,7236,7172,6816,6850,6821,6762,6662,6385,6516,6315,6340,6312,6176,6313,6145,6030,6018,5915,5892,5788,5847,5767,5531,5538,5465,5494,5262,5262,5054,5170,5067,5214,4949,5098,4872,4826,4787,4760,4861,4772,4720,4673,4559,4653,4553,4376,4434,4347,4323,4311,4276,4266,4144,4230,4201,4134,3958,4210,4045,4027,3980,3942,3911,3898,3867,3784,3729,3758,3784,3704,3692,3539,3646,3579,3465,3587,3464,3390,3551,3490,3377,3478,3408,3308,3337,3307,3242,3251,3234,3234,3227,3170,3053,2974,3079,3141,3007,3014,2912,2946,2929,2948,2958,2827,2839,2824,2858,2817,2840,2780,2833,2693,2738,2739,2613,2597,2642,2651,2581,2559,2624,2595,2493,2581,2485,2534,2494,2393,2440,2479,2565,2500,2547,2643,2897,0,
47169,22712,20545,18779,17643,16851,16076,15407,15126,14941,14331,14247,13806,13665,13680,13285,13257,12868,12883,12792,12247,12443,12177,12019,11891,11556,11664,11289,11187,11018,10749,10785,10597,10530,10527,10116,10120,9815,9750,9688,9609,9462,9345,9312,9079,8921,8903,8777,8726,8591,8463,8281,8211,8091,7969,7779,7902,7725,7702,7625,7414,7307,7331,7227,7019,6938,6929,6860,6738,6588,6718,6602,6607,6357,6400,6249,6103,6178,6176,5987,5949,5793,5935,5722,5571,5686,5544,5506,5611,5582,5389,5438,5417,5110,5312,5144,5182,4934,4959,4923,5036,4761,4812,4820,4822,4662,4623,4686,4558,4462,4566,4459,4370,4308,4215,4360,4263,4216,4035,4200,4042,4068,4101,4044,3902,3863,3872,3913,3893,3809,3618,3735,3740,3698,3612,3654,3609,3635,3561,3494,3566,3518,3430,3415,3451,3476,3340,3334,3250,3281,3362,3328,3210,3285,3221,3167,3128,3125,3093,3091,3074,3041,3045,3002,2927,2984,2868,2884,2836,2808,2914,2857,2857,2790,2755,2700,2785,2634,2727,2751,2685,2672,2629,2581,2640,2485,2575,2618,2605,2473,2505,2530,2454,2513,2522,2506,2640,2692,3006,0,
47429,22758,20251,18822,17764,16784,16252,15541,15199,14710,14608,14464,14042,13784,13600,13539,13214,12988,12810,12621,12508,12277,12104,12167,11948,11895,11676,11429,11325,11076,10924,10906,10831,10671,10544,10358,10296,9937,10022,9756,9744,9579,9508,9387,9129,9096,8793,8679,8514,8690,8513,8441,8345,8077,8073,7897,7897,7939,7618,7668,7597,7403,7443,7360,7180,7047,6934,6935,6844,6824,6737,6741,6542,6596,6287,6234,6136,6060,6197,6126,5970,5752,5979,5704,5634,5624,5611,5483,5477,5330,5349,5284,5288,5163,5149,5035,4969,5059,4923,4897,4816,4907,4773,4699,4816,4610,4637,4520,4610,4507,4483,4424,4465,4402,4295,4351,4192,4183,4231,4116,4100,4077,4184,3992,4058,3887,4006,3841,3814,3838,3772,3729,3790,3745,3665,3666,3591,3533,3530,3565,3546,3501,3405,3453,3305,3343,3433,3384,3300,3295,3303,3265,3244,3244,3204,3155,3147,3050,3121,3084,2958,3053,3046,3078,2975,2983,2897,2992,2952,2833,2931,2777,2818,2749,2688,2643,2718,2664,2651,2734,2714,2691,2595,2613,2571,2588,2622,2553,2680,2590,2625,2557,2559,2555,2492,2595,2609,2602,3045,0,
47747,22922,20437,18943,17795,16669,16232,15688,15193,14734,14648,14437,14171,13891,13507,13551,13215,13244,13084,12694,12565,12409,12337,12047,11940,11729,11578,11542,11258,11298,10994,10780,10715,10533,10342,10313,10113,9975,9647,9816,9564,9600,9343,9199,9106,9081,8888,8834,8665,8644,8435,8472,8181,8122,8053,7961,7857,7877,7714,7568,7422,7284,7267,7322,7216,7055,6939,6828,6835,6754,6659,6682,6515,6507,6461,6382,6245,6157,6092,6056,5953,5910,5808,5811,5838,5587,5579,5580,5442,5380,5328,5430,5361,5307,5299,5118,5056,5213,5208,4991,4962,4876,4846,4688,4837,4799,4606,4706,4582,4541,4457,4498,4548,4482,4370,4429,4360,4303,4317,4144,4169,4089,4102,3972,4170,3902,4064,4006,3836,3952,3877,3925,3844,3650,3712,3812,3607,3671,3657,3716,3676,3576,3562,3425,3461,3328,3356,3422,3251,3300,3307,3211,3257,3264,3183,3183,3151,3090,3117,3082,3169,3024,2978,2982,3071,2932,2943,2960,2889,2930,2994,2855,2833,2886,2791,2716,2743,2702,2749,2691,2736,2690,2648,2623,2632,2651,2554,2540,2595,2591,2519,2486,2487,2509,2589,2552,2639,2733,3047,0,
47944,22943,20348,19085,18039,16841,16550,15816,15454,14925,14730,14456,14147,13990,13782,13666,13406,13364,12961,12898,12561,12595,12239,12174,11997,11843,11598,11578,11366,11090,10992,10913,10910,10647,10601,10504,10091,10165,10012,9580,9719,9504,9566,9295,9226,9201,9022,8788,8679,8631,8547,8399,8226,8091,8078,8101,7819,7906,7750,7600,7557,7500,7367,7228,7268,7131,7086,7119,6846,6781,6618,6657,6736,6527,6350,6230,6165,6213,6131,6023,5976,5981,5962,5804,5865,5681,5698,5552,5581,5530,5509,5391,5446,5422,5413,5166,5152,5060,5053,5161,4974,4898,4933,4928,4740,4774,4672,4609,4585,4631,4547,4597,4368,4348,4304,4426,4248,4268,4262,4205,4207,4097,4162,4042,4011,4108,3946,3942,3902,3951,3846,3695,3834,3781,3688,3591,3620,3599,3641,3629,3699,3480,3558,3527,3462,3403,3402,3438,3356,3251,3278,3290,3337,3207,3211,3202,3128,3158,2982,3033,3041,3065,3106,3075,2931,3025,2842,2962,2930,2916,2744,2898,2860,2817,2857,2697,2701,2795,2684,2700,2719,2618,2609,2604,2650,2591,2609,2561,2593,2546,2628,2556,2607,2490,2569,2567,2648,2757,3089,0,
48095,22973,20707,19037,17787,17075,16150,15680,15441,14988,14685,14290,13999,13908,13807,13498,13282,13165,13140,12891,12658,12545,12381,12088,11856,11942,11645,11337,11296,11068,11026,10924,10781,10501,10551,10157,10154,10188,9876,9860,9721,9679,9396,9374,9131,9019,9254,8961,8868,8779,8591,8574,8610,8201,8215,8113,7893,7907,7999,7577,7632,7547,7252,7185,7286,7141,6964,6999,6862,6868,6748,6753,6667,6604,6531,6312,6185,6390,6102,6131,6138,6006,5864,5848,5881,5799,5685,5690,5543,5607,5398,5459,5341,5222,5126,5316,4986,4978,5031,4959,4939,4948,4694,4836,4746,4720,4722,4649,4646,4595,4576,4491,4430,4418,4462,4353,4435,4166,4238,4299,4226,4146,4135,4083,4026,3974,3920,3936,3826,3856,3799,3780,3763,3791,3724,3692,3770,3552,3592,3631,3603,3507,3411,3534,3378,3510,3410,3470,3341,3256,3278,3281,3284,3302,3206,3226,3184,3143,3176,3073,3100,2978,2976,3065,2996,3003,2932,2872,2930,2880,2844,2870,2808,2884,2758,2802,2756,2825,2728,2625,2668,2721,2653,2719,2704,2654,2602,2593,2600,2624,2488,2455,2618,2543,2534,2635,2714,2783,3022,0,
47890,23002,20649,19082,17966,17088,16269,15803,15395,15128,14792,14481,14280,14084,13690,13762,13530,13232,13033,12957,12703,12458,12440,12004,11933,11575,11588,11674,11537,11192,11179,11087,10623,10778,10451,10457,10186,10031,9990,9763,9859,9619,9550,9301,9278,8984,8956,8719,8834,8794,8632,8467,8256,8269,8148,8020,7724,7921,7726,7748,7868,7478,7509,7372,7327,7095,7111,6979,6910,6674,6785,6639,6564,6384,6703,6399,6390,6223,6178,6140,6198,5995,5965,5894,5862,5775,5697,5530,5617,5584,5524,5428,5335,5330,5241,5164,5209,5100,5023,5152,4907,4975,4927,4935,4733,4695,4641,4582,4569,4563,4567,4407,4377,4400,4474,4338,4277,4316,4183,4264,4068,4055,4058,3948,3915,3935,3932,3829,3808,3933,3866,3915,3698,3666,3627,3663,3755,3636,3649,3553,3472,3523,3423,3593,3363,3451,3364,3319,3277,3214,3333,3293,3281,3343,3287,3206,3066,3207,3103,3066,3076,2983,2981,3019,3092,2999,2973,2901,2980,2954,2930,2907,2790,2853,2900,2792,2804,2693,2607,2766,2735,2796,2566,2644,2624,2690,2652,2542,2602,2595,2551,2507,2553,2593,2581,2613,2595,2658,3097,0,
47631,22945,20792,18932,17742,17162,16182,15793,15375,14974,14534,14578,14140,13910,13803,13419,13233,13115,13014,13004,12834,12445,12334,11977,11993,11838,11746,11340,11362,11262,11068,10819,10778,10470,10403,10376,10246,10096,9962,9894,9866,9480,9414,9278,9102,9075,8952,8744,8658,8625,8657,8392,8402,8323,8232,8102,8012,7944,7823,7812,7432,7506,7424,7166,7426,7137,7096,7122,7009,6792,6741,6672,6494,6648,6582,6416,6359,6260,6096,6037,6090,6092,5856,5823,5769,5735,5637,5514,5673,5544,5514,5468,5284,5384,5311,5248,5214,4941,5067,5163,5003,4835,4868,4781,4767,4774,4705,4650,4566,4600,4495,4548,4372,4422,4342,4354,4269,4251,4288,4218,4209,4157,4072,4003,4019,4043,3965,3984,3880,3862,3915,3814,3695,3718,3777,3804,3722,3499,3679,3690,3606,3535,3481,3597,3553,3528,3418,3486,3339,3371,3256,3314,3227,3238,3233,3149,3133,3273,3153,3047,3041,3100,3083,3063,3024,2958,3037,2925,2851,2943,2797,2888,2812,2886,2754,2826,2767,2677,2790,2642,2765,2726,2704,2619,2640,2648,2602,2708,2653,2609,2619,2585,2557,2648,2530,2580,2618,2651,3068,0,
47817,22838,20562,18955,17776,16965,16384,15727,15399,14862,14749,14449,14339,14135,13813,13611,13445,13441,12896,12856,12676,12379,12352,12214,11937,11797,11635,11410,11522,11383,11020,10733,10648,10430,10369,10288,10222,9990,10032,9945,9676,9483,9427,9439,9269,9213,8808,8884,8657,8612,8501,8524,8457,8154,8072,8039,7920,7941,7779,7674,7614,7558,7396,7335,7334,7144,7036,7053,7008,6848,6694,6670,6545,6581,6502,6457,6438,6294,6194,6070,6023,6030,5733,5844,5742,5842,5702,5581,5595,5571,5527,5448,5364,5277,5233,5224,5112,5078,4962,4901,4954,5002,4907,4770,4679,4797,4614,4662,4641,4522,4491,4494,4372,4382,4385,4294,4296,4207,4188,4213,4140,4093,4109,4118,4120,4074,4060,3979,3998,3781,3872,3740,3820,3769,3786,3638,3656,3721,3680,3652,3500,3497,3401,3484,3525,3388,3431,3433,3300,3441,3295,3368,3220,3257,3168,3222,3144,3073,3231,3089,3053,3009,3065,2989,3002,2986,2943,2975,2933,2827,2896,2823,2891,2807,2796,2783,2672,2915,2718,2684,2654,2689,2682,2724,2590,2676,2639,2612,2470,2652,2652,2581,2485,2516,2505,2549,2726,2820,3144,0,
47582,23045,20478,18925,17596,16857,16181,15852,15087,14782,14680,14224,14058,13854,13858,13576,13422,13167,12784,12791,12454,12468,12333,12025,12044,11749,11773,11663,11433,11226,10957,11023,10821,10652,10204,10393,10150,9968,9780,9736,9790,9517,9458,9247,9077,8946,8879,8888,8562,8594,8392,8315,8296,8167,8076,7882,7939,7764,7717,7531,7405,7482,7311,7301,7020,7191,7037,6948,6912,6739,6629,6599,6581,6520,6343,6391,6203,6157,6107,6078,5958,6003,5899,5859,5765,5746,5680,5567,5503,5382,5328,5408,5310,5336,5136,5205,5162,5010,4914,4999,4890,4794,4809,4745,4788,4703,4779,4550,4568,4599,4594,4414,4394,4449,4287,4261,4270,4272,4198,4215,4141,4051,4031,4028,4012,4008,3937,3872,3870,3958,3941,3780,3728,3711,3753,3691,3624,3701,3480,3632,3553,3511,3535,3508,3433,3376,3348,3311,3334,3283,3288,3360,3332,3284,3302,3202,3204,3078,3154,3132,3064,3093,3020,3022,3037,2884,2898,2871,2853,2816,2761,2771,2796,2758,2796,2782,2752,2667,2776,2749,2803,2698,2550,2675,2576,2566,2534,2626,2587,2559,2555,2573,2597,2560,2591,2585,2622,2683,2997,0,
47660,22721,20459,18944,17739,16989,16066,15791,15088,14879,14575,14182,14054,13788,13618,13486,13299,12987,12954,12762,12622,12534,12374,12238,12047,11828,11879,11440,11325,11094,11011,10783,10840,10550,10267,10385,10095,10033,9953,9777,9496,9487,9291,9378,9192,8990,9007,8879,8621,8420,8538,8417,8221,8033,8163,7826,7882,7918,7552,7471,7414,7489,7226,7167,7162,7149,6965,6986,6724,6737,6696,6515,6414,6606,6384,6398,6236,6121,6174,5929,6087,5885,5835,5773,5663,5671,5602,5541,5468,5526,5418,5264,5362,5329,5207,5199,5123,5071,4932,5053,4749,4867,4858,4724,4818,4683,4648,4452,4582,4390,4395,4430,4363,4265,4296,4334,4283,4188,4110,4169,4078,4197,4124,3970,3963,3979,3916,3841,3957,4003,3769,3806,3662,3747,3735,3638,3548,3443,3583,3637,3416,3570,3485,3470,3393,3427,3475,3481,3285,3185,3257,3252,3202,3189,3219,3257,3142,3111,3080,3124,3025,3095,2980,3054,2974,3125,2894,2854,2848,2851,2878,2919,2856,2704,2842,2746,2659,2741,2668,2680,2733,2616,2711,2628,2520,2501,2502,2411,2458,2534,2582,2470,2534,2549,2401,2552,2583,2695,3023,0,
47494,22501,20288,18817,17465,16767,15993,15770,15151,14799,14544,14295,13994,13806,13719,13321,13030,13218,12993,12610,12519,12237,12003,11752,11831,11764,11610,11307,11041,11095,10883,10619,10585,10391,10295,10259,10007,10000,9883,9666,9674,9357,9315,9104,9054,8920,8971,8808,8622,8606,8481,8194,8143,7987,7999,7841,7781,7669,7667,7511,7398,7241,7197,7050,7222,6966,6993,6805,6783,6646,6560,6706,6256,6448,6358,6341,6248,6077,6171,6057,5895,5885,5917,5704,5651,5669,5797,5453,5439,5367,5406,5373,5240,5214,5168,5141,5024,5010,4995,5077,4853,4866,4800,4783,4708,4678,4520,4527,4479,4452,4462,4419,4382,4326,4280,4265,4235,4224,4119,4178,4244,4042,4133,3992,4005,3951,4010,3942,3871,3784,3799,3754,3644,3633,3611,3505,3599,3513,3509,3501,3443,3550,3455,3483,3410,3341,3238,3318,3239,3248,3230,3249,3266,3080,3168,3127,3061,2992,2962,3027,3108,2895,2956,2971,2908,2957,2860,2902,2831,2907,2792,2897,2805,2785,2727,2712,2738,2767,2735,2728,2653,2681,2583,2617,2624,2566,2539,2549,2560,2587,2535,2481,2463,2426,2510,2482,2560,2695,3009,0,
46873,22244,20047,18594,17514,16604,15806,15257,15030,14535,14492,14122,13937,13664,13437,13198,13099,13012,12622,12617,12406,12203,12076,12007,11728,11400,11565,11376,11145,10966,10899,10724,10549,10495,10221,10208,10031,9949,9854,9598,9434,9494,9230,9199,9173,8931,8915,8721,8636,8564,8420,8531,8074,8010,7777,7857,7683,7723,7672,7558,7501,7483,7250,7297,7107,6998,7104,6880,6732,6674,6513,6485,6515,6402,6318,6297,6239,5967,6075,6102,5898,5817,5802,5775,5576,5532,5617,5407,5487,5249,5315,5233,5172,5041,5217,5126,5081,5003,4861,4787,4718,4858,4701,4647,4645,4589,4609,4538,4510,4407,4393,4443,4315,4234,4306,4307,4225,4158,4165,4116,4190,4047,4049,3939,3996,3936,3859,3745,3900,3765,3915,3748,3766,3738,3681,3526,3586,3665,3483,3524,3462,3543,3493,3422,3350,3296,3385,3297,3274,3249,3266,3319,3180,3203,3185,3145,3033,3085,3050,3012,3013,2942,2945,2920,2875,3003,2871,2871,2831,2705,2873,2837,2768,2704,2687,2643,2680,2627,2794,2688,2540,2754,2650,2529,2575,2479,2590,2581,2533,2511,2429,2561,2427,2531,2621,2513,2574,2698,2954,0,
46391,22124,20073,18307,17464,16177,15751,15227,14797,14654,14276,13930,13712,13825,13385,13128,12871,12711,12667,12373,12394,12198,11992,11762,11742,11429,11170,11260,10726,10868,10630,10664,10371,10280,10205,10018,9977,9549,9737,9454,9134,9225,9044,8925,8935,8739,8688,8510,8473,8317,8192,8159,8029,8039,7857,7823,7695,7635,7545,7380,7333,7152,7207,7114,7036,6996,6911,6765,6558,6574,6467,6362,6342,6254,6214,6110,6153,6116,5973,5801,5903,5884,5754,5616,5640,5677,5533,5488,5320,5429,5317,5188,5150,5133,5056,5033,4957,4899,4822,4805,4810,4797,4712,4741,4677,4716,4525,4542,4424,4391,4393,4316,4279,4213,4193,4256,4205,4071,4037,3965,4150,4013,3965,4016,3892,3900,3978,3836,3794,3694,3735,3748,3752,3701,3599,3528,3565,3499,3466,3498,3404,3336,3362,3371,3305,3284,3290,3195,3326,3237,3135,3101,3227,3114,3216,3097,2955,3090,3084,2994,2888,2996,2988,2900,2817,2940,2803,2901,2760,2848,2732,2652,2636,2667,2647,2617,2620,2545,2677,2586,2624,2572,2552,2513,2539,2511,2518,2519,2440,2412,2462,2493,2450,2477,2497,2398,2460,2626,2942,0,
46208,22056,19697,18318,17194,16357,15685,14919,14872,14384,14035,13813,13724,13394,13190,13136,12900,12595,12564,12302,12355,12195,11645,11794,11658,11319,11378,11039,11012,10772,10796,10439,10406,10298,9896,9920,9785,9786,9447,9349,9267,9263,9058,8883,8768,8652,8548,8471,8364,8069,8064,7972,8004,7876,7626,7605,7572,7372,7302,7239,7216,7028,7149,6997,6823,6898,6715,6626,6535,6555,6444,6330,6265,6227,6211,5995,6027,5937,5922,5903,5811,5916,5796,5511,5494,5375,5442,5366,5332,5282,5328,4960,5120,5019,5020,4925,4913,4940,4873,4707,4817,4759,4584,4563,4521,4595,4506,4389,4469,4288,4342,4407,4236,4205,4226,4126,4236,4031,3994,4190,3931,3973,3964,3970,3881,3834,3816,3739,3795,3684,3652,3683,3607,3568,3520,3519,3425,3553,3295,3331,3399,3259,3449,3301,3383,3241,3228,3237,3149,3127,3092,3207,3041,3043,3086,3078,3077,2852,3043,2980,2994,2970,2989,2872,2889,2838,2853,2772,2850,2818,2786,2758,2710,2773,2743,2708,2673,2618,2618,2547,2540,2530,2542,2504,2460,2445,2436,2558,2524,2446,2462,2384,2370,2465,2416,2373,2541,2477,2911,0,
45628,21867,19561,18077,17053,16046,15208,15015,14490,14306,14058,13803,13493,13229,13168,12969,12752,12440,12306,12165,11969,11812,11662,11599,11330,11239,11121,11056,11064,10693,10689,10575,10391,10191,9928,9954,9864,9535,9776,9408,9453,9129,9030,8959,8783,8712,8467,8570,8441,8334,8007,8148,7893,7919,7785,7521,7550,7294,7338,7186,7054,6984,6973,7011,6810,6790,6567,6657,6583,6460,6451,6400,6310,6169,6117,5940,5978,5893,5931,5684,5755,5608,5629,5573,5469,5400,5355,5144,5234,5203,5192,5084,4962,4963,4929,5031,4841,4818,4811,4731,4659,4647,4605,4586,4455,4437,4452,4350,4335,4258,4220,4251,4188,4213,4031,3985,3978,3979,3943,3953,3836,3913,3882,3764,3832,3726,3761,3777,3650,3604,3551,3549,3511,3572,3400,3512,3528,3388,3500,3343,3359,3320,3277,3236,3267,3198,3288,3143,3178,3083,3093,2944,3030,3052,3090,3024,3007,2982,2827,2943,2948,2754,2816,2755,2793,2759,2786,2771,2758,2719,2673,2654,2718,2663,2602,2639,2602,2539,2585,2563,2515,2521,2457,2505,2481,2356,2487,2465,2409,2466,2448,2396,2434,2499,2333,2411,2350,2632,2902,0,
45169,21535,19276,17827,16852,16044,15271,14887,14349,14071,13807,13500,13452,13139,12837,12968,12645,12468,12302,12058,11853,11727,11650,11417,11341,11164,11047,10776,10747,10577,10321,10218,9934,10022,9759,9733,9687,9588,9404,9373,9032,9113,8928,8800,8600,8550,8570,8431,8204,8136,8006,8070,7987,7732,7666,7645,7487,7397,7210,7248,6995,7182,6962,6907,6665,6645,6587,6503,6532,6421,6437,6221,6127,6136,6103,5939,5857,5841,5825,5683,5677,5541,5596,5357,5337,5263,5255,5293,5045,5082,5112,4973,5068,4937,4816,4741,4734,4787,4671,4693,4539,4531,4593,4507,4491,4269,4345,4372,4318,4335,4206,4210,4071,4125,4142,4149,3932,3992,3843,3968,3814,3844,3799,3841,3737,3680,3679,3683,3625,3676,3552,3604,3540,3487,3458,3453,3481,3355,3389,3252,3363,3338,3234,3224,3187,3246,3137,3078,3194,3076,3046,3120,3070,3023,2963,3016,3062,2920,2945,2862,2843,2834,2805,2784,2689,2792,2719,2696,2706,2690,2674,2613,2582,2565,2591,2603,2554,2520,2550,2539,2536,2533,2489,2449,2549,2430,2416,2424,2330,2399,2364,2277,2401,2384,2447,2376,2503,2530,2795,0,
44310,21119,18812,17343,16262,15706,14848,14588,13999,13605,13508,13385,12933,12980,12587,12567,12431,12074,12004,11662,11599,11440,11193,11114,10904,10991,10848,10750,10479,10405,10079,10009,10117,9871,9646,9440,9442,9265,9105,9133,9107,8842,8704,8635,8643,8297,8205,8079,8068,7930,7776,7868,7679,7622,7408,7382,7333,7009,7172,6993,6899,6796,6761,6777,6705,6563,6515,6494,6311,6239,6100,6118,6134,6014,5875,5898,5891,5677,5564,5556,5528,5559,5422,5389,5353,5373,5231,5171,5149,4985,5045,4898,4922,4874,4791,4773,4675,4576,4649,4542,4560,4533,4549,4424,4439,4293,4289,4280,4335,4149,4177,4157,4032,3989,4068,3984,3932,3879,3854,3909,3814,3890,3777,3787,3702,3556,3597,3599,3630,3515,3525,3474,3449,3528,3463,3383,3298,3331,3429,3279,3296,3195,3216,3234,3179,3074,3121,3062,3127,2992,3167,3096,2911,3007,2882,2928,2863,2854,2966,2866,2788,2892,2715,2837,2793,2644,2731,2685,2659,2711,2713,2529,2742,2560,2487,2563,2564,2549,2475,2496,2499,2422,2443,2338,2425,2393,2392,2444,2351,2291,2353,2270,2276,2272,2265,2344,2348,2530,2822,0,
43529,21038,18860,17351,16221,15390,14964,14352,14078,13585,13269,13200,12982,12588,12661,12314,12520,12058,12090,11706,11664,11410,11407,11103,11113,10756,10728,10575,10404,10185,10133,10136,9763,9767,9629,9334,9343,9267,9008,8873,8751,8680,8548,8492,8416,8279,7996,8091,8003,7855,7806,7708,7536,7453,7391,7252,7186,7134,7094,6971,6795,6843,6789,6549,6451,6439,6315,6429,6306,6261,6077,5956,5974,5858,5949,5817,5791,5646,5587,5532,5440,5418,5242,5324,5164,5325,5180,5203,5156,4964,4968,4882,4816,4829,4663,4784,4673,4724,4429,4561,4426,4504,4436,4319,4457,4404,4213,4043,4183,4128,4021,4131,3959,3980,3935,3889,3945,3808,3778,3861,3720,3702,3652,3649,3574,3553,3509,3591,3571,3538,3444,3402,3476,3455,3381,3213,3299,3201,3268,3206,3224,3138,3119,3150,3128,3044,3079,2969,3022,2969,2974,2936,2961,2910,2900,2870,2878,2763,2799,2822,2656,2765,2688,2701,2654,2688,2731,2622,2708,2601,2585,2572,2555,2575,2511,2556,2383,2456,2413,2456,2436,2474,2320,2329,2326,2272,2245,2353,2311,2282,2254,2342,2274,2259,2265,2238,2425,2410,2760,0,
42889,20453,18257,17156,15908,15004,14702,14033,13748,13473,13047,12786,12585,12323,12322,12298,11950,11913,11553,11516,11463,11110,11022,10700,10831,10468,10428,10410,10095,10055,9918,9881,9528,9560,9444,9392,9087,8997,8731,8643,8721,8524,8447,8289,8300,8095,7877,7990,7822,7757,7765,7596,7398,7284,7257,7188,7005,6988,6986,6783,6720,6637,6475,6468,6406,6232,6385,6230,6175,6137,6089,5908,5824,5651,5801,5701,5592,5457,5394,5344,5384,5390,5114,5103,5107,5074,5033,5026,5023,4907,4746,4880,4765,4681,4689,4536,4543,4498,4448,4457,4317,4299,4296,4192,4111,4181,4221,4113,3946,3974,3967,4023,4016,3982,3782,3885,3881,3745,3676,3737,3641,3640,3605,3575,3626,3552,3495,3444,3485,3455,3282,3319,3356,3373,3358,3404,3141,3150,3286,3284,3094,3140,3054,3049,3058,3005,3013,2945,2947,2912,2917,2916,2914,2741,2940,2894,2804,2781,2886,2775,2771,2785,2669,2577,2571,2626,2577,2653,2540,2564,2511,2542,2559,2424,2462,2487,2429,2379,2336,2357,2365,2374,2317,2283,2327,2316,2286,2279,2221,2247,2152,2229,2212,2182,2224,2177,2290,2452,2635,0,
42047,20087,18167,16507,15916,14869,14070,13783,13493,13141,13081,12702,12427,12455,11972,11914,11792,11661,11296,11261,11130,10947,10844,10506,10367,10460,10168,10270,9808,9710,9702,9580,9381,9381,9190,9049,8943,8870,8869,8506,8447,8242,8196,8337,8014,7879,7774,7562,7552,7367,7453,7265,7236,7243,7072,7144,7015,6860,6723,6609,6533,6624,6391,6390,6224,6228,6225,6153,6100,5828,5962,5789,5785,5644,5692,5581,5383,5486,5451,5311,5226,5253,5134,5139,5093,4945,4937,4924,4866,4824,4759,4778,4595,4531,4512,4423,4459,4487,4436,4381,4321,4241,4240,4240,4153,4182,4020,4044,4014,4004,3867,3997,3908,3646,3783,3853,3718,3736,3638,3644,3524,3546,3599,3512,3434,3388,3433,3419,3425,3456,3316,3310,3220,3247,3167,3142,3183,3146,3084,3057,3116,3089,3086,3039,2857,2963,2947,2980,2951,2937,2801,2762,2841,2807,2850,2733,2778,2645,2605,2626,2658,2620,2521,2593,2505,2596,2476,2442,2507,2538,2470,2478,2503,2436,2425,2321,2393,2377,2215,2224,2311,2264,2226,2256,2210,2259,2168,2293,2222,2232,2139,2208,2203,2138,2130,2197,2258,2378,2637,0,
41449,19790,17985,16604,15286,14718,14186,13620,13311,12820,12507,12492,12245,11957,11905,11599,11638,11421,11169,11108,10917,10819,10742,10345,10302,10241,10246,9928,9806,9736,9592,9477,9264,9008,9037,8700,8823,8527,8489,8231,8331,8251,8174,8091,7949,7800,7705,7686,7531,7439,7308,7150,7169,7030,6944,6770,6769,6740,6578,6573,6397,6384,6397,6289,6103,6049,6105,5980,5990,5824,5711,5675,5478,5591,5556,5448,5572,5321,5279,5161,5172,5126,5025,5018,4925,4928,4859,4695,4719,4684,4604,4672,4519,4487,4496,4423,4383,4338,4234,4250,4134,4135,4114,4088,4017,3963,3906,4003,3770,3877,3881,3766,3816,3637,3775,3672,3595,3590,3682,3489,3515,3496,3487,3481,3333,3397,3292,3334,3265,3203,3225,3178,3132,3087,3155,3081,3114,3051,3095,3046,3010,2916,2920,2925,2898,2978,2843,2800,2852,2794,2771,2924,2784,2650,2707,2771,2672,2685,2654,2654,2572,2527,2484,2521,2494,2482,2467,2553,2451,2364,2536,2541,2367,2392,2364,2321,2317,2286,2259,2272,2311,2237,2262,2228,2254,2237,2223,2188,2168,2101,2150,2125,2115,2095,2094,2220,2195,2280,2478,0,
39719,19206,16983,15858,14700,14205,13349,13118,12779,12581,12116,11948,11800,11702,11516,11414,11209,11094,10896,10501,10596,10523,10222,10203,9938,9922,9832,9520,9268,9343,9081,9050,8939,8716,8812,8587,8521,8270,8384,8006,8141,7923,7766,7672,7611,7528,7497,7474,7481,7107,7109,7028,6943,6860,6629,6699,6711,6563,6493,6431,6300,6212,6156,6122,6063,5953,5786,5739,5708,5562,5518,5511,5419,5405,5270,5337,5320,5141,5142,4967,4993,4978,4900,4780,4907,4643,4739,4649,4689,4553,4498,4482,4369,4448,4447,4335,4330,4288,4269,4169,4174,4159,4037,4014,3858,3865,3914,3716,3865,3789,3641,3813,3627,3662,3658,3479,3566,3532,3431,3467,3523,3399,3361,3250,3298,3385,3093,3294,3158,3234,3225,3136,3134,3000,3057,3069,2981,2909,2984,2952,2914,2852,2856,2811,2866,2704,2765,2678,2681,2773,2744,2719,2637,2612,2602,2651,2634,2656,2559,2533,2451,2446,2391,2502,2477,2381,2396,2428,2331,2404,2436,2407,2298,2255,2286,2251,2256,2211,2218,2228,2156,2197,2145,2123,2021,2096,2185,2086,2088,2142,2071,1938,2095,2051,2117,2124,2148,2195,2483,0,
38636,18491,16913,15597,14415,13796,13129,12824,12488,12294,12006,11627,11403,11409,11108,10934,10974,10452,10552,10354,10143,9948,9950,9888,9781,9491,9511,9243,9171,9160,8883,8711,8591,8627,8330,8434,8247,8098,7965,7959,7763,7808,7797,7396,7486,7319,7122,7277,7037,6947,6987,6834,6620,6670,6565,6485,6355,6491,6409,6291,6194,6090,5950,5997,5769,5741,5850,5621,5610,5610,5494,5424,5293,5212,5230,5168,5110,5072,4895,4873,4873,4769,4809,4681,4700,4798,4511,4653,4493,4456,4489,4364,4288,4266,4182,4180,4096,3997,4106,4118,4069,3897,3829,3808,3844,3877,3661,3701,3693,3577,3559,3614,3476,3455,3529,3458,3416,3360,3398,3298,3385,3260,3291,3247,3223,3170,3126,3110,3133,3112,3093,3019,2959,3066,2968,3018,2889,2883,2852,2914,2879,2789,2684,2833,2751,2663,2674,2717,2674,2594,2571,2530,2612,2542,2556,2454,2505,2467,2500,2433,2308,2537,2372,2343,2298,2309,2378,2370,2337,2303,2328,2295,2248,2346,2152,2132,2271,2154,2127,2121,2135,2064,2147,2046,2080,2132,1999,2057,1990,1951,1955,2102,1971,1966,2004,2048,2063,2142,2351,0,
37653,18227,16190,14791,13991,13372,13050,12448,12051,11655,11602,11329,11141,11039,10871,10584,10529,10296,10433,10151,9962,9854,9734,9694,9475,9387,9254,9161,9143,8725,8728,8421,8444,8467,8230,8085,8060,7909,7932,7654,7720,7533,7485,7334,7226,6973,7195,6961,6736,6803,6642,6663,6423,6377,6304,6397,6119,6097,6133,5903,5917,5731,5721,5598,5727,5632,5580,5491,5364,5311,5174,5177,5143,5097,5018,4860,4903,4893,4905,4754,4644,4846,4678,4517,4545,4470,4363,4416,4356,4307,4230,4186,4003,4219,4044,4066,3990,4028,3802,3865,3750,3812,3778,3739,3628,3680,3543,3595,3411,3585,3551,3431,3584,3324,3501,3332,3332,3244,3333,3204,3211,3121,3188,3117,3123,3126,3084,2992,3054,2900,2961,2945,2954,2866,2895,2817,2758,2834,2777,2742,2794,2749,2734,2673,2604,2556,2593,2645,2637,2504,2593,2470,2462,2465,2424,2412,2425,2394,2406,2383,2437,2432,2340,2233,2224,2283,2225,2241,2033,2205,2262,2099,2107,2093,2134,2146,2063,2081,2027,2078,2070,2105,2071,2024,2035,1977,1912,1954,1970,1952,1861,1893,1991,1905,1921,1970,2074,2048,2300,0,
36728,17370,15773,14471,13554,12811,12279,11802,11839,11520,11099,11169,10698,10816,10360,10231,10221,10172,9942,9800,9681,9593,9438,9355,9083,8929,8810,8850,8650,8472,8504,8339,8159,7956,8065,7822,7856,7661,7535,7321,7459,7218,7126,7107,7029,6918,6838,6824,6577,6486,6336,6240,6457,6075,5918,6014,5970,5930,5642,5795,5682,5710,5605,5521,5427,5357,5427,5287,5194,5092,5108,4971,4931,4895,4818,4858,4747,4703,4571,4563,4563,4454,4343,4389,4380,4301,4260,4142,4184,4136,4078,3957,4002,3903,3965,3925,3883,3714,3809,3752,3749,3839,3737,3531,3642,3430,3516,3536,3332,3456,3387,3330,3357,3313,3337,3198,3217,3201,3140,3017,3196,3000,3077,3019,3027,2972,2815,2917,2962,2793,2850,2769,2794,2786,2763,2657,2686,2759,2653,2611,2604,2515,2673,2486,2540,2575,2476,2426,2452,2483,2402,2356,2404,2345,2348,2323,2355,2303,2310,2305,2232,2339,2194,2257,2232,2262,2141,2241,2174,2117,2063,2058,2150,2006,2062,1984,2048,1973,2004,1960,1960,1902,1924,1891,1857,1964,1868,1930,1879,1783,1842,1883,1801,1888,1817,1819,1946,1933,2244,0,
34798,16818,14966,13869,13123,12411,11907,11653,11444,10833,10605,10611,10435,10246,10009,9914,9686,9778,9530,9426,9216,9158,8953,8927,8853,8778,8697,8308,8342,8268,8121,8030,7856,7687,7765,7632,7625,7379,7335,7163,7181,6952,6862,6858,6713,6618,6548,6437,6449,6285,6291,6129,6054,5972,5950,5878,5903,5628,5655,5535,5561,5495,5346,5245,5332,5163,5087,5068,4969,4971,4937,4809,4799,4738,4555,4636,4625,4532,4544,4393,4360,4316,4259,4259,4185,4333,4188,3997,4083,4047,3956,3807,3816,3837,3893,3717,3717,3552,3625,3547,3641,3608,3489,3525,3435,3363,3466,3332,3282,3379,3246,3272,3215,3190,3109,3130,3069,3111,2993,2935,3068,2885,2941,2912,2826,2805,2843,2848,2764,2743,2722,2590,2694,2625,2624,2625,2571,2512,2588,2499,2459,2512,2480,2398,2357,2433,2437,2347,2391,2413,2223,2294,2254,2291,2167,2246,2232,2231,2143,2253,2090,2124,2124,2139,2034,2132,2057,2035,2168,1914,2019,2017,1972,1928,1877,1963,1884,1879,1887,1940,1868,1958,1858,1880,1798,1837,1904,1821,1763,1759,1826,1815,1758,1822,1774,1786,1771,1949,2068,0,
33547,16091,14344,13289,12481,11892,11519,11003,10763,10522,10244,9965,9934,9753,9702,9596,9171,9229,9066,8995,8920,8572,8607,8406,8300,8290,8167,8025,7927,7738,7792,7588,7484,7421,7325,7256,7163,6996,6935,6844,6793,6787,6664,6645,6331,6469,6246,6183,6172,6061,6005,5863,5793,5680,5725,5619,5500,5502,5414,5368,5209,5212,5145,4970,4981,4833,4875,4794,4638,4670,4709,4656,4524,4487,4494,4393,4388,4328,4317,4204,4120,4141,4047,4090,3964,3961,3968,3842,3953,3766,3747,3650,3716,3737,3664,3385,3543,3468,3417,3490,3418,3310,3397,3417,3389,3194,3223,3129,3108,3114,3118,3042,2937,3000,2957,2918,2998,2891,2956,2833,2817,2758,2817,2700,2656,2733,2696,2662,2648,2634,2669,2589,2503,2446,2537,2570,2519,2484,2344,2388,2459,2323,2373,2318,2350,2268,2218,2290,2322,2219,2254,2135,2207,2131,2162,2194,2121,2154,2072,2115,2114,2060,2109,2019,1978,2015,2024,1968,1998,1975,1941,1910,1795,1918,1846,1799,1849,1791,1777,1791,1769,1730,1783,1683,1722,1857,1791,1759,1640,1635,1635,1819,1691,1709,1680,1705,1853,1809,2084,0,
31662,15504,13493,12651,11999,11303,10746,10472,10203,9930,9645,9605,9437,9322,9307,9114,8932,8781,8722,8561,8468,8286,8211,8216,8072,7897,7821,7857,7647,7311,7296,7112,7173,6968,6893,6780,6660,6741,6618,6532,6555,6248,6233,6122,6040,6086,5901,5802,5855,5724,5655,5478,5613,5502,5368,5288,5085,5082,5113,4969,5022,4922,4850,4793,4685,4765,4557,4711,4465,4446,4466,4594,4361,4337,4264,4127,4157,4074,4043,4110,3897,3903,3789,3819,3858,3731,3711,3690,3573,3681,3559,3527,3491,3431,3335,3412,3294,3233,3291,3205,3203,3193,3196,3242,3034,3102,3126,2863,2975,2985,2903,2952,2777,2875,2880,2773,2712,2792,2691,2642,2745,2626,2665,2634,2466,2468,2625,2605,2522,2519,2451,2401,2524,2408,2367,2369,2224,2395,2271,2232,2286,2148,2253,2174,2208,2155,2225,2090,2140,2035,2044,2047,2055,2033,2005,1964,1999,1998,1976,1985,1971,1916,1951,1930,1829,1789,1820,1758,1788,1790,1758,1807,1729,1701,1726,1777,1741,1780,1683,1720,1704,1668,1699,1640,1653,1675,1626,1605,1583,1546,1569,1568,1604,1603,1634,1635,1649,1671,1885,0,
29886,14423,12811,11837,11180,10640,10135,9908,9697,9320,9154,9153,9031,8627,8545,8675,8261,8333,7974,7959,7919,7981,7640,7546,7468,7383,7296,7209,7106,6998,6894,6702,6702,6667,6418,6430,6412,6322,6150,6105,6175,5893,5841,5678,5738,5639,5536,5533,5414,5264,5120,5173,5068,5115,4949,4931,4916,4683,4705,4609,4580,4640,4595,4427,4354,4287,4309,4218,4239,4103,4139,4115,3914,4006,3878,3971,3763,3785,3741,3708,3658,3596,3637,3471,3362,3526,3509,3384,3425,3355,3345,3215,3121,3068,3155,3143,3171,3117,2940,3047,3022,2979,2897,2867,2859,2807,2850,2746,2752,2703,2695,2569,2716,2578,2686,2602,2485,2512,2526,2469,2427,2462,2337,2399,2462,2472,2350,2325,2249,2371,2252,2243,2280,2241,2198,2151,2192,2077,2120,2200,2090,2115,2032,2032,1953,2033,1959,1980,2004,1949,1902,1908,1951,1942,1860,1883,1788,1888,1772,1759,1743,1817,1794,1728,1762,1703,1692,1750,1716,1715,1647,1658,1657,1681,1739,1635,1681,1618,1483,1594,1652,1606,1558,1595,1521,1576,1515,1510,1487,1500,1431,1542,1425,1486,1467,1529,1564,1593,1736,0,
27649,13177,11877,10894,10275,9640,9447,9105,8850,8510,8401,8192,8145,8011,7837,7855,7787,7561,7469,7364,7316,7160,7195,7097,6937,6855,6774,6558,6516,6553,6460,6170,6195,6155,6014,5912,5918,5711,5847,5697,5609,5293,5489,5351,5293,5199,5042,5057,5079,4954,4869,4793,4707,4646,4701,4685,4531,4517,4415,4329,4440,4301,4141,4064,4066,4085,4019,3939,3910,3760,3857,3755,3683,3634,3687,3625,3528,3680,3463,3429,3455,3319,3403,3343,3201,3273,3221,2991,3078,2978,3039,2965,2939,2893,2899,2829,2851,2812,2787,2797,2768,2699,2685,2681,2646,2614,2590,2540,2550,2487,2426,2427,2412,2480,2303,2372,2330,2315,2304,2281,2312,2216,2220,2189,2291,2183,2135,2173,2088,2171,2020,2067,2064,2051,1963,2024,1956,1858,1950,1944,1968,1925,1821,1921,1876,1877,1813,1748,1844,1821,1741,1724,1749,1766,1744,1703,1718,1695,1696,1684,1717,1655,1679,1634,1543,1602,1560,1544,1515,1558,1596,1527,1487,1546,1510,1512,1429,1497,1455,1434,1417,1462,1400,1392,1403,1312,1376,1464,1329,1375,1424,1411,1379,1429,1400,1311,1433,1457,1693,0,
25472,12042,10742,10021,9476,8887,8666,8187,8129,7914,7810,7726,7420,7500,7345,7262,6950,7001,6838,6707,6832,6639,6590,6407,6278,6271,6170,6131,5976,6015,5792,5805,5589,5466,5589,5425,5289,5306,5286,5107,5125,4975,4810,4946,4789,4797,4777,4701,4556,4484,4542,4426,4343,4397,4247,4096,4117,4071,4001,3920,3914,3848,3843,3804,3602,3630,3670,3512,3546,3502,3549,3422,3412,3336,3272,3293,3251,3184,3218,3070,3143,3049,3007,3024,2969,2994,2879,2876,2907,2777,2690,2724,2731,2688,2576,2619,2565,2555,2576,2493,2454,2446,2473,2423,2316,2297,2365,2339,2312,2256,2213,2297,2172,2205,2124,2082,2122,2075,2039,2135,2083,2134,2004,1918,2013,1963,1910,1877,1884,1908,1922,1834,1806,1843,1858,1760,1748,1794,1772,1783,1741,1826,1732,1810,1688,1686,1653,1655,1654,1651,1601,1569,1571,1550,1555,1523,1599,1559,1498,1543,1509,1445,1491,1536,1391,1433,1408,1407,1463,1432,1354,1419,1427,1466,1290,1354,1387,1324,1307,1374,1347,1271,1319,1264,1304,1216,1326,1305,1222,1284,1291,1261,1222,1317,1252,1320,1228,1334,1518,0,
22442,10703,9819,9058,8336,7921,7764,7474,7154,6970,6874,6919,6570,6825,6468,6439,6307,6281,6257,5881,6019,5881,5708,5788,5742,5626,5546,5473,5362,5300,5275,5052,5046,5025,4842,4955,4951,4700,4664,4517,4574,4568,4226,4248,4346,4262,4144,4062,3924,3972,3973,3914,3808,3634,3781,3674,3711,3666,3451,3535,3433,3353,3337,3221,3216,3257,3222,3196,3211,3028,3031,3125,3021,2928,2859,2853,2780,2825,2843,2651,2659,2644,2675,2663,2551,2531,2519,2495,2486,2452,2323,2344,2389,2320,2243,2268,2220,2333,2182,2154,2080,2195,2186,2153,2099,2183,2035,2026,1995,1971,1971,1963,1885,1919,1913,1855,1838,1891,1957,1858,1775,1818,1747,1763,1735,1708,1679,1663,1684,1664,1684,1677,1620,1624,1631,1618,1561,1588,1620,1690,1565,1519,1527,1574,1493,1523,1533,1492,1438,1440,1511,1440,1425,1328,1421,1440,1357,1393,1421,1328,1331,1359,1335,1372,1290,1348,1326,1299,1315,1276,1238,1249,1210,1155,1242,1202,1231,1260,1215,1219,1130,1192,1237,1126,1142,1131,1157,1138,1183,1133,1142,1140,1151,1156,1158,1114,1164,1177,1371,0,
18944,9103,8161,7449,7121,6820,6473,6265,6032,5891,5796,5820,5615,5599,5476,5286,5229,5244,5153,5045,4992,4911,4904,4742,4754,4498,4533,4472,4519,4429,4360,4209,4271,4171,4097,3906,4096,3869,3783,3867,3785,3681,3652,3510,3546,3510,3552,3435,3388,3321,3189,3239,3181,3084,3121,3106,3062,3035,2881,2855,2822,2784,2779,2789,2681,2597,2684,2615,2522,2624,2493,2401,2441,2384,2357,2326,2360,2322,2262,2231,2262,2262,2201,2101,2084,2066,2126,2109,1972,2030,2046,2029,1938,1995,1940,1915,1926,1922,1843,1833,1783,1763,1771,1792,1735,1743,1702,1720,1711,1631,1604,1723,1625,1659,1703,1638,1587,1578,1588,1549,1583,1515,1503,1503,1516,1523,1469,1479,1413,1426,1502,1446,1477,1420,1364,1415,1399,1378,1325,1266,1337,1383,1313,1281,1342,1355,1308,1318,1271,1293,1296,1283,1252,1220,1232,1215,1195,1261,1173,1145,1197,1191,1194,1124,1086,1178,1166,1138,1090,1085,1171,1096,1082,1085,1089,1045,1071,1081,1014,1099,1038,1046,997,1073,1050,1012,1084,1011,987,995,1042,1008,981,1038,1029,1034,1055,1075,1235,0,
14970,7194,6234,5934,5602,5273,5014,4882,4787,4552,4502,4472,4471,4271,4221,4236,4140,4014,3975,3930,3928,3871,3880,3725,3735,3654,3620,3513,3547,3341,3327,3335,3260,3284,3142,3033,3202,3116,2916,2896,2861,2789,2785,2792,2794,2696,2646,2567,2554,2565,2519,2393,2389,2411,2386,2326,2269,2202,2296,2130,2155,2069,2077,2130,2066,2119,2001,2024,1969,2069,1967,1928,1879,1961,1890,1888,1839,1777,1753,1723,1718,1812,1665,1728,1700,1615,1666,1642,1604,1625,1560,1580,1574,1560,1578,1512,1515,1508,1442,1526,1481,1413,1425,1424,1390,1454,1453,1407,1397,1435,1360,1325,1335,1355,1345,1332,1311,1288,1289,1191,1269,1271,1221,1272,1203,1263,1262,1220,1222,1178,1220,1144,1190,1199,1168,1170,1187,1136,1144,1188,1119,1134,1093,1111,1150,1059,1092,1044,1065,1131,1025,1121,1018,1040,1030,1032,1025,1049,1048,1023,1007,1002,1009,993,1000,1012,1040,978,1015,971,926,959,935,968,976,874,971,985,885,915,879,954,961,931,834,903,921,917,863,853,896,886,909,878,845,936,893,881,1067,0,
8208,3936,3511,3235,3012,2861,2875,2706,2609,2462,2592,2555,2361,2323,2277,2417,2379,2244,2230,2191,2163,2154,2036,2107,2080,2003,1930,1932,1895,1805,1876,1795,1759,1839,1779,1676,1702,1799,1728,1712,1703,1711,1623,1573,1596,1681,1585,1560,1480,1518,1472,1505,1497,1448,1529,1421,1371,1351,1440,1441,1496,1339,1391,1346,1325,1337,1354,1293,1237,1310,1362,1297,1305,1230,1268,1203,1348,1246,1283,1233,1211,1220,1228,1195,1212,1224,1187,1180,1125,1158,1175,1161,1125,1160,1120,1125,1138,1144,1127,1095,1149,1096,1088,1143,1029,1041,1057,1126,1045,1044,1073,1058,1042,996,1054,1055,985,1038,1009,983,997,1069,1012,945,959,993,955,921,1023,973,943,987,963,927,938,885,887,909,911,878,871,885,885,871,877,838,860,881,972,914,888,874,893,858,883,846,879,849,904,846,793,868,858,849,839,859,853,811,825,771,804,818,770,789,843,776,774,771,734,819,775,757,768,769,747,774,800,776,728,777,787,793,765,752,747,799,807,798,887,0,
21,12,23,39,40,43,67,86,86,81,93,125,105,113,142,153,189,192,202,219,228,255,287,304,311,317,369,397,354,413,431,423,414,458,479,436,512,525,506,553,581,585,560,589,573,651,627,613,658,658,634,693,680,726,752,659,711,693,724,718,735,756,719,691,724,753,712,737,725,727,724,765,751,737,762,720,739,746,759,763,805,763,822,750,784,782,781,804,810,788,810,755,781,722,758,743,724,750,753,819,790,794,767,727,706,745,841,773,775,792,777,782,797,786,741,803,769,797,749,765,798,765,780,769,769,732,768,767,724,802,725,749,754,739,730,709,756,726,691,734,736,749,721,738,731,721,718,707,760,738,683,699,759,684,649,672,709,679,721,682,698,616,704,637,709,697,678,697,666,666,688,660,686,658,667,673,654,634,672,659,635,632,651,605,656,648,666,668,647,633,605,656,616,679,669,624,659,713,768,0,
15,6,5,8,12,13,8,17,15,23,26,26,23,28,27,43,43,45,41,43,46,59,57,66,62,67,66,68,84,97,94,128,104,125,131,146,133,137,152,156,173,180,189,170,220,223,231,232,236,243,247,266,277,306,303,335,335,343,319,343,358,353,357,339,371,382,394,370,354,372,398,393,407,430,431,439,449,451,464,433,464,447,501,502,483,500,495,484,526,500,512,492,478,576,526,512,509,504,540,542,542,567,567,563,543,500,558,565,518,576,530,568,551,557,568,569,623,581,583,593,586,556,548,522,553,576,568,584,570,552,538,594,565,572,570,598,616,566,573,571,566,539,568,561,563,551,537,577,578,579,569,537,558,603,592,591,577,577,535,542,579,536,542,555,575,565,529,560,548,568,565,576,548,527,517,605,550,536,568,579,523,552,515,532,534,528,539,518,515,510,524,518,518,554,566,590,552,598,632,0,
15,9,3,10,7,14,5,15,14,12,9,18,19,21,31,32,23,19,32,26,26,30,30,30,33,38,42,48,37,43,64,60,56,52,68,67,76,84,72,79,82,87,100,97,107,90,117,106,120,119,142,137,121,126,137,169,155,164,183,193,183,221,223,190,224,212,235,212,241,207,248,239,275,250,281,260,299,277,297,272,305,281,325,326,300,329,322,314,344,371,316,314,322,349,352,348,391,379,372,373,380,379,390,402,381,386,395,401,425,393,404,397,449,402,427,423,405,424,398,418,388,481,394,434,454,420,452,427,421,457,460,420,436,430,434,434,454,450,446,460,464,440,481,442,466,469,429,465,484,472,470,459,463,447,441,433,462,444,416,435,433,494,447,484,450,431,481,422,433,444,472,445,481,469,410,445,417,502,452,413,421,438,480,410,469,443,455,444,468,475,445,464,398,412,490,476,435,493,597,0,
18,2,8,7,5,10,8,8,1,7,18,11,13,19,17,13,15,18,16,24,27,35,22,33,27,29,33,38,46,32,37,32,39,42,48,37,53,56,65,58,60,50,60,64,64,82,95,79,71,80,84,83,93,90,91,93,115,121,112,126,113,96,141,115,124,130,128,172,156,139,148,167,167,155,180,181,179,207,193,224,211,213,219,220,205,191,216,219,231,226,209,239,234,246,273,253,252,261,285,245,264,256,280,248,291,276,297,288,280,284,300,295,294,323,334,312,286,348,290,314,299,343,327,314,366,353,315,341,335,328,378,346,350,344,335,345,356,341,379,352,324,344,374,390,380,356,348,398,380,406,363,383,376,363,374,415,376,373,383,398,375,362,415,361,375,389,425,389,382,418,378,385,389,421,411,396,409,402,348,374,402,392,366,398,406,364,395,355,385,392,397,359,399,374,359,380,393,415,509,0,
10,8,7,7,6,12,10,7,11,6,6,13,10,15,18,16,15,11,17,12,20,18,25,22,26,27,26,34,27,32,30,34,39,41,34,36,44,41,34,39,43,41,58,48,38,46,52,68,53,67,58,60,80,60,79,74,77,73,74,72,77,80,82,99,116,100,111,92,81,113,134,131,124,140,142,138,132,137,143,124,130,144,140,159,137,133,144,155,166,160,173,183,187,200,196,175,183,184,186,200,186,202,202,204,199,225,231,233,202,261,219,257,233,256,226,259,248,261,246,278,259,255,277,271,281,252,254,280,288,256,293,280,298,288,268,279,284,297,273,272,280,282,298,281,287,243,277,315,281,321,292,315,327,324,288,325,326,323,300,298,303,293,318,297,293,304,293,322,291,300,311,317,297,329,336,335,303,322,343,304,342,323,310,341,311,331,329,337,312,322,333,327,319,318,327,363,360,402,385,0,
17,6,7,9,7,6,7,11,6,12,15,11,11,11,13,12,15,23,24,21,14,19,23,14,33,19,20,21,18,21,25,29,40,24,32,31,31,29,40,42,38,44,44,50,42,53,50,53,50,62,48,48,61,53,59,72,61,58,84,68,75,68,58,78,69,72,103,91,84,80,78,100,95,93,104,101,119,109,118,95,112,126,120,127,108,115,123,115,129,119,135,145,145,133,140,150,148,136,154,150,157,172,180,177,172,183,179,169,186,168,189,158,177,194,175,191,178,194,189,193,210,208,208,225,218,218,210,187,206,230,225,188,257,238,213,222,231,221,247,235,225,257,231,246,227,266,257,244,246,231,242,244,245,239,273,260,237,267,296,228,245,274,288,295,276,253,277,245,283,261,248,268,285,304,255,287,275,297,291,267,307,283,290,279,259,269,271,259,273,309,256,271,289,301,305,261,287,316,343,0,
10,4,6,4,6,4,7,14,11,6,11,15,11,6,16,10,8,14,13,12,19,17,12,13,23,13,17,27,21,24,17,25,36,26,23,26,25,29,25,35,29,30,39,32,35,33,43,47,39,37,37,54,38,52,47,50,43,48,52,61,70,59,50,80,72,74,70,73,71,74,66,72,83,81,82,89,80,95,94,105,83,96,92,94,99,111,110,103,112,99,99,105,128,113,114,122,110,109,108,139,145,120,135,143,141,120,151,155,138,130,117,157,155,155,155,138,176,162,166,164,165,154,186,177,219,168,193,176,181,173,168,163,184,202,179,179,189,183,196,195,193,201,216,219,185,216,201,219,236,240,208,236,222,189,244,214,192,232,210,225,202,217,255,238,211,237,222,245,238,220,223,265,228,212,221,267,249,245,209,245,235,239,236,266,245,256,257,256,239,277,260,270,243,255,253,258,257,237,267,0,
11,8,5,6,5,10,7,6,6,8,19,13,9,10,8,17,13,20,13,17,12,18,8,13,17,17,16,16,12,20,18,29,20,27,23,26,27,25,25,24,27,34,34,28,40,33,30,37,37,45,41,39,32,56,36,57,34,55,44,51,39,55,60,51,42,59,52,62,60,63,55,61,63,61,80,63,72,85,88,74,83,73,80,86,92,75,95,102,84,93,73,79,118,103,111,98,117,95,114,101,114,96,125,107,117,95,100,133,113,125,123,120,120,133,128,135,130,127,129,164,150,135,142,147,141,149,149,147,146,144,149,143,158,142,165,177,151,177,167,166,192,174,180,162,184,196,188,172,175,191,195,207,202,179,162,181,191,181,168,190,183,229,190,191,172,185,200,182,200,209,184,206,237,190,194,214,222,209,194,193,197,213,190,249,199,190,215,215,230,184,214,220,186,200,236,220,244,218,256,0,
11,5,4,9,7,4,12,8,5,10,8,8,11,12,10,11,8,13,12,8,13,15,22,8,17,19,14,12,16,18,22,24,27,15,28,23,26,20,35,33,26,26,24,30,24,35,33,26,35,50,30,33,36,27,31,43,40,49,46,50,50,52,52,51,49,65,51,43,56,69,60,48,52,66,65,77,70,70,62,61,64,68,75,75,70,79,74,87,61,71,69,78,87,85,103,69,84,102,99,97,90,94,104,98,84,89,100,81,90,82,133,131,94,104,103,107,125,101,115,126,141,117,111,123,106,130,148,134,127,129,119,127,115,119,141,114,139,134,161,150,152,163,159,160,143,168,162,174,145,149,155,149,185,148,154,138,141,170,167,169,152,163,166,174,175,177,194,179,159,165,173,180,148,154,189,172,186,177,163,175,188,179,181,223,175,165,187,180,196,196,184,166,172,201,158,209,182,204,242,0,
8,8,8,2,7,4,3,13,6,10,5,6,8,8,5,10,15,6,12,10,17,12,11,12,10,21,14,15,13,20,23,16,19,13,12,15,17,21,24,31,25,26,36,27,23,28,27,25,33,28,38,41,26,41,44,32,33,36,35,36,47,53,41,35,54,40,43,49,49,40,50,50,55,59,67,69,62,66,68,65,67,58,65,67,69,50,70,76,74,76,71,68,78,76,56,76,82,68,73,75,77,75,100,86,82,99,86,99,98,77,85,102,93,94,68,97,80,97,112,97,91,100,101,120,107,128,111,109,108,102,106,95,119,131,127,116,107,121,113,109,125,119,113,125,122,110,127,117,131,122,126,137,150,144,128,128,144,145,127,133,138,163,133,142,146,155,145,163,151,142,157,126,173,139,150,134,184,149,146,149,140,139,153,147,153,146,170,162,169,137,163,168,159,152,173,137,190,162,231,0,
8,2,8,8,1,3,4,6,6,9,5,11,13,20,5,10,7,18,15,21,7,7,10,16,18,9,15,17,13,10,19,28,18,4,16,27,18,16,27,22,13,25,30,18,21,36,26,28,31,30,24,30,28,30,37,40,28,28,38,33,29,37,34,38,38,37,43,41,46,41,46,45,51,49,44,51,52,61,52,47,58,71,62,43,60,54,58,67,64,61,74,64,65,71,74,70,68,69,78,76,75,70,58,79,81,70,81,71,71,76,93,84,81,80,78,76,80,87,86,95,80,99,96,110,122,107,96,97,99,121,102,103,94,100,99,103,118,112,110,110,112,96,95,121,93,116,111,123,106,123,117,120,127,125,128,124,125,149,128,139,129,137,143,123,125,151,124,133,129,136,136,142,132,131,135,112,137,134,140,159,131,127,140,133,134,140,154,133,146,145,127,144,164,139,133,154,161,152,175,0,
4,3,9,3,5,7,3,3,6,9,9,6,3,3,5,8,7,13,11,8,9,10,6,9,11,13,13,15,10,17,13,14,17,17,12,11,13,14,17,20,16,17,19,22,25,22,25,27,24,19,35,30,19,33,21,41,33,33,38,34,27,23,25,32,39,37,47,45,46,43,35,47,35,42,45,48,47,53,52,45,51,47,44,57,55,63,54,53,71,53,47,54,52,45,58,66,49,61,59,49,55,60,67,77,70,79,61,61,80,87,59,78,84,80,81,98,82,79,82,71,84,83,91,87,111,75,96,84,81,80,83,64,68,99,92,77,98,93,83,96,98,113,116,101,97,88,126,96,82,117,97,109,106,104,105,116,104,82,112,95,129,102,98,111,123,119,129,120,113,92,128,131,104,109,119,113,117,131,109,137,122,135,136,134,121,121,126,121,137,129,138,156,126,115,129,147,134,103,167,0,
9,3,2,3,8,8,5,7,6,6,4,7,8,8,8,12,9,7,8,12,10,7,7,9,12,11,10,18,17,8,15,19,15,15,17,17,10,18,17,22,20,20,21,21,21,16,22,23,32,23,22,20,35,21,29,29,37,33,38,30,29,28,38,32,38,45,29,39,32,43,39,52,34,38,42,51,41,37,51,51,40,42,59,48,43,47,56,62,39,56,50,45,67,55,54,53,56,62,59,58,50,71,49,69,65,78,66,62,68,85,60,80,70,74,80,79,63,65,71,90,86,83,85,76,77,68,72,69,85,77,99,73,82,95,77,74,100,83,85,93,86,91,97,91,81,82,87,99,84,86,111,82,106,109,95,108,91,116,86,129,103,100,105,92,99,108,106,99,106,96,122,81,112,102,109,95,91,98,105,93,99,116,126,114,114,112,123,114,122,117,123,118,119,117,129,128,125,112,123,0,
5,2,5,1,5,1,5,7,6,6,1,7,10,7,6,6,13,8,10,12,9,9,11,9,11,8,11,12,11,11,18,12,16,10,12,9,16,13,18,16,22,20,10,18,18,22,17,24,17,24,29,33,26,26,25,31,16,30,21,24,38,26,21,27,33,35,36,27,42,32,35,37,33,34,35,36,50,43,38,37,43,47,23,35,51,55,43,41,51,39,41,50,65,61,56,54,63,43,51,56,56,55,52,52,47,52,65,48,65,63,60,67,53,55,49,65,75,58,58,71,59,65,56,70,46,70,76,78,73,64,78,67,73,80,74,73,90,86,75,100,81,78,79,88,88,75,72,67,78,85,84,83,92,87,81,97,97,86,85,88,108,93,82,81,95,91,96,92,90,112,117,85,116,93,102,97,112,101,116,98,103,114,99,95,113,78,87,115,83,104,109,116,109,107,114,106,96,118,116,0,
4,7,8,1,3,3,5,8,7,3,11,8,2,8,3,6,11,3,6,12,12,7,12,8,9,5,4,6,8,10,6,13,10,14,18,9,9,19,10,14,19,11,12,16,20,17,11,23,24,15,16,20,27,22,24,25,22,29,27,28,25,28,31,21,29,32,28,34,25,29,34,31,35,36,31,38,36,35,23,38,46,41,34,47,35,38,37,38,55,43,39,51,50,40,44,42,49,51,53,49,48,49,56,52,59,56,46,70,66,58,77,46,63,71,69,62,43,54,58,53,53,60,67,59,67,63,66,64,67,68,62,72,65,66,74,65,85,58,84,81,62,61,72,69,78,83,68,80,69,74,91,78,81,69,85,78,86,71,69,87,71,75,72,92,76,66,93,82,88,78,101,81,74,86,82,94,90,88,92,101,117,109,90,73,99,70,103,102,81,87,87,88,99,86,99,81,96,109,109,0,
5,4,3,2,1,0,7,4,4,5,3,7,5,7,7,10,6,5,7,5,10,7,15,8,4,10,11,10,5,11,7,8,12,13,10,15,14,12,11,11,17,19,16,12,17,17,15,21,22,27,21,14,26,26,27,15,24,19,31,14,26,26,21,32,25,31,24,29,23,36,31,37,30,40,37,33,39,21,24,34,35,31,35,34,41,32,31,38,34,38,41,47,40,48,40,37,35,39,44,46,51,48,52,52,57,44,39,49,58,50,50,48,53,53,55,42,64,55,50,55,59,62,49,56,54,63,66,67,56,65,63,74,44,61,67,55,68,61,70,58,61,65,69,64,50,73,72,61,78,78,76,70,79,64,71,55,88,55,83,76,88,65,69,63,86,68,83,91,69,63,82,87,76,75,73,92,76,91,70,77,90,65,75,83,85,108,84,71,83,75,76,88,101,77,74,93,78,99,78,0,
3,5,5,7,3,3,5,2,2,8,4,11,8,8,10,4,6,9,12,10,11,17,5,5,15,6,11,13,9,11,9,13,11,10,6,6,10,10,14,12,10,18,9,16,17,17,18,21,19,22,22,20,25,17,21,22,18,20,16,29,28,23,26,18,16,29,26,21,17,23,30,31,29,25,34,37,35,30,35,37,24,24,44,23,34,23,33,40,34,39,37,44,40,33,34,50,36,42,43,45,38,47,42,41,45,50,55,56,51,43,47,45,48,34,51,52,56,53,53,49,46,50,59,59,62,48,52,57,48,47,63,67,63,42,44,73,59,44,72,53,61,57,62,67,64,64,61,62,70,60,74,78,59,54,44,60,70,68,60,70,59,58,71,75,78,56,68,87,57,72,70,63,72,67,82,71,82,73,79,79,82,71,64,72,75,82,86,67,66,83,86,87,95,82,62,76,77,81,85,0,
9,8,2,8,4,3,2,9,7,5,3,3,5,4,4,1,6,4,7,8,6,5,11,6,6,5,6,8,9,13,4,11,8,15,5,11,9,20,18,13,11,19,16,13,17,12,8,12,15,21,14,22,25,24,13,26,15,22,13,19,22,18,23,30,22,33,22,19,18,29,32,27,27,20,27,28,24,32,33,19,31,21,26,19,32,34,39,31,31,33,35,29,34,37,45,31,39,40,38,39,46,38,41,40,39,33,37,48,47,45,35,39,47,57,50,42,39,41,41,44,60,34,49,50,57,45,56,51,48,49,55,60,48,62,47,53,53,56,62,68,50,60,64,53,42,62,64,55,57,55,64,65,64,72,70,68,52,57,62,64,58,69,67,79,74,48,62,56,61,63,68,75,71,61,77,77,75,68,63,65,80,49,53,61,81,56,97,92,73,63,78,74,67,76,66,80,81,74,79,0,
6,4,2,4,1,3,5,2,6,8,2,6,5,5,1,2,5,8,6,5,8,7,7,9,17,10,12,10,6,2,14,8,8,13,11,8,15,9,11,20,17,17,6,15,11,15,8,15,20,14,16,13,9,19,16,19,25,29,24,10,22,14,30,22,22,14,21,30,28,20,23,29,19,24,31,23,32,24,23,33,25,31,33,30,40,28,31,31,29,33,31,33,32,31,25,27,32,30,41,40,40,30,34,35,42,41,37,40,41,40,45,56,38,38,43,38,43,38,49,55,63,47,33,59,43,49,33,40,64,50,41,35,39,36,44,47,36,51,43,58,61,45,46,55,46,56,56,70,60,48,62,53,45,47,57,61,59,58,65,47,55,70,68,57,65,55,55,58,59,65,59,61,46,60,72,70,64,68,62,54,66,58,63,58,76,61,75,58,51,70,57,81,64,56,78,61,55,87,72,0,
6,3,4,3,5,5,3,6,1,5,7,7,2,4,4,5,9,4,4,5,4,12,6,7,9,9,10,12,9,7,7,9,9,8,9,12,10,15,15,12,11,9,12,12,12,13,17,12,13,19,10,22,17,19,23,19,17,12,23,23,16,17,17,19,26,20,18,24,24,27,27,16,24,25,17,27,35,21,38,28,29,25,25,27,30,33,26,33,27,28,40,25,37,39,39,43,43,40,36,41,36,45,33,41,35,34,40,39,37,33,41,38,43,47,31,38,47,40,27,50,46,45,47,44,45,54,54,53,43,39,44,47,48,46,46,42,42,46,47,49,50,45,57,38,55,47,50,62,66,64,47,46,76,49,49,59,66,64,52,71,67,55,48,63,66,63,57,67,61,50,71,80,58,62,45,72,59,60,69,62,63,58,60,70,79,56,57,67,68,62,61,50,62,61,54,60,66,69,79,0,
