2,2,1,1,0,0,0,0,0,1,0,0,0,0,0,0,0,0,0,0,1,0,0,0,0,1,1,2,0,1,1,2,1,0,0,0,0,1,0,1,0,0,0,1,0,0,0,0,1,0,0,0,0,0,0,1,0,1,3,1,2,6,0,0,0,0,1,1,1,2,0,0,1,2,1,1,0,2,0,1,1,0,1,0,1,1,0,0,2,1,1,4,5,2,5,2,5,3,4,1,6,0,2,1,5,5,3,4,4,4,1,3,4,2,3,2,1,3,3,5,5,5,3,2,5,3,2,4,4,5,3,5,7,3,6,6,2,5,5,5,3,3,9,6,8,11,6,8,10,5,8,3,4,9,10,5,9,8,12,9,8,12,8,12,4,2,12,7,9,13,10,3,12,5,5,13,9,7,10,5,16,11,11,27,14,13,10,18,7,10,10,12,20,13,12,10,15,21,13,0,
2,0,1,0,0,1,1,1,0,0,1,0,0,0,0,0,0,0,0,0,0,1,0,0,0,0,0,1,0,1,1,0,0,0,1,1,2,3,0,0,0,1,2,0,0,1,0,0,0,2,0,1,2,0,2,3,3,3,1,0,0,5,3,4,1,1,4,1,3,1,0,3,3,1,1,2,1,4,1,5,5,3,3,2,1,2,2,2,4,3,4,3,4,3,1,3,1,2,3,6,4,4,1,5,2,3,7,7,3,4,2,4,3,9,4,4,3,6,2,6,3,8,7,6,3,3,4,6,6,3,6,5,8,10,6,10,7,8,8,7,4,10,6,7,9,9,5,6,13,10,7,10,4,8,11,12,12,9,5,9,3,6,10,6,8,12,12,6,8,10,11,11,14,6,11,7,7,14,16,10,17,17,9,8,14,12,16,12,12,15,17,14,14,15,16,18,16,19,18,0,
0,0,0,3,0,2,0,0,0,0,1,0,0,1,0,0,0,0,0,1,0,0,1,0,0,1,1,2,0,0,0,0,0,1,0,1,0,1,1,2,1,1,1,2,2,1,0,1,0,0,0,3,2,2,1,1,2,2,0,2,3,1,2,2,2,1,2,2,0,1,3,4,3,4,3,3,5,2,3,1,2,3,3,4,3,3,5,7,5,3,3,7,3,5,3,6,2,7,3,7,4,4,11,5,6,5,10,14,5,2,8,4,9,4,1,6,9,8,5,6,14,6,10,9,7,13,8,5,12,4,9,9,6,7,13,15,8,16,12,11,6,4,13,7,10,8,3,10,13,12,10,10,11,10,6,9,18,11,11,7,12,17,17,17,14,12,14,9,25,14,19,12,19,14,17,17,11,14,16,16,16,13,18,20,15,18,22,19,16,17,20,22,19,19,26,14,25,12,17,0,
2,0,0,0,0,0,0,0,0,0,1,0,1,0,0,0,0,0,0,0,1,0,0,0,0,2,1,0,0,1,1,0,0,0,1,0,1,4,2,3,1,1,0,0,1,0,0,0,3,1,1,2,1,2,0,3,3,2,0,0,1,5,2,3,2,3,3,2,6,2,0,4,1,2,3,3,2,3,2,3,2,3,6,5,8,5,5,1,4,9,2,3,3,2,4,3,7,4,8,4,9,9,5,9,6,7,7,6,5,10,8,4,3,6,2,8,9,9,9,14,7,10,5,10,13,10,9,12,10,12,14,16,17,6,12,9,12,16,9,13,18,8,13,10,11,11,14,21,13,20,17,13,9,22,19,12,16,18,9,9,23,18,25,18,20,17,24,22,10,18,21,22,17,17,24,33,30,20,22,27,18,21,20,20,22,34,23,29,26,18,18,30,32,24,22,23,21,27,33,0,
1,0,0,0,0,0,0,0,0,1,0,0,1,0,2,0,0,2,0,1,0,1,0,0,0,1,0,1,0,0,1,2,1,0,1,0,0,2,1,0,3,0,0,1,0,1,1,1,1,2,1,0,3,4,5,1,0,1,2,1,1,1,3,3,3,1,2,4,3,5,4,4,5,7,5,2,3,4,3,3,5,3,3,4,8,2,7,5,7,3,7,13,8,8,7,13,11,8,8,6,5,9,7,14,5,10,13,8,10,6,11,11,11,10,10,10,10,10,17,13,11,10,15,11,10,6,11,19,15,15,12,9,14,15,15,22,12,14,17,13,26,12,30,12,19,21,20,17,13,26,27,16,20,22,14,29,21,29,26,22,24,29,20,35,33,26,23,25,29,25,27,24,31,19,33,28,23,21,19,28,30,21,37,31,22,37,25,25,28,41,33,26,33,22,22,27,26,20,26,0,
1,0,1,0,0,0,0,0,0,0,0,2,1,0,2,0,0,0,1,1,0,0,1,1,1,1,0,2,1,3,1,0,4,0,0,0,0,1,1,1,1,2,0,4,0,0,3,1,1,2,5,0,3,2,3,3,6,3,3,4,4,4,3,3,4,1,6,3,1,12,3,3,4,8,7,2,9,2,7,7,5,6,3,7,8,13,7,11,10,8,7,2,12,9,8,17,9,13,13,6,13,13,13,6,18,10,8,13,16,12,20,9,16,8,7,15,20,21,18,19,17,14,21,14,20,18,20,25,17,24,18,25,19,26,26,21,29,19,29,23,28,31,16,20,28,23,25,27,24,20,38,23,23,27,34,30,36,26,35,39,37,21,34,31,33,19,24,41,31,32,46,31,31,33,29,37,27,31,34,40,39,38,37,36,37,42,41,37,46,25,34,29,32,35,44,38,33,27,30,0,
1,0,0,0,0,0,0,1,1,0,0,0,0,0,1,1,2,0,0,0,1,1,1,0,1,1,2,3,1,1,2,0,0,3,0,0,1,1,0,1,6,6,3,3,3,1,5,2,2,2,2,3,2,2,3,5,5,5,4,3,5,11,6,7,4,5,8,9,7,4,9,8,6,6,6,9,7,12,12,4,20,8,8,8,9,8,10,11,15,8,13,19,12,19,15,14,15,11,18,15,16,18,13,16,26,20,21,13,16,24,23,20,18,17,10,23,17,24,27,25,25,17,20,21,32,27,25,39,31,32,31,37,35,40,34,31,39,30,34,40,25,35,25,42,49,37,47,32,41,35,40,35,41,36,46,35,44,39,41,40,46,53,36,38,34,42,45,46,46,47,48,49,39,43,37,40,61,55,42,46,50,33,28,48,48,44,50,37,49,39,46,43,43,45,51,41,37,46,34,0,
0,0,0,1,0,0,0,1,0,0,1,1,0,1,0,2,1,2,1,2,0,1,0,3,0,0,2,0,2,3,0,1,4,1,1,2,5,2,2,8,1,3,0,3,3,1,2,5,7,7,10,6,6,3,7,9,11,7,9,7,5,9,11,9,9,10,10,11,6,5,9,11,11,16,11,7,17,11,14,23,16,18,18,23,16,24,22,16,21,16,29,23,21,20,20,15,25,27,28,26,34,27,24,29,20,29,29,34,20,35,27,42,33,33,32,31,44,38,30,36,35,31,41,33,48,56,43,29,48,49,41,41,47,59,47,47,53,53,48,55,58,63,44,57,51,34,50,62,65,63,73,60,62,56,66,48,64,62,54,51,62,53,72,47,58,67,56,73,50,64,65,69,68,61,62,53,71,61,67,52,57,50,49,73,53,47,58,59,58,61,60,76,48,51,57,56,42,41,40,0,
1,0,0,0,0,0,0,1,0,1,2,2,3,1,1,1,1,0,0,0,2,1,3,2,3,3,5,2,4,3,8,6,6,10,4,7,6,4,7,13,10,11,12,12,12,10,15,15,20,4,14,19,14,20,13,19,14,24,20,24,23,30,20,17,23,21,18,20,24,22,28,22,22,18,29,26,26,36,31,40,34,39,33,34,40,28,43,31,42,41,40,42,53,53,51,47,45,47,52,59,49,54,63,49,61,50,41,46,51,56,54,61,58,52,58,64,66,74,60,56,76,81,78,66,81,69,67,77,78,75,68,85,55,76,77,73,79,77,93,71,88,80,64,76,75,75,77,74,82,79,77,66,73,72,95,91,100,77,84,103,76,79,86,116,77,87,69,85,79,103,82,102,73,72,71,85,97,85,73,90,72,75,80,77,74,78,69,90,75,69,83,68,59,82,66,57,63,49,47,0,
0,0,1,1,0,0,1,2,2,2,0,1,2,3,3,3,4,5,2,2,5,11,5,7,12,7,13,12,15,12,15,11,13,19,18,17,9,26,13,17,18,25,22,27,22,27,32,38,24,27,36,37,42,35,36,45,47,42,47,48,50,52,51,46,51,52,49,47,57,42,52,54,58,74,67,65,54,59,52,62,62,62,80,69,83,73,77,60,66,87,80,70,84,81,59,80,84,81,101,84,94,74,82,84,83,93,110,87,112,123,93,92,91,115,112,113,88,118,114,110,90,114,124,115,127,118,122,111,124,121,124,127,115,125,129,123,99,133,137,121,118,127,119,139,99,113,126,115,123,131,136,118,110,124,93,130,139,125,118,119,109,112,109,123,122,142,107,100,128,90,107,114,102,87,118,101,98,99,106,102,113,106,95,101,99,121,88,97,97,82,94,80,90,69,85,62,65,56,57,0,
0,0,2,3,4,2,8,4,1,5,11,9,10,8,8,15,2,13,14,10,9,13,28,16,19,21,27,23,19,21,31,30,39,36,43,40,30,41,37,42,52,58,58,60,65,51,55,65,70,63,72,73,74,77,74,70,92,75,85,78,87,86,78,92,95,85,81,86,78,108,120,86,113,103,105,103,100,120,128,93,119,111,121,118,126,123,119,134,133,142,145,143,142,133,167,134,125,150,153,160,145,136,153,135,138,142,153,160,150,176,168,163,161,161,145,162,187,172,196,144,169,170,181,191,173,178,159,181,161,182,177,165,182,190,152,182,197,173,176,155,182,157,181,154,198,181,179,182,167,176,173,159,162,157,152,162,142,160,141,147,166,169,164,139,143,158,157,139,137,149,144,146,125,136,111,158,143,127,130,126,125,125,116,121,135,112,116,115,111,116,125,90,98,89,92,83,87,63,54,0,
1,1,1,1,3,4,4,10,8,8,7,4,11,9,20,9,13,18,20,25,26,27,24,24,41,28,43,36,39,33,30,46,44,61,68,50,65,57,60,58,85,61,84,77,82,82,82,72,81,92,84,83,104,104,113,91,114,117,119,112,112,116,112,117,137,141,139,121,145,132,159,142,153,138,155,138,144,147,146,155,155,150,174,153,172,177,193,177,193,168,183,175,204,164,190,185,190,190,178,205,203,182,177,213,210,193,196,207,206,222,222,204,222,243,220,205,257,217,230,250,240,226,229,242,259,244,254,256,264,238,239,242,237,223,246,251,226,243,233,251,224,204,211,240,240,230,207,218,237,199,229,206,214,232,207,190,198,183,205,190,193,179,186,182,159,195,194,200,173,179,165,183,180,164,162,183,175,171,161,166,155,152,140,151,156,149,171,128,122,137,140,129,117,134,109,119,98,105,81,0,
0,1,3,4,9,9,7,5,10,10,7,11,14,14,17,22,17,33,19,32,37,37,35,35,49,52,40,62,47,48,55,45,54,66,62,58,68,52,72,80,79,84,89,81,99,106,82,108,87,117,114,121,116,102,125,111,92,129,124,131,141,113,126,116,137,136,156,148,145,154,163,172,161,145,172,201,162,169,191,183,178,205,174,187,198,183,209,187,185,201,214,231,237,210,203,190,228,231,220,243,246,233,266,221,242,248,279,259,285,252,296,241,288,270,275,275,286,270,283,282,285,295,294,324,323,300,308,303,300,281,285,283,319,305,312,292,282,309,312,291,260,281,283,295,293,283,269,283,295,283,272,257,268,245,235,254,255,259,251,261,242,243,270,223,243,222,240,196,229,230,235,215,238,224,213,208,205,211,200,215,206,200,194,206,169,163,170,180,151,190,181,157,139,144,126,136,116,102,91,0,
0,0,2,2,4,2,5,6,12,16,16,13,21,18,19,18,30,20,27,31,42,31,40,34,42,37,42,54,46,53,58,57,64,66,78,57,68,91,84,91,76,86,79,108,90,90,104,112,95,86,130,134,105,119,134,138,123,128,151,124,124,157,156,161,167,146,160,187,170,176,174,185,170,179,175,228,199,215,169,206,221,210,223,217,248,247,233,229,241,230,250,212,245,254,284,243,259,274,241,246,250,268,244,297,311,304,302,313,330,330,312,312,314,348,324,319,341,334,322,390,347,389,345,337,368,353,371,338,363,364,360,364,390,368,349,342,353,344,340,345,340,356,320,308,348,349,321,332,296,340,322,318,338,305,326,299,295,266,325,269,271,327,289,264,277,279,290,290,306,267,296,277,279,267,248,244,244,235,221,216,231,219,236,223,220,218,200,199,192,206,190,207,168,187,177,140,136,141,118,0,
0,1,7,3,3,6,8,14,12,13,10,20,16,16,18,31,20,27,34,26,31,43,38,43,48,47,50,57,38,69,64,58,58,73,78,87,78,78,92,86,82,101,94,99,118,110,115,114,126,122,117,119,130,122,140,153,142,142,151,152,162,149,169,168,159,200,174,172,190,189,184,234,205,210,201,206,246,223,210,207,238,242,230,262,257,260,237,295,281,261,271,258,273,317,252,255,281,311,288,278,311,303,300,355,352,346,354,358,360,378,387,403,423,387,416,415,439,392,415,431,440,438,447,422,426,436,412,432,415,446,434,433,421,394,390,420,455,433,407,398,414,376,404,407,412,410,429,381,386,389,404,352,380,354,342,357,377,352,368,386,336,345,356,307,333,332,331,285,331,334,311,311,344,319,290,316,279,269,279,309,269,272,308,277,259,243,238,229,239,235,226,238,214,266,184,167,182,139,144,0,
0,3,4,4,8,10,10,7,13,17,16,18,20,19,21,27,27,19,44,30,36,37,42,46,43,55,46,50,44,80,65,84,73,87,80,79,90,93,89,114,102,91,112,114,116,101,135,129,137,131,121,149,158,156,158,165,163,153,183,171,164,160,200,205,192,199,213,194,188,225,207,245,226,243,214,250,235,253,278,252,244,292,259,273,256,281,294,244,261,306,293,355,333,302,343,339,335,352,316,343,353,363,378,409,424,376,474,414,459,449,467,498,545,469,514,550,515,532,525,537,554,516,501,538,515,533,572,521,516,522,545,519,523,527,560,496,490,528,477,504,477,476,493,489,466,469,471,480,430,469,439,467,429,430,443,448,456,415,398,401,393,411,373,375,394,379,357,372,365,364,348,355,391,321,348,352,356,340,339,309,323,327,346,295,304,326,277,290,248,287,290,265,258,229,216,229,211,199,183,0,
1,0,3,1,6,8,10,16,22,16,33,19,19,21,25,37,37,41,43,44,39,36,50,62,51,51,53,50,75,83,75,74,90,84,91,89,83,103,113,108,125,120,118,133,133,125,128,139,175,155,170,153,177,168,174,197,181,195,219,195,205,217,206,214,213,217,241,229,246,271,247,268,243,254,273,307,318,291,290,284,339,342,322,317,338,349,345,317,384,354,357,398,378,369,378,405,435,424,380,403,412,407,468,468,487,536,550,509,582,616,626,637,629,621,638,644,639,681,671,668,656,736,655,643,627,684,628,661,594,633,652,634,649,647,642,630,581,639,618,657,656,635,589,568,556,551,568,534,529,549,503,523,520,481,508,490,482,499,489,493,473,447,509,467,507,443,452,445,431,462,442,449,450,439,460,420,412,383,395,403,387,370,380,415,352,371,368,338,312,321,318,320,299,300,287,250,267,203,209,0,
2,1,5,6,7,11,11,16,14,21,22,19,22,39,40,32,42,51,41,50,54,58,64,58,60,56,74,62,77,55,92,93,100,112,105,100,104,127,122,150,143,146,134,126,146,140,176,170,168,183,188,232,206,225,239,204,210,244,275,243,245,283,262,270,300,280,320,320,335,302,335,354,315,363,366,433,378,424,417,391,384,408,398,420,441,409,402,462,442,455,486,467,470,488,481,490,499,486,511,520,565,557,605,631,611,737,721,719,769,750,812,815,780,834,818,827,822,845,834,812,887,852,761,809,813,822,789,825,823,825,744,808,773,750,769,774,795,751,701,701,766,687,734,711,691,693,651,693,648,624,631,585,630,618,619,625,632,567,554,597,584,552,556,551,580,554,576,527,532,505,503,492,506,476,470,516,474,483,464,474,445,470,446,462,423,424,417,399,451,364,410,401,364,334,337,337,304,278,265,0,
1,1,8,9,9,11,12,15,14,21,36,31,27,26,27,35,39,44,43,57,61,57,68,79,79,59,83,111,96,93,109,121,118,121,151,164,151,157,177,178,169,212,172,199,232,226,227,270,269,251,255,290,306,304,322,328,362,335,352,350,365,397,369,419,431,445,464,466,452,463,496,465,472,518,500,546,551,510,518,577,553,583,554,550,551,617,606,612,641,658,628,606,588,636,630,632,654,636,630,692,740,838,830,908,984,994,956,1050,1074,1097,1049,1118,1174,1069,1065,1058,1001,1085,1055,997,975,1060,1050,1084,1014,1086,1027,1028,1004,945,923,916,929,871,924,935,905,896,853,859,894,853,864,815,757,846,799,762,752,739,793,711,748,725,756,712,692,726,692,686,652,659,629,674,628,604,627,635,595,657,598,598,600,575,569,571,575,540,542,548,550,537,540,500,521,539,521,479,479,470,481,442,437,451,433,388,396,358,316,0,
3,7,5,13,16,21,24,30,36,44,51,53,51,71,80,84,72,104,111,121,135,156,160,145,168,210,195,222,224,250,281,252,285,332,320,326,364,335,368,415,385,417,478,452,481,452,478,500,521,521,532,604,578,601,556,609,612,626,658,661,676,663,667,649,662,714,700,723,744,728,762,756,777,768,742,781,794,767,792,823,827,791,844,852,782,891,827,834,789,821,898,885,859,923,885,855,879,866,835,1083,1125,1338,1349,1426,1509,1460,1495,1478,1445,1446,1454,1475,1437,1414,1424,1404,1410,1340,1357,1376,1346,1369,1255,1297,1289,1323,1242,1203,1196,1203,1176,1157,1123,1080,1079,1045,1064,1039,1044,979,998,1003,1004,992,932,938,925,923,935,917,855,918,923,853,818,839,850,809,819,804,808,735,714,772,714,749,818,722,700,722,705,741,715,674,714,653,621,635,611,668,664,610,601,611,647,590,636,614,583,551,598,548,537,518,501,513,469,478,386,0,
293,327,417,436,509,512,592,649,655,742,753,780,804,827,856,828,856,951,896,895,881,921,988,928,976,1026,1033,995,1062,977,1025,1021,1027,1043,1097,1022,1094,1073,1100,1079,1110,1161,1125,1112,1130,1119,1159,1192,1188,1154,1160,1170,1205,1152,1194,1169,1207,1179,1243,1187,1246,1205,1217,1238,1165,1276,1279,1224,1211,1215,1310,1273,1239,1208,1177,1235,1199,1217,1177,1199,1194,1227,1201,1244,1183,1243,1204,1250,1189,1288,1227,1190,1228,1223,1148,1164,1176,1127,1214,2141,2174,2181,2114,2032,2035,2049,2117,2005,2068,1960,1962,1949,1809,1777,1827,1868,1841,1762,1737,1739,1685,1642,1607,1562,1624,1571,1566,1548,1446,1367,1488,1413,1369,1380,1359,1267,1282,1343,1273,1287,1276,1204,1197,1131,1144,1178,1110,1178,1141,1115,1075,1001,1099,1026,979,988,982,1015,904,940,938,937,907,875,897,891,906,870,826,819,842,838,757,787,799,811,767,764,738,773,772,805,672,746,753,724,691,705,725,660,692,642,601,677,627,605,557,506,505,0,
547,554,716,815,911,985,1030,1164,1165,1282,1395,1365,1414,1444,1553,1536,1566,1575,1654,1655,1663,1697,1713,1693,1823,1715,1846,1827,1727,1791,1773,1779,1834,1857,1839,1824,1923,1841,1853,1800,1848,1897,1899,1848,1840,1871,1901,1793,1905,1830,1887,1830,1807,1854,1827,1896,1810,1779,1856,1818,1770,1834,1890,1776,1781,1840,1719,1790,1770,1812,1763,1730,1734,1775,1774,1785,1723,1832,1665,1687,1692,1752,1674,1707,1639,1695,1601,1669,1582,1694,1654,1575,1622,1688,1536,1599,1583,1552,1558,3257,3152,3125,2974,2832,2842,2906,2857,2718,2659,2521,2554,2458,2420,2343,2263,2286,2227,2200,2238,2042,2062,2032,2062,2024,1934,1905,1874,1824,1834,1770,1717,1725,1650,1662,1684,1575,1523,1555,1510,1468,1459,1412,1428,1420,1323,1374,1331,1380,1356,1223,1279,1246,1158,1223,1160,1158,1155,1177,1119,1126,1084,1044,1105,1051,1073,1050,1053,970,1009,1013,961,1000,981,978,945,941,900,872,904,903,893,907,848,867,844,842,812,833,805,790,779,757,779,731,710,672,649,681,600,0,
669,710,918,1063,1271,1271,1355,1506,1506,1516,1644,1622,1743,1884,1912,1994,2003,2087,2043,2078,2011,2141,2172,2268,2289,2200,2274,2308,2158,2279,2430,2315,2378,2330,2446,2356,2441,2396,2403,2350,2480,2446,2393,2449,2399,2421,2347,2373,2410,2418,2466,2414,2430,2360,2448,2377,2398,2359,2368,2318,2376,2333,2353,2282,2251,2346,2347,2299,2157,2270,2273,2216,2208,2258,2260,2166,2150,2126,2157,2036,2197,2107,2149,2107,2120,2063,2023,2040,2077,2041,2012,2137,1987,1973,1969,1911,1956,1955,1965,4149,4103,3910,3640,3639,3568,3512,3445,3351,3271,3165,3046,3071,2948,2786,2751,2776,2687,2666,2559,2642,2494,2377,2369,2354,2260,2246,2166,2218,2050,2092,2080,1966,1926,1908,1890,1831,1846,1691,1751,1673,1745,1682,1631,1565,1557,1544,1508,1477,1534,1479,1396,1405,1363,1332,1339,1297,1300,1243,1265,1264,1275,1190,1209,1199,1128,1119,1146,1124,1161,1141,1162,1090,1064,1137,1051,1102,1064,1045,1082,1036,1028,999,1015,1005,1004,985,932,914,900,919,897,940,896,906,883,848,813,812,726,0,
831,902,1078,1198,1347,1460,1663,1695,1792,1925,1937,2058,2071,2104,2169,2322,2261,2414,2449,2490,2458,2510,2581,2518,2647,2686,2683,2759,2611,2838,2749,2829,2717,2812,2808,2788,2861,2905,2888,2890,2876,2822,2945,2895,2920,2937,2931,2906,2819,2811,2922,2927,2840,2757,2720,2767,2680,2912,2749,2723,2746,2836,2821,2727,2737,2693,2596,2696,2671,2669,2563,2676,2545,2604,2603,2575,2462,2563,2521,2509,2555,2469,2512,2462,2422,2441,2470,2386,2436,2375,2363,2314,2276,2326,2369,2286,2292,2281,2233,4986,4829,4702,4590,4410,4244,4054,4112,3928,3816,3764,3579,3535,3398,3325,3241,3191,3182,2967,2956,2994,2830,2781,2753,2660,2547,2473,2492,2462,2364,2358,2245,2303,2174,2164,2193,2121,1973,2019,2018,1907,1819,1881,1852,1825,1745,1743,1695,1702,1613,1698,1620,1618,1578,1519,1513,1526,1583,1526,1429,1506,1406,1436,1424,1376,1282,1297,1343,1300,1246,1294,1267,1257,1228,1195,1238,1193,1170,1143,1165,1152,1161,1139,1186,1071,1107,1124,1076,1055,1095,993,1038,1026,1006,1067,954,963,899,866,859,0,
978,976,1227,1381,1554,1710,1852,1877,2087,2200,2246,2315,2313,2475,2462,2594,2654,2684,2710,2836,2829,2857,2940,2878,3035,3039,3117,3082,3103,3154,3169,3191,3101,3115,3222,3152,3208,3184,3138,3259,3127,3236,3215,3248,3196,3238,3276,3139,3316,3320,3159,3254,3170,3288,3270,3153,3140,3158,3113,3124,3054,3087,3115,3074,3057,3006,3034,3099,2983,2954,2949,2821,3005,2972,2927,2863,2774,2863,2886,2916,2744,2767,2856,2761,2714,2671,2634,2666,2654,2787,2630,2625,2667,2550,2681,2612,2580,2524,2466,5521,5352,5172,5036,4969,4814,4619,4509,4399,4338,4208,3948,4045,3895,3819,3804,3593,3559,3405,3337,3383,3140,3107,3091,3099,2898,2794,2806,2681,2749,2603,2624,2543,2440,2431,2319,2347,2322,2271,2289,2205,2079,2103,2118,1976,1984,2017,1946,1880,1912,1731,1810,1741,1755,1749,1791,1707,1660,1604,1636,1529,1490,1511,1545,1563,1446,1488,1522,1489,1427,1386,1355,1425,1378,1316,1273,1283,1323,1370,1294,1271,1262,1248,1243,1220,1248,1217,1259,1217,1193,1141,1141,1112,1148,1073,1029,1076,1020,944,920,0,
1041,1068,1301,1520,1655,1885,2056,2165,2271,2382,2398,2568,2642,2664,2807,2791,2996,2991,2941,3068,3148,3127,3113,3139,3301,3219,3440,3264,3343,3348,3351,3465,3457,3437,3525,3600,3518,3573,3435,3601,3653,3527,3516,3532,3546,3629,3655,3640,3675,3547,3552,3565,3518,3635,3473,3595,3573,3574,3562,3487,3421,3425,3425,3375,3307,3431,3351,3323,3343,3321,3283,3396,3279,3218,3288,3202,3197,3211,3150,3211,3121,3074,3142,2991,3024,3033,3025,2911,2954,2926,2920,2884,2998,2959,2888,2874,2873,2777,2786,6097,6045,5836,5571,5487,5271,5095,5046,4907,4825,4693,4504,4496,4156,4281,4182,4022,3883,3792,3727,3680,3523,3486,3353,3239,3158,3246,3135,3015,2938,2880,2844,2724,2796,2699,2573,2597,2480,2459,2450,2439,2403,2308,2305,2294,2179,2124,2131,2004,2066,2087,1979,2005,1927,1861,1914,1806,1800,1838,1737,1722,1720,1693,1571,1657,1623,1568,1605,1558,1555,1522,1566,1485,1486,1447,1444,1374,1396,1356,1381,1381,1366,1246,1347,1327,1295,1351,1267,1266,1249,1269,1265,1173,1199,1213,1208,1162,1106,1050,1016,0,
1137,1178,1454,1660,1763,2006,2181,2316,2327,2477,2623,2726,2813,3014,2974,3042,3141,3163,3271,3176,3318,3391,3496,3488,3471,3555,3603,3534,3682,3723,3665,3735,3688,3715,3692,3695,3800,3765,3647,3773,3827,3933,3778,3787,3828,3826,3853,3795,3864,3816,3821,3898,3727,3812,3680,3754,3825,3704,3787,3739,3751,3667,3714,3665,3737,3722,3699,3544,3540,3539,3612,3496,3507,3500,3638,3501,3411,3475,3510,3276,3397,3456,3356,3398,3182,3295,3337,3237,3222,3204,3322,3163,3217,3167,3104,3075,3033,3143,3000,6665,6391,6296,6224,6012,5621,5499,5580,5371,5355,4994,4899,4790,4587,4721,4601,4353,4239,4325,4045,3958,3861,3763,3778,3560,3427,3374,3280,3249,3127,3102,3065,3034,2927,2833,2847,2839,2721,2628,2691,2602,2576,2507,2433,2417,2422,2380,2337,2348,2159,2157,2128,2208,1994,2016,2105,1982,1958,1936,1845,1905,1840,1845,1714,1765,1766,1831,1679,1712,1697,1595,1611,1635,1525,1572,1563,1590,1494,1533,1521,1408,1495,1514,1454,1433,1428,1443,1404,1371,1325,1353,1411,1362,1325,1285,1253,1288,1235,1144,1053,0,
1176,1234,1510,1709,1908,2184,2313,2399,2516,2752,2790,2850,2976,3026,3110,3321,3329,3378,3554,3505,3533,3632,3703,3761,3770,3722,3913,3847,3769,3895,3934,3897,3887,4033,3955,3920,4093,4094,3900,4115,4041,4192,4015,4107,3988,4149,4048,4077,4072,4167,4013,4122,4049,4086,3978,3942,4045,3924,4071,4031,3935,3893,3917,3939,3934,3874,3892,3863,3841,3781,3848,3765,3829,3716,3709,3620,3678,3613,3717,3631,3619,3611,3666,3539,3571,3645,3460,3467,3352,3418,3337,3382,3362,3322,3289,3340,3282,3262,3233,7037,7005,6636,6476,6261,6137,5981,5770,5681,5613,5314,5264,5161,5144,4950,4748,4563,4475,4486,4397,4223,4161,4105,3840,3822,3747,3711,3515,3602,3418,3386,3321,3239,3144,3144,3062,3127,3004,2898,2807,2788,2697,2698,2612,2589,2487,2417,2428,2424,2337,2283,2282,2259,2265,2203,2147,2115,2094,2065,1989,2026,1948,2044,1946,1913,1986,1765,1838,1842,1816,1773,1772,1779,1724,1655,1597,1657,1708,1700,1592,1551,1589,1619,1564,1590,1535,1468,1509,1541,1470,1470,1463,1539,1475,1394,1380,1366,1278,1249,1216,0,
1253,1240,1559,1857,2091,2200,2396,2615,2722,2811,2967,3027,3180,3277,3275,3341,3462,3549,3514,3641,3697,3838,3854,3942,3934,3888,4037,4022,4059,4160,4142,4080,4204,4323,4152,4142,4277,4237,4280,4296,4367,4257,4260,4291,4300,4239,4409,4309,4225,4347,4276,4173,4322,4207,4336,4173,4353,4244,4334,4297,4191,4136,4206,4175,4049,4053,4170,4099,4098,3992,4010,3949,3879,3949,3916,3803,3869,3919,3834,3960,3692,3763,3778,3791,3687,3731,3702,3735,3569,3608,3665,3612,3460,3482,3461,3428,3458,3496,3498,7286,7334,6995,6854,6872,6532,6423,6189,5967,5852,5671,5674,5544,5450,5151,5076,4896,4875,4711,4628,4546,4269,4364,4136,4127,3969,3937,3747,3646,3687,3472,3616,3468,3284,3406,3260,3166,3053,2978,3025,2852,2921,2857,2707,2682,2589,2574,2621,2436,2459,2441,2364,2371,2396,2320,2218,2253,2149,2151,2129,2104,2149,1979,2093,1972,1922,1927,1902,1893,1901,1803,1833,1815,1765,1854,1770,1806,1715,1715,1710,1715,1712,1581,1652,1664,1630,1629,1665,1633,1565,1561,1566,1613,1509,1476,1519,1427,1451,1326,1255,0,
1300,1413,1703,1877,2130,2403,2458,2549,2800,2916,2997,3173,3383,3400,3490,3482,3616,3716,3779,3733,3982,4038,3939,4028,4148,4115,4195,4212,4246,4294,4430,4340,4263,4342,4346,4411,4422,4561,4396,4463,4417,4504,4515,4427,4506,4430,4502,4458,4477,4393,4428,4450,4323,4548,4352,4453,4383,4340,4461,4300,4378,4389,4147,4347,4336,4297,4148,4143,4227,4143,4282,4145,4181,4133,4024,4158,4094,4082,4092,3951,4038,4001,3877,3896,3892,3887,3907,3841,3896,3603,3755,3702,3645,3774,3656,3687,3491,3484,3573,7790,7704,7182,7328,7035,6748,6666,6454,6395,6187,6014,5711,5719,5608,5588,5300,5227,5054,5025,4856,4845,4668,4646,4414,4346,4193,4112,3969,4085,3873,3737,3605,3535,3631,3473,3426,3267,3308,3234,3044,2985,2989,2923,2906,2830,2834,2797,2714,2637,2582,2557,2535,2469,2515,2418,2488,2354,2380,2293,2213,2258,2169,2219,2192,2153,2118,2121,2046,2095,1944,1968,1983,1921,1891,1891,1854,1901,1785,1795,1760,1801,1768,1821,1735,1717,1680,1689,1660,1658,1613,1685,1648,1701,1627,1649,1537,1455,1464,1467,1351,0,
1381,1346,1679,2071,2331,2494,2687,2751,2964,2969,3250,3385,3375,3442,3586,3641,3824,3852,3963,4029,4060,4116,4181,4086,4299,4339,4227,4388,4368,4461,4462,4563,4428,4522,4627,4620,4603,4513,4583,4640,4641,4628,4614,4695,4633,4614,4571,4774,4588,4684,4660,4672,4697,4611,4704,4593,4679,4467,4521,4644,4587,4628,4593,4422,4448,4514,4435,4455,4401,4423,4247,4311,4411,4250,4286,4220,4200,4302,4159,4248,4137,4297,4083,3972,4176,4020,3994,4023,3984,4027,3938,3834,3837,3797,3851,3821,3725,3782,3702,8030,7802,7764,7563,7270,7025,6949,6733,6576,6407,6291,6056,5941,5781,5821,5555,5534,5245,5137,5021,4852,4785,4726,4671,4401,4449,4438,4154,4190,4091,4001,3960,3724,3627,3744,3562,3447,3422,3219,3327,3239,3128,3085,3083,2997,2957,2913,2759,2811,2737,2684,2640,2637,2598,2608,2505,2461,2490,2414,2483,2337,2337,2292,2274,2256,2153,2246,2078,2163,2081,2141,2083,2034,2038,1900,1900,1986,1971,1910,1879,1854,1874,1754,1759,1863,1816,1770,1778,1704,1710,1698,1742,1708,1687,1682,1597,1636,1525,1470,1391,0,
1471,1441,1773,2125,2298,2494,2717,2833,2963,3126,3206,3315,3508,3625,3704,3668,3816,3967,3990,4077,4149,4194,4359,4311,4386,4526,4534,4543,4590,4626,4687,4622,4654,4776,4747,4743,4735,4770,4781,4785,4922,4800,4800,4848,4904,4899,4823,4839,4816,4899,4832,4897,4892,4815,4685,4778,4874,4738,4861,4677,4671,4638,4780,4669,4528,4677,4649,4649,4634,4579,4457,4454,4579,4490,4348,4482,4289,4451,4283,4352,4278,4308,4270,4251,4221,4320,4280,4142,4163,4086,4059,3984,4017,4047,3988,3979,3948,3890,3886,8448,8220,8095,7719,7552,7432,7151,6983,6847,6785,6636,6231,6270,6164,6047,5761,5530,5580,5346,5259,5151,4989,4894,4814,4572,4596,4570,4447,4323,4133,4027,4033,3895,3865,3835,3627,3697,3476,3530,3358,3412,3288,3247,3270,3163,3022,3004,2969,2896,2916,2867,2823,2851,2619,2633,2673,2648,2461,2416,2541,2492,2430,2435,2264,2246,2228,2324,2211,2200,2280,2081,2048,2011,2068,2021,2054,2051,2040,2060,1916,2034,1967,1888,1981,1935,1930,1877,1868,1850,1805,1829,1799,1744,1860,1727,1744,1695,1612,1534,1462,0,
1491,1547,1813,2157,2322,2544,2810,3032,3190,3213,3359,3452,3715,3758,3807,3940,4086,4136,4124,4270,4283,4432,4518,4526,4490,4643,4589,4595,4796,4880,4970,4829,4785,4831,4959,5056,4903,4905,4968,4976,4977,4878,4921,4986,5068,4976,5086,4949,4897,5043,5054,5065,4883,4977,5095,4970,4857,4928,4882,4886,4884,4758,4920,4967,4768,4743,4706,4701,4680,4703,4752,4657,4737,4519,4517,4469,4495,4522,4574,4438,4439,4364,4326,4436,4344,4234,4400,4155,4260,4258,4161,4083,4042,4060,4049,4095,3899,4010,3950,8673,8479,8120,8004,7681,7511,7492,7180,7026,6862,6695,6513,6461,6371,6092,6064,5846,5698,5498,5420,5322,5143,5034,4874,4769,4742,4545,4610,4378,4330,4202,4187,3991,4026,3869,3816,3815,3603,3551,3524,3424,3280,3406,3294,3133,3136,3147,2991,3136,3003,2803,2932,2901,2797,2740,2668,2682,2557,2630,2637,2497,2552,2483,2461,2416,2349,2376,2287,2270,2327,2272,2219,2116,2253,2120,2116,2038,2098,2055,2049,2058,1989,2045,1987,1982,1953,1847,1843,1922,1811,1828,1959,1893,1860,1790,1711,1735,1651,1534,1556,0,
1564,1475,1880,2181,2454,2649,2814,3192,3213,3370,3485,3575,3730,3809,4028,4116,4031,4213,4243,4299,4377,4529,4508,4642,4601,4648,4853,4787,4819,4977,4886,4941,4931,4971,5001,4930,5096,5102,4955,5152,5195,5167,5059,5131,5125,5122,5217,5135,5110,5201,5081,5002,5139,5039,5125,5031,5047,4968,5094,4923,5020,4917,4871,4957,4865,4786,4955,4890,4861,4746,4789,4699,4716,4807,4729,4736,4680,4602,4599,4597,4555,4460,4462,4470,4579,4559,4280,4284,4327,4352,4309,4234,4281,4327,4221,4199,4075,4201,4104,8938,8878,8490,8218,7967,7843,7846,7426,7187,6898,6885,6779,6752,6381,6120,6145,5992,5771,5794,5726,5347,5385,5197,5201,5014,4959,4771,4661,4597,4497,4346,4256,4230,4112,4065,3945,3903,3772,3709,3560,3668,3535,3416,3486,3341,3273,3241,3221,3069,2966,2986,2955,2937,2959,2818,2816,2713,2687,2660,2682,2590,2571,2484,2446,2471,2432,2497,2443,2323,2366,2264,2210,2246,2214,2115,2224,2185,2154,2092,2063,2034,2099,2077,2006,2090,2089,1945,1973,1961,1951,1919,1850,1876,1837,1909,1808,1753,1754,1610,1518,0,
1540,1597,1899,2242,2478,2728,2969,3082,3204,3474,3547,3691,3930,3965,4189,4188,4317,4294,4405,4563,4478,4597,4646,4731,4852,4906,5067,4879,4985,5152,5166,5126,5040,5099,5265,5088,5231,5235,5129,5149,5226,5284,5242,5332,5263,5233,5215,5302,5109,5164,5222,5279,5167,5366,5299,5184,5182,5259,5151,5114,5036,5269,5157,5099,5009,5004,5147,5152,4999,5118,4871,5075,4745,4871,4860,4824,4767,4759,4721,4726,4689,4627,4632,4643,4581,4648,4607,4573,4359,4363,4402,4280,4377,4299,4440,4290,4249,4193,4257,9283,8835,8574,8553,8329,8048,7756,7750,7461,7238,7177,6851,6752,6607,6338,6397,6178,6099,5812,5763,5558,5450,5384,5340,5195,5034,4802,4747,4820,4594,4586,4464,4279,4173,4030,3972,4047,3897,3874,3759,3755,3596,3513,3439,3411,3263,3267,3321,3130,3074,3050,3081,3009,2914,2896,2811,2811,2751,2751,2777,2652,2594,2612,2606,2537,2417,2508,2537,2445,2374,2331,2319,2316,2231,2220,2248,2298,2234,2244,2143,2167,2035,2147,2188,2004,2102,1956,2116,2012,1994,1922,1953,1887,1878,1909,1890,1815,1724,1615,1583,0,
1618,1657,1975,2392,2577,2793,3044,3257,3319,3539,3711,3924,3885,4101,4117,4369,4290,4417,4523,4684,4593,4827,4802,4815,4880,5110,5163,5014,5090,5230,5171,5219,5229,5458,5237,5340,5362,5410,5304,5432,5500,5238,5355,5364,5392,5485,5353,5225,5505,5346,5465,5482,5493,5446,5355,5369,5438,5268,5350,5386,5201,5254,5184,5316,5225,5192,5036,5114,5222,5160,5062,4953,5041,5043,5024,5031,4923,4896,4788,4834,4866,4620,4721,4647,4843,4781,4711,4491,4675,4548,4551,4546,4271,4543,4454,4339,4423,4348,4285,9408,9147,8876,8681,8532,8239,7800,7997,7686,7498,7314,7149,6961,6840,6569,6366,6301,6244,6048,5880,5625,5598,5505,5360,5232,5115,5144,4924,4820,4776,4656,4497,4352,4281,4211,4077,4097,4078,3862,3887,3849,3655,3642,3612,3499,3435,3355,3310,3331,3264,3094,3146,3140,3032,2975,2878,2887,2832,2813,2840,2776,2667,2720,2623,2530,2704,2475,2445,2459,2421,2345,2412,2463,2243,2336,2365,2272,2206,2230,2164,2123,2150,2213,2154,2157,2009,2064,2009,2130,2111,2035,2095,1988,1987,1932,1864,1850,1785,1707,1647,0,
1665,1679,2060,2297,2611,2855,3038,3249,3433,3644,3845,3887,4029,4110,4269,4457,4428,4643,4525,4756,4813,4968,4894,4857,5024,5214,5147,5049,5340,5305,5178,5314,5191,5507,5451,5433,5492,5451,5437,5609,5497,5503,5494,5550,5452,5517,5493,5405,5627,5605,5272,5496,5513,5475,5420,5380,5366,5452,5329,5490,5415,5281,5444,5241,5485,5263,5135,5202,5216,5152,5132,5175,5024,5028,5106,5038,5022,4807,4904,4950,4950,4773,4843,4965,4684,4590,4625,4640,4629,4640,4590,4571,4531,4586,4590,4298,4396,4421,4314,9686,9246,8886,8960,8697,8319,8197,8006,7802,7583,7511,7366,6999,6844,6793,6553,6259,6419,6012,5994,5799,5837,5603,5432,5263,5305,5048,5119,4929,4827,4686,4471,4478,4442,4281,4307,4061,4077,3987,3805,3938,3727,3708,3640,3546,3598,3370,3326,3355,3218,3204,3288,3195,3086,3062,3032,3070,2927,2893,2834,2874,2788,2712,2685,2637,2589,2608,2552,2515,2490,2490,2483,2491,2440,2354,2440,2350,2291,2266,2362,2211,2130,2233,2199,2168,2154,2084,2188,2118,2088,2030,2109,2004,2072,2026,1911,1856,1802,1787,1675,0,
1625,1635,2140,2294,2629,2861,3137,3306,3548,3633,3912,3888,4045,4160,4201,4366,4497,4658,4743,4708,4893,4905,4985,5017,4976,5173,5225,5183,5206,5284,5322,5331,5304,5610,5343,5443,5537,5481,5518,5644,5588,5720,5508,5658,5579,5592,5613,5545,5702,5590,5657,5579,5618,5503,5521,5582,5596,5538,5356,5468,5463,5382,5475,5347,5330,5459,5342,5233,5394,5109,5283,5056,5096,5124,4990,5112,5139,5061,4995,4939,4941,4901,4947,4865,4841,4796,4724,4854,4652,4717,4631,4730,4636,4761,4431,4604,4382,4393,4553,9763,9450,8942,8948,8691,8649,8455,8148,8108,7692,7619,7284,7171,7114,6859,6623,6591,6407,6218,6135,6107,5868,5860,5672,5284,5422,5243,5055,4863,4889,4800,4664,4600,4454,4397,4233,4246,4148,4036,3924,3904,3822,3743,3687,3691,3505,3504,3438,3330,3352,3418,3309,3306,3117,3102,3061,2954,3019,2957,2918,2788,2742,2768,2770,2659,2651,2669,2625,2576,2510,2687,2586,2473,2452,2357,2353,2404,2381,2303,2254,2218,2260,2180,2285,2205,2279,2133,2187,2123,2075,2142,2130,2132,2095,2058,1952,1927,1834,1754,1767,0,
1721,1713,2189,2585,2757,2980,3225,3270,3582,3705,3888,4112,4123,4378,4422,4557,4664,4791,4731,4882,4781,4972,5201,5191,5209,5180,5361,5152,5419,5360,5557,5497,5336,5481,5567,5566,5598,5585,5682,5765,5674,5751,5617,5739,5563,5589,5577,5751,5619,5571,5735,5715,5586,5656,5651,5640,5561,5746,5548,5703,5461,5410,5561,5509,5421,5344,5326,5432,5207,5335,5348,5115,5294,5331,5127,5217,5136,5204,5034,5074,5219,4987,5080,4903,4924,4859,4923,4794,4871,4736,4876,4584,4742,4657,4620,4749,4560,4634,4642,9756,9661,9375,9124,8873,8697,8428,8112,8104,7941,7551,7376,7295,7143,6976,6880,6557,6485,6423,6191,5945,5881,5862,5542,5501,5445,5209,5218,5040,4928,4805,4749,4671,4573,4485,4206,4370,4286,4032,4091,4029,3868,3805,3802,3606,3675,3625,3482,3353,3456,3339,3242,3316,3276,3197,3086,3193,3012,3021,2854,2931,2885,2912,2878,2806,2619,2772,2611,2638,2657,2612,2525,2581,2566,2519,2453,2437,2434,2406,2352,2367,2381,2262,2232,2358,2178,2374,2338,2178,2223,2103,2208,2153,2183,2107,2067,1978,1922,1797,1716,0,
1633,1742,2113,2525,2782,3061,3252,3463,3587,3768,3874,4145,4097,4378,4420,4577,4698,4795,4831,4953,4983,5011,5143,5077,5254,5274,5363,5338,5586,5563,5597,5695,5650,5748,5630,5615,5633,5673,5809,5885,5666,5752,5722,5908,5825,5732,5767,5830,5836,5742,5830,5820,5688,5873,5846,5646,5594,5638,5775,5608,5664,5580,5618,5611,5421,5552,5534,5640,5416,5494,5403,5421,5369,5170,5272,5182,5275,5287,5057,5105,5154,4932,5160,5026,5046,5122,4873,4874,4808,4806,4829,4772,4798,4702,4714,4694,4790,4560,4595,10183,9634,9619,9305,8924,8658,8628,8415,8251,7988,7768,7697,7317,7160,7124,6927,6799,6583,6418,6354,6092,6163,6106,5750,5665,5521,5408,5197,5022,5104,4885,4784,4750,4606,4574,4474,4388,4296,4140,4068,4000,4055,3909,3854,3830,3612,3566,3621,3469,3487,3441,3373,3286,3106,3259,3240,3148,3030,3060,3025,2902,2866,2957,2775,2788,2739,2753,2635,2747,2725,2733,2579,2754,2530,2603,2494,2480,2435,2448,2385,2354,2327,2336,2401,2258,2352,2346,2189,2314,2260,2152,2237,2148,2108,2152,2118,1999,1987,1827,1806,0,
1704,1745,2235,2517,2892,3096,3233,3629,3801,3766,3859,4217,4234,4403,4521,4611,4794,4930,5020,4943,5204,5155,5253,5287,5440,5424,5436,5398,5588,5564,5621,5835,5766,5719,5658,5898,5820,5693,5880,5886,5935,5701,6021,5717,5853,6026,5848,6000,5984,5921,5866,5826,5703,5845,5861,5687,5871,5731,5674,5739,5717,5697,5727,5716,5625,5521,5461,5495,5517,5534,5456,5497,5425,5440,5345,5313,5251,5324,5149,5307,5146,5245,5109,5040,5168,5080,5032,4866,4866,4967,4887,4868,4872,4728,4726,4696,4752,4647,4463,10000,9883,9508,9359,9302,8869,8877,8465,8232,8154,7822,7776,7464,7254,7163,6981,6798,6659,6642,6455,6318,6099,5924,5816,5617,5624,5518,5364,5227,5093,5026,4952,4803,4793,4572,4447,4336,4316,4162,4094,4119,4028,4015,3971,3736,3829,3626,3629,3611,3509,3438,3378,3398,3200,3184,3213,3177,3081,3043,3116,2946,3093,2854,2954,2745,2805,2751,2722,2687,2736,2596,2591,2554,2589,2572,2503,2495,2469,2370,2428,2425,2408,2374,2446,2345,2300,2305,2306,2268,2237,2194,2287,2145,2148,2139,2032,2099,1809,1932,1730,0,
1718,1836,2154,2613,2860,3174,3204,3496,3819,3928,4110,4132,4349,4548,4482,4557,4838,4942,4966,4999,5140,5282,5252,5485,5469,5514,5584,5593,5612,5779,5599,5787,5787,5747,5717,5813,5717,5873,5962,5981,5852,5827,6005,5954,5848,5914,5967,5812,5887,5911,5938,5845,5926,5809,5771,5905,5739,5815,5835,5787,5716,5840,5722,5777,5618,5636,5532,5705,5557,5504,5517,5443,5506,5562,5410,5460,5342,5331,5230,5312,5400,5124,5137,5091,5211,5039,5029,4965,4938,4905,4983,4955,4926,5005,4868,4751,4741,4695,4726,10369,9797,9724,9490,9316,9050,8742,8441,8397,8084,8150,7807,7616,7440,7158,7069,6850,6813,6588,6337,6407,6172,5911,5737,5787,5678,5577,5439,5313,5181,5013,4904,4837,4799,4496,4573,4332,4381,4325,4190,4088,4024,3933,4016,3878,3742,3763,3716,3603,3578,3461,3388,3331,3355,3342,3171,3200,3075,3111,2984,3085,2973,3008,2918,2900,2878,2769,2775,2755,2682,2637,2643,2694,2653,2553,2538,2483,2420,2403,2512,2536,2382,2418,2379,2326,2351,2375,2379,2307,2337,2280,2286,2229,2160,2199,2082,2078,1990,1867,1770,0,
1716,1762,2263,2538,2831,3041,3298,3553,3704,3948,4048,4149,4384,4511,4747,4798,4909,4915,5126,5086,5173,5261,5311,5391,5548,5715,5606,5474,5555,5594,5788,5666,5671,5774,5833,5955,5908,5893,5883,5946,5903,5862,6052,5973,6071,6083,5866,5914,5989,5975,6064,6105,5912,5991,5979,5948,5987,5957,6001,5713,5891,5739,5675,5679,5879,5794,5781,5661,5775,5600,5748,5495,5569,5469,5414,5407,5497,5393,5367,5354,5414,5329,5232,5196,5297,5251,5176,5090,5048,4960,5065,4883,5003,4910,4886,4867,4682,4712,4731,10140,9995,9642,9615,9483,9107,8798,8785,8336,8291,7944,7829,7688,7466,7440,7250,7035,6907,6557,6425,6324,6128,6185,5945,5802,5672,5518,5450,5357,5242,5086,4918,4778,5011,4770,4639,4456,4373,4266,4310,4183,4094,4088,3950,3874,3872,3798,3616,3700,3450,3508,3416,3383,3420,3282,3275,3287,3129,3171,3058,3063,2948,3071,2920,2909,2944,2880,2788,2796,2749,2730,2609,2686,2631,2639,2566,2553,2496,2487,2456,2431,2369,2498,2387,2422,2395,2341,2356,2277,2387,2293,2244,2282,2196,2258,2070,2099,2073,1973,1845,0,
1750,1774,2219,2612,2928,3189,3403,3544,3754,3924,4113,4118,4401,4527,4669,4766,4849,5015,5017,5141,5156,5294,5147,5351,5357,5552,5545,5598,5565,5658,5785,5781,5918,5803,5875,5948,5850,6025,5830,5968,5916,6079,5996,6134,5927,5902,5924,5924,5964,6009,5938,6114,5799,5868,6024,5780,5958,5950,6002,5975,6008,5874,5873,5695,5925,5831,5809,5662,5609,5578,5526,5576,5746,5602,5536,5403,5546,5349,5281,5288,5422,5277,5334,5259,5223,5142,5234,5195,5195,4987,5084,4989,4995,4982,4960,4742,4833,4760,4718,10216,10378,10007,9737,9478,9141,8849,8537,8611,8231,8189,7958,7875,7629,7248,7189,7083,6859,6758,6486,6616,6259,6110,6027,5759,5686,5652,5293,5383,5323,5304,4965,4890,5012,4746,4638,4494,4453,4306,4315,4197,4138,4197,4102,3973,3855,3805,3669,3618,3678,3605,3531,3471,3401,3433,3251,3267,3221,3045,3123,3103,2930,2946,2925,2910,2920,2877,2772,2767,2723,2813,2804,2728,2729,2655,2603,2642,2494,2565,2590,2456,2528,2517,2481,2467,2482,2397,2496,2398,2286,2278,2273,2257,2196,2152,2123,2077,2033,1973,1864,0,
1776,1869,2204,2607,2902,3093,3436,3656,3838,3852,4184,4146,4441,4686,4774,4833,4850,4999,4996,5230,5117,5390,5452,5341,5580,5535,5630,5638,5524,5820,5735,5750,5807,5901,5936,5899,5957,6015,6124,6050,5963,6098,6073,6046,5986,6063,5975,6051,6041,6142,6067,6125,6048,5935,5820,5960,5945,5829,6001,5837,5810,5838,5871,5779,5773,5773,5740,5885,5616,5592,5674,5635,5695,5587,5542,5447,5501,5440,5497,5429,5342,5300,5145,5211,5263,5239,5176,5107,5029,5118,5037,4935,5007,5052,4976,4803,4990,4951,4777,10517,10304,9867,9676,9530,9094,8913,8866,8617,8508,8328,8035,7814,7680,7390,7325,7040,6888,6919,6549,6468,6402,6266,6059,5897,5771,5581,5585,5353,5329,5200,5149,4948,4851,4868,4774,4649,4508,4385,4357,4195,4247,4194,4075,3954,3881,3759,3836,3645,3565,3596,3482,3354,3477,3348,3325,3290,3284,3232,3052,3042,3100,3024,3069,2899,2992,2866,2822,2767,2733,2807,2793,2797,2607,2716,2653,2726,2611,2620,2527,2470,2539,2541,2464,2477,2352,2322,2377,2368,2405,2378,2278,2281,2275,2212,2182,2118,2024,1913,1826,0,
1761,1853,2284,2597,2924,3080,3459,3697,3841,4015,4129,4359,4394,4500,4651,4745,4823,4955,5120,5054,5278,5464,5341,5422,5400,5498,5756,5705,5831,5813,5866,5815,5997,5903,5980,5950,6069,5950,5985,6000,6114,6163,6136,6124,6140,6090,6067,6073,6045,6014,6095,5947,6095,6116,5978,5933,5928,5928,5787,6067,5972,5926,5923,5709,5770,5730,5763,5642,5728,5735,5723,5696,5736,5668,5617,5640,5581,5500,5385,5446,5479,5231,5406,5297,5290,5279,5244,5235,5188,5018,5099,5122,5063,5065,5008,4899,4955,4779,4747,10400,10188,10054,9811,9663,9185,8979,8939,8555,8333,8193,8054,7895,7634,7558,7318,7328,7010,6747,6656,6461,6345,6193,6090,5952,5791,5730,5470,5395,5253,5275,5217,5045,4850,4806,4710,4651,4509,4525,4349,4237,4219,4181,3990,3923,3907,3838,3783,3686,3662,3517,3611,3500,3423,3359,3243,3273,3363,3204,3147,3171,3093,2978,2947,3076,2909,2936,2848,2836,2764,2869,2793,2689,2646,2691,2549,2612,2503,2536,2519,2563,2485,2448,2489,2362,2405,2481,2278,2363,2416,2338,2301,2213,2334,2329,2260,2160,2097,1951,1840,0,
1815,1861,2218,2695,2902,3241,3502,3629,3934,3935,4104,4193,4394,4608,4660,4830,4934,4963,5068,5311,5434,5329,5413,5473,5584,5655,5549,5715,5822,5836,5815,5949,5853,6045,6020,5985,6018,6200,5962,6050,6100,6182,6059,6138,6096,6017,6066,6162,5966,6086,6206,6022,6035,5912,5957,5949,6015,6068,5956,5859,5950,5884,6059,5951,5936,5812,5920,5680,5736,5795,5677,5679,5795,5803,5641,5601,5497,5417,5526,5387,5377,5275,5271,5359,5325,5299,5265,5067,5065,5259,5128,5189,5019,5063,5064,4976,4876,4900,4807,10507,10189,10053,9628,9650,9125,9219,8965,8705,8461,8200,7840,7626,7843,7711,7318,7127,7170,6847,6607,6505,6443,6310,6113,5906,5678,5714,5532,5435,5435,5277,5070,4879,4988,4769,4762,4705,4436,4497,4431,4285,4252,4158,4066,3981,3890,3789,3767,3813,3655,3702,3518,3592,3493,3450,3363,3295,3263,3193,3221,3205,3071,3053,3015,2985,3063,2870,2866,2816,2825,2804,2711,2644,2683,2601,2732,2639,2632,2573,2538,2590,2556,2549,2424,2498,2460,2365,2446,2447,2403,2319,2384,2360,2312,2301,2206,2139,2107,1991,1818,0,
1795,1809,2392,2640,2970,3197,3347,3612,3864,3968,4136,4351,4375,4795,4671,4868,4950,4966,5219,5186,5295,5345,5335,5552,5663,5636,5695,5768,5873,5866,5835,5976,5972,5894,6016,6010,6035,6103,5866,6155,6062,6123,5938,6124,6097,6137,5994,6110,6247,6179,6161,6013,5946,6110,6053,6080,6008,5997,5938,6019,5993,5959,5786,5849,5831,5799,5760,5665,5687,5715,5771,5639,5832,5625,5677,5664,5591,5395,5460,5464,5363,5400,5397,5313,5460,5281,5372,5064,5226,5103,5155,5081,5003,5056,4966,4883,4995,4885,4971,10481,10351,10108,9912,9606,9347,9117,8906,8759,8601,8423,8163,7983,7801,7329,7309,7163,6944,6850,6646,6572,6507,6325,6270,6164,5866,5730,5493,5461,5464,5371,5225,5129,5019,4806,4888,4660,4707,4490,4520,4343,4171,4246,4115,4020,4018,3922,3988,3675,3778,3746,3540,3650,3582,3543,3296,3315,3316,3247,3165,3187,3182,3095,3090,3034,3065,2976,2811,2831,2875,2804,2801,2719,2716,2663,2710,2697,2624,2607,2649,2566,2594,2472,2452,2532,2411,2397,2424,2362,2319,2447,2282,2354,2277,2311,2207,2107,2139,2044,1917,0,
1759,1871,2323,2686,2982,3257,3479,3665,3802,4008,4045,4212,4573,4647,4780,4865,4931,5031,5193,5240,5329,5411,5498,5620,5503,5651,5776,5796,5818,5872,5902,5854,5952,6030,5933,6074,6290,6098,6094,5888,6106,6097,6091,6191,6141,6102,6198,6169,5975,6104,6201,5971,6073,5970,6185,6079,6032,5908,6059,5974,6089,5933,6042,5955,6055,5828,5835,5775,5755,5790,5628,5715,5618,5651,5630,5533,5557,5638,5489,5518,5456,5363,5359,5443,5378,5323,5273,5325,5233,5235,5143,5079,5147,5127,4935,5003,4958,4879,4858,10643,10167,10223,9969,9844,9614,9309,8998,8750,8506,8293,8126,7835,7731,7528,7359,7340,7031,6849,6771,6757,6561,6279,6124,5888,5826,5703,5689,5614,5453,5351,5218,5019,4870,4843,4797,4689,4633,4451,4266,4316,4240,4132,4000,4046,4079,3899,3873,3795,3705,3635,3532,3494,3529,3510,3298,3269,3287,3246,3180,3110,3162,3042,3090,2948,2877,2866,2864,2820,2792,2795,2781,2768,2802,2697,2637,2700,2651,2628,2507,2537,2501,2471,2540,2471,2488,2436,2368,2432,2504,2335,2324,2223,2260,2276,2231,2129,2077,2046,1911,0,
1785,1828,2261,2629,2921,3178,3412,3699,3869,3999,4241,4247,4447,4585,4747,4823,4992,5174,5233,5269,5202,5420,5474,5664,5659,5730,5694,5840,5889,5767,5857,5830,5877,6041,6064,6048,5960,6119,6134,6046,6155,6159,6149,6154,6144,6150,6197,6210,6216,6118,6207,6220,6098,6122,5939,6040,6029,6018,6025,6013,6069,6034,5935,5928,5954,5884,5824,5938,5821,5828,5857,5727,5830,5635,5663,5588,5511,5589,5437,5446,5507,5397,5384,5416,5529,5375,5281,5244,5249,5277,5149,5117,5100,5105,4970,4919,5075,4905,4826,10843,10405,10242,10091,9597,9414,9309,8993,8660,8632,8255,8199,7930,7675,7593,7370,7214,6999,6927,6633,6558,6646,6170,6020,5890,5858,5710,5656,5537,5480,5383,5288,4971,5052,4865,4781,4695,4573,4510,4374,4280,4218,4337,4158,4012,3951,3840,3948,3738,3741,3659,3646,3485,3409,3408,3326,3445,3232,3293,3190,3163,3083,3209,3085,3073,3047,2909,3005,2918,2860,2827,2745,2791,2694,2782,2635,2648,2605,2621,2615,2601,2568,2469,2608,2461,2543,2476,2450,2392,2338,2419,2383,2302,2381,2384,2310,2170,2168,2045,1921,0,
1782,1816,2284,2722,2967,3353,3615,3607,3892,4008,4266,4327,4525,4600,4840,5014,5095,5125,5285,5283,5421,5340,5487,5521,5470,5654,5681,5826,5849,5896,5800,5988,6048,5981,6013,6127,5995,6135,6151,6078,6223,6187,6190,6139,6272,6055,6096,6102,6170,6126,6072,6081,6167,6141,5908,6078,5975,6163,5939,6015,5788,6017,6079,5941,5977,5984,5844,5742,5851,5916,5740,5782,5818,5720,5594,5703,5676,5643,5498,5474,5585,5435,5387,5372,5437,5281,5263,5243,5304,5352,5137,5074,5173,5107,5104,4910,5022,5036,4903,10583,10324,10101,9907,9676,9416,9103,8983,8648,8433,8349,8071,7862,7667,7446,7494,7148,7181,6896,6698,6669,6331,6216,6192,5997,5808,5749,5513,5604,5390,5382,5157,5064,4970,4883,4736,4648,4541,4465,4415,4353,4327,4199,4121,4042,3958,3889,3828,3871,3631,3686,3650,3662,3484,3397,3443,3368,3323,3292,3331,3294,3099,3142,3081,3067,2937,2899,2859,2898,2909,2857,2827,2852,2760,2807,2732,2664,2694,2625,2583,2557,2446,2531,2541,2480,2423,2464,2471,2331,2406,2248,2365,2319,2344,2257,2280,2109,2124,1932,1889,0,
1802,1831,2347,2609,2888,3108,3473,3629,3806,4017,4204,4444,4381,4669,4775,4939,4968,4929,5171,5358,5383,5582,5370,5454,5550,5590,5759,5620,5802,6035,5973,5992,6100,5818,6092,6085,6064,6091,6035,6212,6003,6055,6111,6110,6010,6121,6216,6036,6105,6050,6212,6029,6063,6189,6048,5998,6231,5952,6053,5941,5829,5910,6080,5807,5929,5873,5975,5930,5782,5883,5753,5731,5715,5808,5687,5682,5462,5611,5638,5450,5437,5407,5466,5482,5517,5350,5303,5247,5241,5271,5203,5117,5079,5152,5069,5135,4949,4981,5017,10658,10265,9965,9839,9593,9317,9132,9057,8686,8518,8264,8053,7947,7754,7736,7441,7195,7005,6910,6550,6738,6501,6307,6242,5919,5799,5773,5626,5459,5335,5333,5104,5086,4952,4989,4774,4728,4566,4495,4511,4345,4195,4294,4074,3997,3933,4048,3845,3826,3721,3636,3638,3527,3418,3517,3433,3375,3282,3320,3158,3208,3155,3131,3040,2988,3017,2906,2885,2776,2872,2823,2800,2724,2756,2745,2702,2546,2614,2645,2493,2509,2528,2502,2446,2461,2493,2431,2473,2460,2475,2482,2369,2444,2365,2287,2231,2148,2110,1985,2002,0,
1782,1864,2351,2652,2958,3217,3424,3739,3841,4107,4246,4397,4476,4685,4870,4832,5000,5024,5194,5213,5250,5417,5525,5553,5615,5513,5738,5898,5867,5768,5770,5875,5861,5919,6242,6119,6142,6074,6166,6054,5990,6096,6152,6135,6118,6121,6176,6177,6038,6145,6098,5969,6185,6137,6038,6045,6210,6122,6042,6052,6038,5918,5975,5915,6030,5807,5805,5757,5749,5733,5771,5731,5824,5781,5689,5861,5513,5571,5449,5452,5485,5491,5466,5345,5220,5308,5195,5360,5198,5191,5195,4965,5061,5112,5006,5096,5011,4819,4771,10768,10273,10149,9775,9628,9433,9139,8952,8609,8383,8453,8174,7863,7698,7677,7411,7267,7162,6862,6723,6561,6362,6243,6101,6004,5719,5790,5651,5547,5458,5328,5148,4959,4983,4877,4739,4540,4605,4465,4442,4319,4214,4199,3996,4058,4016,3929,3825,3752,3662,3710,3479,3562,3450,3404,3389,3195,3326,3316,3290,3164,3029,3028,3067,3049,3044,3031,2999,2934,2960,2721,2772,2810,2781,2684,2609,2587,2597,2638,2591,2640,2534,2543,2518,2502,2509,2533,2614,2381,2407,2389,2383,2341,2411,2289,2187,2144,2130,2040,1992,0,
1767,1837,2263,2590,2978,3211,3542,3611,3891,4002,4071,4227,4374,4509,4793,4908,4888,5073,5236,5199,5382,5380,5495,5411,5545,5728,5736,5871,5910,5877,5843,5857,5956,5956,5959,5886,6104,6117,6153,6228,6117,6156,6100,5996,6186,6143,6126,6115,6214,6013,6167,6082,6224,6079,6117,5984,6057,5939,5977,6040,5892,5985,5951,5833,5984,5932,5997,5768,5791,5680,5803,5671,5665,5597,5692,5533,5509,5563,5436,5434,5407,5278,5505,5350,5258,5291,5242,5203,5287,5164,5182,5204,5016,5015,5007,5039,4932,4971,4766,10632,10339,10085,9743,9529,9298,9000,8978,8707,8383,8339,8250,7781,7835,7725,7373,7231,6901,6910,6695,6453,6223,6098,6192,5999,5800,5798,5576,5500,5322,5179,5125,5131,4963,4755,4895,4742,4555,4359,4532,4382,4248,4149,4024,4057,3898,3934,3772,3756,3789,3612,3612,3544,3537,3451,3265,3250,3282,3326,3209,3245,3095,3059,3083,3051,2938,2936,2905,2864,2714,2785,2725,2735,2708,2671,2595,2657,2619,2554,2595,2527,2557,2516,2612,2417,2429,2374,2386,2462,2349,2325,2327,2433,2288,2350,2238,2131,2046,1970,1860,0,
1790,1789,2294,2672,2921,3122,3481,3587,3862,3989,4311,4337,4514,4466,4865,4856,4824,5031,5159,5255,5354,5536,5395,5610,5702,5687,5698,5704,5776,5819,5913,5903,5899,5913,6015,5924,6089,5915,6038,5895,6073,6227,6049,6177,5963,6184,6154,6194,6009,6053,5993,6199,5935,6050,5999,5980,6075,5948,5947,6019,5824,5899,5865,5884,5850,5717,5894,5745,5708,5798,5658,5725,5705,5656,5650,5530,5507,5334,5320,5344,5375,5303,5255,5263,5295,5220,5229,5247,5164,5199,5076,5151,4975,4921,4933,5001,4920,4889,4782,10497,10252,10189,9749,9633,9153,8960,8653,8540,8460,8239,8117,7862,7560,7459,7296,7132,6913,6775,6651,6515,6386,6153,6126,6014,5826,5811,5531,5574,5362,5132,5112,5096,4985,4744,4743,4689,4586,4419,4385,4453,4235,4095,3923,3901,4037,3863,3826,3644,3733,3689,3502,3499,3459,3563,3360,3278,3271,3244,3203,3194,3182,3074,3058,3023,2923,2932,2892,2860,2868,2839,2735,2792,2717,2682,2626,2602,2575,2678,2509,2615,2580,2550,2492,2496,2411,2446,2436,2356,2360,2464,2288,2318,2299,2250,2247,2243,2063,1987,1853,0,
1732,1820,2273,2569,2823,3139,3400,3686,3825,4030,4234,4318,4332,4494,4759,4882,4907,5057,5066,5203,5357,5366,5257,5481,5504,5615,5654,5793,5731,5833,5772,5847,5882,5878,5919,5990,6004,5941,5973,5998,5975,6080,6030,6076,6111,6118,6040,6009,6107,6035,6027,6174,5998,5968,5940,5982,5951,5984,5884,5792,5863,5846,5840,5878,5834,5783,5841,5849,5770,5758,5734,5686,5662,5471,5484,5387,5635,5514,5357,5321,5244,5422,5356,5331,5204,5349,5274,5193,5099,5058,5114,5066,5026,4999,4852,4847,4813,4873,4809,10362,10224,9835,9647,9489,9107,8974,8964,8573,8522,8205,7959,7855,7647,7554,7150,6968,6857,6684,6442,6560,6413,6132,6062,6030,5845,5761,5615,5444,5360,5237,5020,4956,4893,4829,4699,4531,4575,4532,4447,4269,4147,4065,4125,3914,3918,3805,3731,3694,3636,3529,3549,3463,3359,3327,3419,3314,3268,3202,3155,3178,3139,3031,2947,2952,2919,2912,2826,2707,2728,2733,2754,2699,2743,2657,2641,2646,2581,2555,2538,2580,2463,2513,2515,2429,2331,2415,2487,2351,2411,2307,2288,2324,2256,2245,2142,2125,2072,1955,1846,0,
1749,1840,2212,2599,2949,3096,3244,3581,3874,4091,4120,4248,4404,4511,4751,4792,4862,4923,5160,5068,5186,5159,5433,5349,5515,5689,5562,5542,5736,5710,5717,5888,5886,5772,5919,5977,5802,5846,5979,6035,5840,5952,6116,6073,5930,5939,6052,6163,5947,6083,6074,5965,5909,6009,6057,5996,5985,5876,5952,5960,5916,5837,5836,5898,5683,5770,5776,5788,5588,5660,5712,5568,5697,5635,5515,5562,5439,5328,5441,5412,5341,5435,5150,5258,5183,5207,5146,5108,4946,5107,5045,5010,4857,5045,4842,4866,4763,4690,4784,10466,10180,9870,9463,9502,9134,8914,8768,8236,8398,8081,7852,7697,7660,7413,7231,7274,6873,6641,6581,6416,6346,6134,6106,5806,5615,5708,5498,5279,5232,5089,5066,4957,4857,4795,4714,4466,4454,4410,4342,4284,4048,4213,4101,3849,3814,3913,3684,3686,3605,3556,3570,3405,3456,3451,3257,3298,3206,3121,3118,3146,3051,3033,2989,2888,2915,2877,2877,2855,2739,2696,2778,2719,2591,2519,2630,2599,2587,2638,2618,2511,2523,2515,2504,2411,2433,2343,2319,2265,2335,2414,2345,2189,2277,2152,2178,2189,2002,1942,1815,0,
1741,1783,2180,2566,2728,3180,3385,3544,3742,3931,4002,4255,4325,4515,4602,4759,4934,4915,5155,5057,5207,5278,5260,5491,5524,5473,5442,5602,5758,5671,5784,5731,5708,5821,5808,5845,5937,5747,6070,5883,5864,6111,5982,6025,5811,5965,5989,5979,5880,6003,5829,5924,5850,5833,5830,5779,5924,5774,5824,5790,5784,5833,5832,5751,5772,5657,5700,5691,5669,5590,5620,5456,5591,5535,5466,5386,5443,5485,5334,5360,5455,5315,5242,5363,5302,5206,5145,5072,5044,5010,4985,4942,4850,4871,4846,4941,4735,4748,4656,10320,10032,9758,9547,9234,9026,8938,8656,8340,8301,8125,7880,7731,7442,7388,7220,7007,6791,6710,6379,6360,6190,6050,6070,5775,5865,5528,5484,5234,5171,5050,4879,4878,4856,4626,4569,4641,4457,4478,4242,4241,4195,4001,3930,3890,3748,3746,3638,3679,3634,3456,3527,3427,3331,3298,3346,3255,3207,3059,3190,3103,3042,3041,2971,2987,2789,2770,2814,2807,2780,2737,2650,2683,2678,2561,2676,2611,2556,2488,2540,2465,2402,2331,2346,2287,2396,2318,2351,2196,2259,2286,2267,2267,2258,2127,2134,2115,2066,1952,1879,0,
1735,1775,2168,2510,2846,3108,3288,3526,3720,3897,4136,4130,4305,4353,4672,4634,4775,4874,4919,4985,5084,5100,5263,5328,5438,5364,5499,5447,5714,5713,5646,5782,5792,5759,5898,5784,5876,5728,5897,5831,5947,5859,5767,5911,5858,5806,5777,5867,5829,5811,5911,5880,5937,5648,5868,5793,5779,5706,5709,5862,5654,5636,5602,5595,5656,5664,5509,5572,5651,5519,5493,5508,5471,5496,5539,5319,5323,5380,5182,5304,5332,5122,5172,5149,5059,5062,4998,5154,5055,4996,4984,4997,4804,4760,4758,4870,4776,4670,4663,10133,9753,9761,9371,9298,9019,8877,8492,8219,8118,7964,7574,7727,7478,7186,7190,7123,6694,6541,6533,6189,6077,6057,5810,5711,5802,5491,5444,5161,5281,4992,4929,4852,4808,4696,4527,4497,4370,4420,4142,4052,4051,3982,3890,3802,3852,3669,3742,3632,3504,3478,3434,3500,3263,3312,3188,3237,3054,3115,3039,3013,3099,2971,3030,2862,2846,2847,2796,2775,2853,2618,2670,2659,2592,2570,2621,2563,2467,2497,2467,2467,2428,2419,2432,2356,2306,2337,2363,2256,2317,2193,2345,2235,2134,2164,2159,2115,2021,1864,1768,0,
1654,1819,2146,2522,2738,3121,3325,3504,3591,3817,4022,4186,4264,4367,4483,4718,4751,4900,4976,4919,4963,5194,5206,5220,5410,5401,5378,5489,5551,5655,5748,5660,5691,5607,5900,5733,5851,5867,5880,5799,6070,5773,5849,5867,5877,5868,5827,5829,5790,5851,5788,5828,5756,5832,5873,5786,5675,5712,5660,5810,5656,5671,5633,5759,5672,5639,5607,5641,5560,5428,5423,5437,5268,5449,5361,5320,5228,5316,5188,5287,5065,5121,5127,4944,5023,5025,4819,4921,5005,4956,4845,4933,4769,4784,4696,4648,4695,4720,4686,10170,9813,9647,9245,9113,8901,8497,8778,8255,8206,7821,7742,7446,7319,7089,6923,6842,6669,6664,6292,6149,6134,5882,5671,5535,5678,5356,5264,5191,5124,4902,4837,4614,4641,4538,4511,4312,4333,4194,4180,4111,3925,3842,3856,3860,3631,3609,3571,3424,3630,3414,3350,3277,3271,3310,3280,3179,3082,2989,3037,2916,2963,2970,2875,2918,2726,2840,2875,2730,2670,2685,2649,2546,2565,2602,2509,2459,2467,2402,2398,2459,2288,2413,2347,2332,2349,2354,2250,2270,2261,2182,2187,2209,2179,2115,2106,2043,2045,1879,1766,0,
1715,1711,2172,2457,2774,2927,3334,3383,3656,3702,3940,3997,4295,4371,4423,4605,4765,4684,4784,4937,5144,5044,5263,5278,5232,5237,5451,5332,5426,5547,5503,5436,5689,5668,5766,5694,5798,5691,5787,5796,5776,5756,5826,5788,5732,5674,5902,5760,5891,5845,5849,5786,5822,5766,5722,5823,5719,5657,5709,5750,5603,5662,5626,5590,5586,5622,5423,5545,5371,5407,5474,5226,5368,5343,5290,5170,5163,5199,5185,4982,5158,5046,5033,5044,4972,4957,4979,4845,4862,4816,4948,4765,4676,4724,4637,4670,4575,4694,4595,9909,9814,9364,9219,8920,8867,8615,8321,8221,7918,7804,7688,7488,7147,7042,6792,6640,6431,6476,6262,6098,5897,5927,5901,5588,5541,5262,5210,5063,4975,4840,4826,4796,4557,4544,4435,4342,4377,4165,4036,4156,3910,3899,3804,3764,3636,3677,3471,3520,3457,3459,3288,3331,3278,3216,3136,3080,3048,3036,3004,2905,2916,2854,2774,2798,2767,2742,2644,2670,2634,2592,2622,2414,2553,2491,2483,2376,2509,2442,2397,2355,2403,2385,2306,2359,2309,2229,2261,2265,2257,2253,2155,2187,2150,2044,2029,1979,1938,1863,1805,0,
1672,1714,2097,2401,2712,2944,3313,3275,3558,3707,3898,3944,4120,4292,4416,4533,4715,4732,4739,4725,4988,4944,4938,5081,5053,5259,5380,5370,5396,5495,5626,5452,5445,5544,5534,5486,5671,5576,5702,5657,5592,5621,5640,5803,5605,5527,5548,5714,5620,5502,5630,5483,5607,5738,5714,5467,5611,5530,5647,5391,5602,5493,5535,5426,5544,5396,5425,5497,5315,5276,5396,5278,5228,5290,5179,5167,5195,5243,5020,4944,5054,5054,5113,4848,4940,4971,4753,4764,4816,4749,4832,4806,4718,4653,4551,4572,4626,4564,4476,9954,9674,9298,9211,8972,8670,8460,8152,8136,7860,7774,7643,7367,7138,6959,6836,6778,6509,6326,6186,6017,5871,5760,5651,5391,5441,5219,5257,4995,4958,4864,4818,4482,4520,4631,4377,4173,4254,4086,3999,3827,3917,3851,3699,3694,3687,3452,3594,3448,3414,3361,3312,3341,3326,3245,3091,3028,2988,2926,2885,2962,2848,2881,2819,2728,2585,2767,2654,2548,2617,2549,2569,2445,2548,2425,2477,2471,2414,2373,2327,2276,2318,2223,2288,2298,2199,2254,2280,2207,2113,2145,2204,2036,2059,2113,1989,1986,1923,1823,1739,0,
1557,1730,2057,2469,2665,2976,3040,3336,3559,3762,3846,3980,4132,4294,4288,4421,4568,4621,4741,4842,4955,4928,5029,5110,5166,5196,5144,5381,5182,5415,5422,5465,5514,5532,5455,5557,5466,5499,5525,5488,5517,5611,5638,5550,5530,5705,5480,5702,5549,5556,5469,5645,5491,5517,5569,5398,5404,5445,5487,5522,5522,5510,5583,5517,5305,5325,5287,5275,5344,5312,5210,5228,5298,5127,5175,5205,5065,5036,4854,4944,4907,4947,4896,4915,4695,4742,4838,4865,4710,4758,4649,4694,4487,4573,4582,4568,4428,4427,4426,9821,9426,9095,9007,8786,8544,8333,8211,8059,7691,7339,7483,7170,7092,6873,6695,6441,6432,6356,6071,5814,5724,5645,5509,5517,5132,5263,5077,4926,4967,4820,4734,4642,4573,4432,4222,4210,4170,4090,4057,3853,3752,3802,3659,3541,3560,3506,3496,3575,3279,3374,3290,3229,3158,3169,3065,3015,2996,2913,2872,2870,2757,2737,2751,2723,2633,2688,2633,2653,2561,2608,2504,2503,2492,2419,2390,2338,2284,2310,2283,2213,2265,2263,2209,2236,2283,2230,2250,2200,2131,2150,2217,2030,2057,1993,1998,1933,1869,1750,1710,0,
1582,1680,2041,2457,2699,2855,3181,3298,3440,3568,3811,4000,4018,4110,4311,4376,4497,4596,4758,4556,4770,4871,4878,5087,5016,4957,4999,5247,5171,5238,5293,5310,5402,5375,5424,5334,5388,5428,5449,5424,5524,5465,5465,5511,5471,5522,5603,5529,5500,5514,5454,5432,5450,5556,5449,5450,5334,5319,5392,5315,5297,5381,5360,5397,5396,5188,5130,5205,5148,5352,5079,5120,5059,4923,5035,5005,4886,4923,4817,4921,4885,4870,4892,4725,4767,4768,4748,4699,4740,4509,4576,4676,4566,4501,4522,4495,4497,4400,4353,9736,9201,8990,8911,8388,8513,8120,7998,7712,7547,7254,7215,7128,7001,6655,6581,6370,6234,6007,5856,5837,5740,5600,5547,5357,5369,4955,5027,5006,4692,4608,4696,4484,4418,4256,4331,4164,4035,3923,3942,3846,3889,3780,3544,3454,3506,3462,3444,3313,3230,3305,3245,3243,3097,3064,2974,2952,2874,2932,2743,2755,2707,2706,2746,2581,2593,2538,2542,2603,2435,2435,2439,2398,2379,2290,2391,2322,2309,2332,2260,2287,2290,2257,2107,2159,2094,2105,2074,2127,2093,2028,1995,2012,1929,2044,1971,1873,1841,1716,1683,0,
1606,1615,2010,2315,2610,2836,3007,3207,3407,3474,3754,3880,4042,4029,4267,4337,4260,4511,4477,4642,4723,4656,4760,4834,4969,4977,5006,5066,5103,4998,5089,5200,5183,5149,5219,5248,5422,5389,5440,5337,5422,5373,5388,5502,5285,5372,5340,5385,5286,5365,5425,5281,5346,5413,5295,5235,5340,5322,5204,5161,5263,5212,5201,5189,5222,5276,5096,5059,5056,4983,5082,5053,5042,4906,4972,4819,4792,4861,4866,4828,4733,4749,4665,4641,4689,4703,4649,4638,4555,4613,4595,4444,4451,4366,4413,4345,4489,4343,4250,9331,9111,8844,8574,8408,8227,7957,7853,7806,7560,7264,7101,6878,6774,6611,6387,6335,6042,5892,5856,5737,5603,5381,5437,5199,5048,4896,4893,4800,4736,4563,4432,4401,4329,4206,4101,3941,3932,3868,3751,3702,3730,3568,3622,3545,3363,3338,3230,3304,3152,3182,3139,3132,2960,2939,2923,2869,2863,2803,2680,2682,2674,2591,2663,2626,2513,2484,2489,2434,2517,2405,2414,2380,2236,2375,2290,2235,2191,2269,2261,2220,2137,2121,2128,2167,2142,2118,2144,2094,2025,2019,1992,1950,2025,1930,1892,1915,1757,1679,1585,0,
1534,1589,2037,2275,2577,2805,2975,3163,3419,3482,3538,3705,3875,4082,4012,4107,4266,4366,4425,4725,4758,4696,4731,4858,4773,4941,4953,5060,5065,5110,5123,5045,5100,5025,5169,5138,5267,5191,5245,5172,5313,5195,5266,5131,5158,5236,5293,5254,5279,5335,5253,5314,5278,5246,5188,5205,5085,5119,5271,5058,5124,5116,4986,5151,5015,5036,5029,4791,4904,4861,4943,4846,4928,4887,4923,4882,4762,4836,4744,4733,4753,4600,4655,4713,4516,4534,4553,4523,4460,4391,4353,4262,4307,4276,4215,4124,4233,4136,4118,9151,8938,8652,8550,8221,8013,7756,7693,7399,7484,7095,6912,6737,6667,6360,6311,6043,5976,5887,5728,5636,5523,5505,5192,5062,4973,4938,4720,4646,4537,4458,4309,4303,4240,4132,4082,3916,3831,3737,3722,3614,3716,3599,3461,3369,3352,3191,3170,3207,3106,3100,3037,3004,2915,2875,2820,2848,2714,2721,2705,2710,2644,2541,2567,2499,2460,2521,2447,2327,2333,2384,2334,2323,2211,2255,2232,2210,2186,2224,2200,2088,2119,2059,2080,2105,2049,2170,1923,1985,2057,2026,2023,1984,1901,1885,1965,1839,1741,1655,1611,0,
1561,1523,1916,2178,2449,2657,2810,3100,3235,3342,3412,3643,3830,3869,4006,4014,4192,4251,4286,4417,4462,4612,4638,4555,4663,4685,4824,4801,4822,4893,4946,4941,4937,5038,5017,5068,5069,4983,5144,5090,5011,5280,5150,5138,5074,5099,5184,5126,5125,5120,5108,5140,5036,5048,5149,5167,4983,5056,5001,5058,5058,4900,4986,4893,4924,4884,4784,4827,4836,4745,4826,4820,4768,4761,4699,4633,4737,4586,4470,4461,4561,4492,4622,4593,4458,4412,4295,4285,4280,4336,4306,4238,4125,4266,4085,4159,4140,4094,4031,8860,8702,8479,8169,8048,7950,7711,7467,7272,7169,6911,6684,6693,6337,6272,6133,5911,5742,5790,5605,5506,5309,5181,5150,5000,4797,4851,4752,4450,4411,4387,4323,4254,4092,3884,3896,3811,3728,3573,3665,3597,3488,3442,3312,3282,3199,3162,3128,3081,3007,2890,2999,2809,2784,2872,2765,2730,2735,2664,2608,2608,2537,2477,2455,2468,2367,2475,2343,2362,2285,2293,2316,2308,2242,2257,2219,2124,2100,2188,2105,2119,2119,2037,2019,2007,2014,1997,2064,1889,1875,1912,1902,1825,1886,1781,1784,1754,1754,1593,1530,0,
1466,1464,1879,2155,2348,2714,2778,2927,3130,3372,3481,3515,3637,3823,3856,4064,4036,4082,4162,4327,4237,4300,4389,4471,4496,4592,4624,4650,4725,4615,4741,4856,4893,4770,4811,4896,4856,4872,4956,4916,4932,4956,4976,5028,5050,5063,4993,4933,4919,4868,4880,5025,5023,4827,4895,4912,4989,4951,4867,4903,4947,5016,4895,4927,4763,4748,4819,4712,4664,4817,4626,4729,4639,4591,4511,4577,4491,4469,4421,4470,4271,4474,4328,4462,4375,4364,4294,4194,4156,4224,4243,4247,4085,4047,4080,4101,4077,3935,3901,8757,8298,8253,7900,7801,7613,7312,7297,7004,6958,6654,6517,6390,6400,6254,5907,5817,5657,5648,5474,5239,5049,5163,5037,4785,4734,4581,4580,4420,4326,4280,4174,4082,3868,3888,3760,3763,3649,3572,3643,3440,3407,3395,3131,3274,3125,3070,2971,3009,2957,2904,2836,2823,2696,2668,2627,2695,2559,2557,2542,2601,2432,2394,2328,2398,2402,2336,2305,2252,2282,2135,2241,2182,2099,2079,2081,2074,2050,2140,2069,2009,1947,1960,1914,1939,1991,1871,1976,1831,1860,1768,1858,1793,1864,1819,1802,1625,1632,1600,1505,0,
1417,1435,1762,2091,2279,2619,2713,2869,3108,3166,3282,3435,3468,3553,3663,3866,3884,3997,4118,4256,4139,4280,4459,4354,4244,4511,4505,4538,4543,4641,4695,4595,4600,4745,4628,4757,4819,4661,4783,4731,4755,4794,4700,4782,4760,4793,4770,4702,4763,4793,4920,4717,4870,4697,4798,4849,4678,4712,4736,4811,4729,4698,4769,4602,4837,4532,4668,4678,4554,4460,4548,4594,4566,4413,4462,4480,4292,4397,4352,4275,4321,4336,4139,4232,4114,4215,4103,4127,4032,4097,3966,4003,3937,4020,4074,4024,3840,3923,3785,8207,8353,7868,7637,7574,7344,7165,6880,6788,6508,6581,6374,6383,6132,5933,5721,5661,5404,5437,5297,5060,4863,4871,4876,4592,4664,4464,4326,4315,4234,4188,4107,3854,3813,3813,3643,3629,3485,3517,3413,3357,3321,3262,3184,3094,3177,2949,2966,2889,2836,2853,2696,2643,2679,2615,2588,2611,2516,2500,2443,2414,2348,2331,2299,2345,2239,2199,2234,2142,2220,2159,2156,2077,2109,2072,1975,1994,1958,2007,1967,1918,1905,1862,1895,1858,1879,1810,1938,1877,1836,1706,1743,1800,1734,1678,1686,1653,1593,1482,1491,0,
1345,1452,1810,1964,2210,2388,2589,2853,2986,3046,3214,3271,3514,3592,3657,3727,3731,3891,3923,4018,4132,4167,4067,4300,4347,4276,4357,4352,4464,4327,4437,4442,4618,4532,4629,4522,4599,4650,4682,4642,4755,4680,4647,4559,4769,4672,4636,4697,4624,4732,4649,4582,4574,4530,4662,4561,4665,4673,4502,4607,4581,4376,4514,4480,4408,4473,4438,4451,4439,4414,4422,4386,4373,4317,4245,4259,4073,4158,4236,4226,4133,4156,4120,4094,4004,4019,3980,4026,3924,3957,3890,3844,3863,3835,3718,3845,3719,3818,3730,8111,7932,7716,7628,7329,7054,6916,6759,6608,6430,6299,6076,6032,5851,5820,5468,5324,5189,5117,5091,4890,4868,4683,4553,4575,4365,4296,4174,4059,4011,3931,3783,3714,3740,3601,3450,3534,3324,3325,3270,3252,3112,3033,3020,3000,2913,2891,2888,2832,2803,2684,2630,2614,2597,2524,2499,2430,2369,2363,2243,2362,2227,2285,2301,2150,2162,2177,2113,2066,2090,2113,1957,2057,1894,1948,1988,1936,1956,1912,1932,1906,1776,1762,1805,1796,1843,1744,1815,1723,1741,1680,1733,1735,1672,1669,1630,1604,1565,1411,1384,0,
1307,1334,1686,1890,2166,2361,2446,2674,2801,2973,3103,3079,3316,3416,3492,3491,3600,3750,3755,3899,3910,3900,4041,3998,4156,4136,4260,4250,4339,4287,4325,4321,4386,4340,4370,4451,4435,4426,4453,4568,4489,4607,4442,4410,4481,4537,4506,4599,4518,4566,4444,4495,4441,4486,4401,4359,4481,4425,4485,4360,4359,4511,4406,4400,4217,4273,4221,4219,4262,4275,4244,4180,4136,4267,4104,4041,4110,3933,3991,4021,4124,3874,3882,3993,3813,4010,3844,3817,3841,3770,3804,3776,3647,3625,3777,3595,3647,3530,3555,7800,7594,7539,7128,6982,6790,6676,6433,6289,6327,5939,5747,5721,5501,5409,5339,5300,5033,4929,4873,4720,4598,4493,4413,4302,4147,4147,4039,3922,3823,3704,3623,3636,3557,3529,3506,3216,3306,3199,3069,3121,2994,2946,2933,2789,2794,2782,2737,2665,2596,2556,2440,2524,2473,2420,2431,2301,2287,2345,2211,2168,2201,2249,2142,2135,2101,2132,2034,2054,1955,1955,1946,1926,1828,1846,1788,1765,1824,1855,1777,1797,1736,1751,1786,1729,1699,1667,1713,1655,1648,1612,1651,1619,1591,1553,1475,1512,1438,1336,1336,0,
1268,1277,1608,1931,2093,2300,2397,2555,2734,2871,2916,2999,3104,3208,3406,3346,3526,3595,3604,3627,3702,3833,3755,3858,3886,3920,4062,4002,4027,4030,4045,4146,4229,4208,4266,4212,4259,4340,4232,4360,4258,4237,4320,4353,4351,4473,4393,4333,4415,4334,4239,4320,4218,4234,4311,4318,4201,4220,4235,4239,4139,4142,4196,4022,4145,4051,3974,4074,3923,3980,4032,3930,4102,3996,3930,3806,3965,3828,4052,3910,3819,3669,3705,3666,3930,3670,3687,3764,3643,3620,3614,3583,3507,3497,3470,3434,3570,3349,3421,7401,7222,6979,6848,6685,6653,6477,6109,6072,5917,5754,5629,5521,5233,5063,5051,5031,4889,4707,4528,4413,4348,4292,4109,4074,4016,3859,3872,3705,3632,3610,3585,3366,3373,3317,3236,3259,3164,3099,3021,2881,2904,2831,2725,2709,2628,2579,2640,2626,2458,2495,2411,2402,2288,2387,2342,2327,2205,2203,2171,2079,2033,2094,2011,1943,2050,1911,1903,1913,1867,1875,1834,1788,1782,1787,1755,1740,1748,1749,1715,1696,1711,1656,1633,1671,1582,1607,1559,1562,1641,1585,1549,1481,1575,1506,1459,1434,1360,1362,1249,0,
1249,1250,1525,1747,2000,2158,2319,2450,2689,2569,2833,2891,2981,3105,3203,3216,3279,3349,3380,3519,3496,3648,3694,3704,3770,3833,3871,3749,3897,3900,3892,4027,4074,4018,3885,3976,3955,4068,4087,4049,4091,4000,4033,4104,3988,4017,4013,4128,4094,3991,4120,4069,4137,3883,4083,3970,4052,4007,4122,3990,3883,3908,3943,3843,3877,3880,3880,3956,3911,3979,3840,3866,3757,3685,3775,3800,3790,3664,3682,3604,3645,3566,3605,3551,3530,3560,3460,3474,3400,3438,3398,3454,3404,3271,3259,3153,3264,3229,3326,7098,6749,6633,6443,6361,6168,6044,5846,5646,5562,5412,5295,5211,4882,4894,4624,4724,4567,4483,4368,4297,4189,3998,3993,3878,3768,3609,3637,3547,3571,3535,3353,3208,3168,3119,3008,2947,2916,2876,2875,2756,2693,2647,2649,2561,2557,2489,2401,2357,2348,2301,2344,2202,2148,2119,2189,2229,2054,2003,2017,1983,2014,2025,1957,1904,1845,1809,1851,1840,1785,1805,1730,1735,1711,1658,1687,1635,1636,1609,1620,1608,1560,1617,1544,1469,1595,1538,1474,1439,1496,1450,1457,1370,1394,1370,1418,1339,1253,1226,1117,0,
1147,1136,1467,1698,1845,2048,2234,2254,2524,2430,2706,2717,2794,2909,2972,3010,3143,3203,3192,3210,3343,3348,3378,3386,3455,3484,3560,3639,3568,3759,3636,3660,3689,3692,3773,3784,3766,3745,3874,3835,3722,3820,3821,3838,3805,3926,3816,3835,3878,3854,3804,3918,3813,3711,3762,3861,3764,3716,3757,3731,3650,3747,3819,3725,3625,3668,3604,3764,3662,3508,3570,3546,3485,3529,3360,3586,3523,3551,3488,3518,3279,3330,3413,3329,3338,3185,3349,3295,3181,3208,3217,3075,3088,3057,3102,3004,3064,3040,2883,6582,6404,6218,5997,5975,5773,5588,5552,5317,5150,5052,4886,4911,4665,4606,4503,4254,4243,4129,4100,3934,3980,3808,3664,3527,3403,3420,3392,3373,3195,3237,3119,3071,3029,2896,2721,2848,2748,2596,2602,2519,2601,2469,2423,2371,2339,2387,2274,2212,2215,2227,2070,2120,2097,2028,2039,2029,1974,1834,1855,1916,1738,1814,1837,1760,1708,1682,1713,1675,1622,1573,1603,1636,1570,1579,1573,1549,1571,1463,1509,1426,1466,1552,1459,1382,1413,1416,1446,1362,1327,1355,1371,1354,1345,1305,1286,1272,1232,1158,1093,0,
1059,994,1299,1660,1684,1851,2041,2022,2182,2418,2322,2504,2544,2714,2701,2782,2915,2981,2998,3015,3091,3146,3186,3245,3263,3224,3338,3307,3267,3516,3425,3361,3500,3452,3451,3464,3421,3560,3527,3498,3536,3578,3509,3545,3503,3563,3644,3515,3500,3577,3508,3448,3540,3611,3438,3498,3584,3572,3442,3537,3392,3504,3334,3473,3397,3335,3313,3316,3360,3322,3254,3299,3224,3173,3127,3194,3219,3242,3059,3124,3098,3169,3146,3132,3050,2981,3023,2948,2969,2965,2907,3002,2828,2805,2792,2810,2779,2861,2830,6061,5933,5817,5648,5279,5247,5134,5065,4997,4767,4562,4553,4503,4446,4215,4035,4039,3857,3716,3833,3674,3510,3564,3394,3399,3279,3160,3087,3000,2983,2905,2868,2741,2752,2686,2624,2539,2471,2391,2455,2305,2359,2314,2235,2199,2145,2049,2063,2109,2038,2051,1959,1895,1912,1841,1780,1794,1783,1705,1761,1711,1660,1721,1651,1618,1572,1601,1593,1553,1550,1531,1500,1503,1534,1496,1430,1429,1461,1310,1399,1319,1329,1280,1317,1325,1306,1224,1292,1276,1226,1280,1251,1254,1213,1288,1210,1168,1131,1056,1055,0,
919,1026,1188,1330,1608,1709,1850,1969,2073,2129,2270,2294,2440,2457,2515,2587,2632,2756,2695,2818,2835,2859,2954,2903,3111,3014,3026,2997,3076,3042,3165,3111,3209,3188,3216,3045,3128,3192,3257,3208,3154,3283,3260,3262,3267,3335,3266,3122,3264,3343,3202,3259,3319,3219,3212,3166,3122,3111,3196,3107,3139,3146,3026,3126,3182,3181,2962,3035,3059,3122,3047,2992,3029,2971,3035,2889,2984,2896,2822,2914,2858,2837,2817,2794,2670,2694,2823,2708,2713,2736,2743,2644,2554,2585,2591,2599,2411,2548,2545,5499,5408,5374,5030,4960,4684,4720,4583,4387,4483,4179,4180,3939,3896,3723,3714,3627,3478,3385,3306,3409,3280,3141,3069,3000,2920,2839,2763,2725,2636,2694,2631,2464,2383,2428,2408,2423,2260,2166,2262,2162,2103,2089,2083,2004,2036,1899,1880,1884,1882,1771,1838,1796,1749,1762,1690,1644,1665,1537,1664,1608,1553,1553,1557,1496,1516,1457,1473,1433,1441,1386,1466,1353,1377,1302,1329,1273,1253,1295,1281,1226,1274,1161,1199,1261,1181,1170,1198,1128,1129,1172,1183,1170,1128,1161,1031,1002,980,1004,909,0,
834,872,1098,1272,1381,1458,1645,1680,1827,1954,2037,2130,2101,2127,2217,2321,2392,2445,2393,2456,2508,2471,2574,2529,2637,2575,2735,2686,2783,2800,2834,2753,2865,2826,2922,2784,2779,2914,2919,2848,2829,2856,2961,2826,2853,2848,2829,2811,2838,2968,2786,2777,2828,2852,2858,2764,2844,2849,2876,2863,2814,2816,2752,2725,2821,2760,2690,2702,2647,2609,2712,2681,2611,2664,2536,2518,2656,2511,2557,2541,2522,2512,2435,2521,2494,2438,2391,2377,2421,2362,2256,2237,2303,2340,2325,2289,2295,2275,2213,4887,4761,4672,4397,4200,4232,4214,4098,3915,3798,3724,3604,3545,3447,3309,3293,3275,3059,3058,2890,2887,2890,2722,2699,2627,2657,2548,2545,2531,2360,2444,2254,2294,2218,2159,2120,2121,2058,2060,1957,1968,1876,1917,1823,1808,1734,1845,1729,1754,1635,1602,1641,1597,1571,1565,1599,1531,1503,1464,1469,1457,1418,1408,1367,1415,1402,1370,1340,1260,1263,1273,1255,1228,1226,1234,1199,1178,1240,1178,1158,1129,1112,1146,1068,1083,1087,1095,1063,1021,1040,1050,1036,1059,992,979,976,953,943,859,776,0,
660,737,908,1089,1178,1218,1394,1492,1567,1669,1655,1791,1804,1797,1836,1968,1944,1994,2057,2020,2099,2138,2225,2327,2286,2305,2248,2235,2313,2366,2303,2358,2345,2390,2331,2405,2352,2407,2417,2390,2435,2429,2389,2411,2435,2440,2414,2405,2456,2437,2429,2473,2352,2364,2424,2382,2397,2352,2364,2342,2361,2305,2265,2314,2349,2367,2395,2230,2180,2150,2179,2208,2134,2258,2248,2195,2122,2178,2045,2104,2075,2030,2054,2075,2036,2003,2017,2051,2033,2013,1981,1942,2002,1951,2019,1905,1909,1947,1856,4203,4077,3896,3798,3632,3447,3503,3405,3318,3175,3170,3069,3066,2874,2850,2751,2742,2768,2696,2619,2498,2556,2406,2407,2298,2189,2247,2189,2192,2102,2053,2047,1998,1869,1981,1824,1904,1792,1730,1760,1707,1752,1656,1668,1679,1519,1551,1629,1560,1480,1427,1431,1472,1379,1378,1341,1337,1299,1276,1330,1169,1270,1199,1239,1199,1239,1169,1127,1211,1137,1122,1155,1121,1115,1058,1055,1052,1037,1002,1092,1021,1045,977,1044,1006,1017,953,955,900,934,940,882,958,921,880,865,803,817,776,719,0,
534,557,722,813,895,973,1133,1102,1232,1280,1322,1396,1339,1446,1433,1556,1513,1566,1616,1654,1728,1710,1768,1713,1717,1761,1783,1781,1744,1761,1773,1717,1789,1893,1914,1837,1929,1910,1862,1825,1881,1899,1919,1802,1856,1920,1895,1942,1939,1853,1800,2002,1865,1792,1883,1861,1820,1816,1796,1824,1846,1791,1770,1783,1858,1819,1763,1734,1759,1799,1723,1726,1740,1687,1614,1725,1716,1746,1670,1700,1750,1673,1694,1700,1630,1644,1634,1653,1630,1592,1589,1631,1643,1534,1531,1580,1598,1561,1502,3442,3227,3075,2901,2837,2813,2698,2775,2662,2568,2624,2473,2518,2508,2367,2329,2341,2309,2251,2210,2127,2011,2064,1953,1994,1938,1858,1826,1795,1750,1763,1786,1603,1674,1643,1619,1558,1623,1609,1560,1483,1447,1480,1413,1380,1329,1306,1348,1306,1319,1215,1230,1253,1168,1195,1141,1170,1204,1101,1165,1144,1084,1061,1019,1009,1028,1038,1053,1012,1006,961,952,996,961,941,904,900,884,851,969,899,897,897,850,886,876,828,843,860,810,819,772,745,741,798,728,690,638,686,611,0,
323,312,372,464,512,522,567,606,651,714,735,749,821,880,853,857,868,891,923,935,962,995,1020,959,966,1022,970,998,1045,970,1075,1022,1053,1064,1066,1032,1081,1098,1054,1114,1113,1104,1132,1133,1142,1146,1196,1165,1175,1188,1124,1180,1131,1181,1186,1125,1127,1184,1237,1256,1220,1200,1208,1226,1184,1248,1240,1215,1255,1246,1188,1248,1216,1152,1173,1227,1196,1202,1248,1164,1196,1182,1196,1265,1241,1206,1214,1254,1257,1278,1178,1260,1208,1205,1140,1187,1187,1236,1204,2202,2191,2190,2088,2171,2034,2049,2083,2067,2022,2020,1951,1942,1929,1807,1855,1824,1838,1793,1680,1697,1753,1621,1611,1619,1527,1543,1519,1498,1440,1461,1458,1406,1413,1399,1306,1321,1327,1230,1272,1295,1230,1242,1180,1259,1163,1142,1084,1132,1085,1065,1140,1061,1045,1012,1030,968,965,958,945,1005,940,939,893,904,912,853,895,840,858,853,813,787,820,812,832,785,776,720,741,722,730,712,693,761,707,717,697,754,694,686,711,692,659,615,583,612,556,532,514,0,
1,5,9,9,21,21,26,25,33,41,53,49,46,76,68,82,95,96,98,137,130,153,162,171,169,174,212,209,237,244,286,272,307,319,294,342,317,350,370,378,405,379,419,456,464,482,479,492,555,513,546,589,596,555,588,603,629,592,660,615,679,651,667,684,756,730,665,661,715,770,714,752,755,728,719,801,789,762,758,780,830,749,826,809,783,798,839,871,834,838,866,930,824,868,843,849,864,906,864,1018,1124,1318,1371,1396,1411,1379,1436,1507,1465,1459,1476,1493,1390,1446,1424,1375,1415,1448,1339,1335,1371,1358,1325,1336,1215,1220,1267,1231,1206,1212,1200,1219,1152,1122,1123,1108,1091,1091,1074,1088,1081,1046,1086,990,1022,925,905,898,940,922,897,895,866,831,856,838,851,817,838,837,756,739,776,813,770,739,775,705,768,661,744,698,719,696,677,672,730,684,652,630,602,604,572,614,595,569,596,562,582,590,556,555,514,537,515,512,487,453,445,0,
4,6,4,10,16,16,20,19,13,28,30,27,40,30,38,43,49,49,57,67,58,83,56,61,63,94,82,101,99,97,124,118,112,143,132,138,156,162,152,169,202,197,193,206,226,231,248,225,242,269,249,289,287,310,330,311,340,331,366,382,394,383,370,422,408,428,423,410,449,470,445,467,472,529,521,506,540,528,480,513,518,584,522,513,626,612,557,635,526,599,631,608,613,585,656,615,651,696,696,677,725,821,872,888,965,932,1030,1069,1025,1114,1066,1072,1103,1086,1065,1082,1085,1074,1039,1084,1063,1014,1032,1060,1061,1012,947,988,983,954,1003,1020,943,864,957,947,877,897,897,886,823,849,781,821,809,784,789,754,815,734,741,804,727,731,754,735,696,716,689,638,650,696,670,680,651,693,628,564,594,606,620,610,643,580,579,529,565,543,522,521,511,511,511,524,507,533,535,502,507,481,477,455,435,452,396,419,372,363,357,0,
3,4,3,6,4,6,6,23,20,21,26,18,39,22,41,27,27,41,56,36,35,31,54,59,56,53,57,81,69,72,79,72,86,95,98,85,105,101,127,121,127,132,152,139,144,182,163,162,182,203,206,227,210,213,208,215,205,230,252,247,248,266,293,277,289,285,328,295,316,305,308,332,352,337,351,346,384,353,391,417,382,407,392,395,438,426,434,457,469,444,444,455,472,511,492,482,486,514,501,464,532,610,659,672,678,691,691,764,748,748,814,846,820,775,823,797,855,907,856,891,877,789,785,784,835,830,785,790,805,800,857,779,751,762,757,718,694,753,712,688,707,703,714,684,694,697,690,643,662,652,624,607,659,613,565,624,598,581,580,592,537,546,521,527,491,500,553,578,478,519,512,494,500,516,513,474,496,474,435,436,442,447,486,466,398,403,454,414,431,419,407,400,396,358,342,345,319,280,276,0,
2,2,4,5,9,7,9,6,16,22,21,22,27,19,36,33,34,34,40,38,35,48,48,54,48,49,58,59,66,65,81,58,89,77,98,112,109,122,126,89,103,122,111,120,125,135,119,125,137,151,155,158,159,192,184,185,184,189,202,211,178,207,214,241,236,259,239,251,243,274,254,261,300,272,276,303,268,303,317,319,298,331,367,347,345,368,363,361,368,354,364,403,357,402,365,377,371,378,397,417,413,469,455,474,514,481,517,547,581,555,584,654,643,627,635,646,655,668,677,677,645,673,640,651,613,647,636,660,638,666,605,624,670,626,612,580,623,625,577,589,574,598,540,552,540,554,521,542,490,567,537,525,538,539,537,515,512,524,506,472,492,478,466,496,460,457,392,485,456,465,418,437,435,433,428,411,413,394,392,368,383,361,334,373,401,358,364,341,335,320,312,321,326,300,288,243,242,249,225,0,
0,2,1,6,8,5,8,7,8,18,22,18,24,25,23,31,29,31,30,19,33,36,51,53,50,51,46,48,62,67,74,65,81,69,71,74,102,100,97,88,112,129,79,105,103,100,118,126,143,125,141,157,154,146,144,185,165,149,156,176,144,180,180,209,207,193,206,207,205,225,218,220,226,251,240,228,224,268,232,279,255,286,282,262,306,293,265,253,301,324,316,300,309,320,332,319,376,297,349,386,335,366,389,390,372,416,409,422,489,436,475,498,458,497,519,510,533,505,552,483,538,529,581,518,569,551,532,528,554,521,525,495,538,548,530,492,509,496,541,483,481,470,507,487,462,499,469,449,479,464,439,484,454,458,457,452,391,458,426,407,420,400,386,376,396,381,404,361,394,381,360,348,371,388,344,336,349,342,330,321,308,319,339,277,303,310,303,301,287,280,256,246,264,273,243,254,202,194,200,0,
0,1,3,3,3,7,7,9,12,19,13,13,16,15,16,20,28,21,31,27,34,34,44,39,49,34,43,42,49,47,61,73,75,74,70,75,77,88,85,89,90,109,77,86,90,116,121,118,119,112,135,130,136,146,147,154,157,153,155,140,161,173,163,198,179,206,164,179,187,208,203,187,197,189,206,230,227,241,216,241,237,265,275,266,239,238,276,246,259,265,263,290,250,287,275,284,306,296,299,288,310,332,333,340,327,336,321,381,362,388,398,379,389,378,440,426,420,418,413,433,417,397,428,443,451,429,454,462,456,453,471,442,412,435,420,412,404,432,412,412,399,367,425,402,410,395,396,366,394,382,400,360,364,391,363,389,358,358,368,393,387,334,347,319,315,321,295,335,323,274,296,316,286,307,283,299,256,281,257,282,246,258,286,292,271,274,246,250,253,232,223,255,237,220,217,195,165,155,160,0,
1,1,4,2,3,6,6,9,13,10,9,20,18,14,21,19,22,22,26,38,36,27,38,47,38,35,38,59,61,60,49,72,55,68,90,62,87,63,88,69,79,90,82,93,85,85,105,120,98,97,122,125,121,144,117,131,139,130,132,147,157,141,147,162,148,178,158,166,166,178,172,176,169,176,184,192,183,199,219,221,208,236,209,223,217,223,240,224,237,251,222,229,232,222,241,259,236,230,258,256,265,280,312,293,287,291,293,326,312,314,322,303,330,335,337,339,358,396,341,349,387,346,372,395,374,370,354,375,362,386,338,375,408,355,379,339,358,318,350,369,356,373,353,352,321,367,319,338,314,337,326,298,335,304,333,311,284,284,307,307,297,331,311,283,295,261,267,307,292,247,296,243,267,256,226,255,246,238,255,239,240,212,238,232,226,202,199,205,212,202,194,216,169,155,164,159,117,121,119,0,
0,0,2,1,6,7,6,4,9,8,12,10,18,17,19,21,19,23,21,26,25,43,36,38,35,39,51,46,53,44,67,47,57,54,81,52,56,70,74,77,81,81,81,74,84,83,84,93,100,94,104,117,106,108,118,109,125,120,124,145,133,149,147,150,144,150,142,157,143,132,157,172,160,173,188,149,191,175,183,199,187,184,173,171,219,208,226,204,201,186,215,207,225,203,214,221,231,253,225,220,211,224,251,239,217,231,246,264,231,274,266,287,285,292,302,257,295,285,273,269,299,285,281,317,299,292,320,292,280,285,319,298,262,299,295,292,310,311,276,309,278,284,288,296,255,292,260,276,273,273,272,278,255,268,251,224,225,253,255,262,256,248,234,224,224,228,243,240,230,207,222,235,228,219,190,229,222,221,211,201,200,206,188,180,185,177,174,174,152,166,178,136,152,156,149,124,133,104,104,0,
2,0,2,4,5,4,4,7,11,4,7,7,13,14,16,19,18,20,19,31,31,26,37,23,28,32,32,35,32,43,29,43,53,43,59,47,58,60,71,78,70,70,85,81,76,68,69,107,89,100,100,110,99,72,78,85,109,122,101,137,113,129,113,130,114,122,136,125,130,136,145,126,135,161,142,135,146,174,164,153,148,173,177,177,172,177,173,176,181,146,183,196,198,191,183,173,211,177,217,177,215,227,189,196,195,180,205,199,231,218,229,225,216,216,221,247,230,224,219,236,235,217,239,254,257,248,264,287,272,216,247,232,262,223,243,238,241,243,225,209,252,230,199,244,208,208,242,229,220,217,247,194,216,232,216,232,204,215,212,188,213,213,190,205,186,196,184,176,174,188,198,178,165,194,175,189,176,181,168,172,148,170,140,146,144,138,133,147,148,121,120,129,126,116,116,108,99,100,85,0,
0,0,0,2,4,1,1,3,8,4,2,2,6,9,10,12,11,15,16,11,9,17,16,19,21,25,28,23,21,28,31,34,36,34,32,40,49,45,51,37,35,46,56,66,46,60,52,61,67,50,58,56,75,75,71,64,86,78,86,85,82,81,92,99,90,105,105,101,113,110,99,108,124,91,118,100,116,119,120,119,131,118,116,112,127,118,115,123,139,155,127,141,148,137,142,163,134,173,150,139,143,159,157,146,147,151,157,155,148,157,144,164,153,172,185,187,168,164,191,166,187,164,174,201,181,176,182,189,187,174,175,184,194,177,187,169,186,173,168,179,166,171,173,184,169,192,182,160,195,170,186,160,175,180,155,169,154,161,160,145,169,173,160,185,162,162,149,141,151,130,150,157,158,138,149,141,146,129,133,118,136,133,138,116,114,124,106,115,121,108,99,98,126,90,96,74,77,91,70,0,
2,0,0,2,0,0,1,3,1,2,3,3,4,5,5,7,2,1,2,3,9,7,5,11,8,9,7,7,12,8,12,10,10,18,15,15,18,13,17,26,21,14,29,19,27,18,34,22,33,29,38,33,44,40,36,41,47,44,48,49,45,42,49,48,44,51,47,51,58,57,58,57,60,53,65,65,67,45,64,76,64,59,78,61,64,56,68,83,62,78,71,93,93,80,83,78,69,73,94,81,100,121,87,100,107,88,89,108,103,109,108,103,100,105,111,107,117,113,97,102,99,118,95,111,122,113,114,115,119,124,136,102,95,109,98,103,111,137,120,127,126,137,114,113,123,120,114,110,99,131,105,125,101,115,96,114,112,122,111,117,128,125,110,112,114,99,109,123,114,142,114,124,120,101,111,118,92,111,113,110,108,120,94,105,96,110,117,94,76,102,83,89,74,72,81,82,61,62,54,0,
1,1,0,1,0,1,0,0,2,2,2,1,1,1,1,3,2,5,1,1,4,4,0,5,1,1,3,1,5,4,3,6,3,6,10,4,7,6,5,13,8,9,11,11,12,7,19,15,12,9,26,16,19,19,20,6,14,16,22,21,17,21,14,13,24,8,23,28,25,19,25,16,31,23,30,36,30,32,30,32,40,19,32,34,31,22,35,37,30,28,53,31,39,39,42,44,48,56,55,37,46,61,46,55,51,63,42,61,50,51,68,58,49,60,64,56,56,61,74,79,76,66,50,67,68,70,62,76,76,64,58,81,80,80,93,93,68,79,75,75,78,91,82,77,75,82,87,80,86,80,76,60,58,75,98,89,85,74,85,87,67,89,75,97,94,89,80,82,77,75,100,79,97,67,75,91,106,85,70,63,80,75,84,88,74,84,70,78,77,86,71,71,60,73,65,69,52,55,43,0,
0,1,0,0,0,1,0,0,0,0,1,0,2,0,0,2,0,1,1,1,1,1,1,0,1,0,0,0,0,2,2,3,2,2,0,1,2,3,3,3,5,5,4,3,4,6,4,6,5,9,8,5,7,8,5,11,9,4,6,6,8,12,7,11,11,15,9,14,8,13,17,13,11,14,7,15,13,17,15,12,19,13,18,19,15,17,19,19,20,12,17,20,19,20,21,19,33,28,24,27,22,23,35,27,35,28,27,34,24,29,29,35,28,26,32,38,34,27,30,42,37,43,41,35,58,39,28,50,39,43,48,38,46,58,53,49,49,52,67,66,55,60,37,44,49,60,68,52,57,50,53,56,51,54,53,50,63,71,60,62,52,51,62,60,53,74,55,62,64,61,58,75,59,66,63,55,52,61,45,52,54,62,57,67,68,59,58,50,61,57,59,55,56,54,49,52,41,46,27,0,
2,0,1,1,0,0,1,0,0,0,0,2,1,0,1,0,0,1,2,0,2,0,1,1,0,1,1,0,2,1,1,3,0,2,1,1,3,0,6,1,1,1,5,2,3,2,2,6,0,2,7,4,7,3,3,3,2,4,5,4,7,2,5,4,3,6,2,5,11,7,11,6,6,6,5,4,11,8,5,6,16,13,4,11,16,11,13,13,14,9,10,13,10,16,8,8,15,12,18,14,16,18,19,18,18,25,21,16,18,21,13,14,19,16,26,19,25,11,19,24,27,21,27,29,25,32,21,20,30,34,36,35,24,33,26,26,40,28,34,37,41,29,33,37,31,31,35,35,40,36,33,26,42,46,41,47,41,43,46,38,36,41,51,38,43,37,47,39,43,44,49,48,36,46,47,65,59,49,44,41,42,54,49,35,54,36,48,54,42,47,49,35,37,51,33,37,39,52,36,0,
0,0,1,0,1,0,1,1,0,2,0,1,0,0,0,1,1,0,1,0,0,1,1,3,1,1,0,2,0,0,1,1,1,1,1,0,0,0,1,1,1,3,2,3,2,2,1,1,1,2,3,3,6,0,1,6,3,0,1,8,3,5,1,5,1,7,6,6,1,2,2,6,4,4,7,6,5,6,3,5,6,5,6,7,8,11,8,7,6,13,10,14,11,13,9,10,6,10,8,11,14,9,18,11,7,10,12,14,10,19,10,11,15,16,13,16,12,14,13,14,20,22,15,24,15,17,14,22,15,15,22,19,17,21,20,25,15,23,18,29,28,19,22,26,29,30,23,27,27,26,35,37,23,32,23,28,27,39,28,29,22,36,27,25,29,38,42,27,32,45,43,41,38,28,44,41,30,33,33,39,42,50,39,44,27,39,32,42,32,36,30,38,47,33,33,28,33,33,31,0,
0,0,0,0,0,2,0,0,1,1,0,1,0,0,1,0,1,0,1,0,0,0,1,0,0,1,1,1,0,0,0,1,0,0,1,2,0,3,1,1,2,3,2,0,1,1,0,2,0,0,3,3,2,5,4,2,0,3,1,5,2,0,5,3,7,5,5,3,3,2,1,4,4,4,5,3,6,1,6,4,8,14,4,7,5,4,3,5,4,2,5,8,4,6,5,9,9,10,5,7,7,13,2,8,14,10,5,7,14,7,10,9,8,15,9,5,10,9,11,15,11,14,9,11,16,18,17,9,14,12,14,15,13,9,14,15,11,12,13,24,12,22,21,11,10,13,15,17,16,16,27,21,23,17,16,16,20,14,17,21,20,25,33,18,30,19,26,27,29,22,23,23,27,25,34,30,20,30,25,24,31,27,34,23,34,25,36,23,37,25,22,30,32,26,37,26,34,29,19,0,
0,0,0,0,0,1,0,1,0,2,2,0,1,1,0,0,0,1,1,1,0,0,2,0,1,0,0,0,0,1,1,0,1,0,0,1,2,0,0,1,1,0,0,1,1,3,5,1,4,0,1,5,4,1,2,2,0,0,0,2,1,4,3,2,2,1,2,3,1,0,3,5,1,6,2,3,3,5,3,0,2,3,4,6,8,3,2,6,5,5,6,8,6,5,7,4,6,6,7,3,8,12,11,3,5,4,9,6,11,8,9,5,12,5,9,12,9,10,11,6,5,11,10,6,8,12,17,11,12,12,11,8,9,10,6,10,8,14,16,11,14,12,13,17,15,16,11,21,19,13,23,18,16,15,20,9,14,14,12,11,12,16,22,22,13,21,18,23,22,22,21,22,19,25,19,20,17,19,19,22,26,23,14,27,20,26,23,28,20,24,23,34,34,30,17,23,20,26,20,0,
2,0,0,0,0,1,1,0,0,1,0,0,0,1,0,2,0,1,0,0,1,1,0,0,1,1,0,1,2,0,1,0,1,0,1,0,1,0,0,1,1,0,0,1,0,0,0,0,0,0,1,2,1,0,4,1,5,3,2,2,0,1,3,2,4,5,1,0,2,2,2,1,3,4,3,0,4,3,3,1,5,1,5,2,4,2,4,3,2,6,4,4,5,8,4,5,4,5,5,1,8,5,4,11,2,6,5,6,8,8,5,6,4,3,5,7,4,6,6,3,10,9,10,12,5,8,7,9,13,4,4,12,6,13,7,7,10,10,8,5,11,12,11,13,13,6,11,12,13,11,9,11,5,10,15,18,7,18,16,17,17,11,14,9,14,18,13,7,11,14,14,14,16,12,13,16,18,12,16,22,15,14,18,14,16,18,25,19,12,19,29,13,17,11,22,18,20,12,18,0,
0,1,1,0,0,0,0,0,0,0,0,1,0,1,0,1,0,0,0,0,1,0,0,2,0,2,0,1,0,0,0,0,0,0,0,1,0,2,0,0,1,1,1,1,0,1,0,1,1,1,1,1,1,0,1,1,0,1,2,1,1,3,1,3,1,0,2,2,0,1,0,2,2,1,7,2,3,3,3,2,3,1,5,3,4,5,2,1,3,2,3,3,3,4,2,4,2,1,5,3,3,8,1,4,4,6,2,5,4,2,6,7,5,6,3,6,4,6,7,1,8,4,5,9,9,2,9,11,5,9,4,4,11,3,6,7,4,5,12,6,7,16,8,12,7,4,6,11,9,10,10,5,6,9,8,6,6,14,12,10,9,10,12,14,11,18,10,10,12,12,19,13,6,14,14,14,13,11,18,9,12,14,25,18,12,7,9,15,10,13,21,18,18,10,17,13,17,17,17,0,
0,0,0,2,1,0,0,0,0,0,0,0,0,0,0,0,0,0,0,0,1,0,0,0,0,0,1,0,1,0,0,0,0,2,0,0,0,0,1,0,0,1,0,0,1,0,0,1,3,0,2,0,2,2,1,2,1,1,0,3,1,1,1,0,1,1,1,3,4,0,2,2,1,0,3,5,2,1,0,2,0,2,1,2,3,0,2,1,3,2,2,1,2,1,2,3,3,2,5,6,1,6,3,6,3,2,0,5,3,2,3,1,0,2,6,6,2,5,2,5,5,11,6,3,7,7,3,3,1,2,3,6,8,7,3,7,3,2,2,10,1,8,6,5,8,3,4,11,13,12,6,4,10,3,11,9,7,13,10,11,11,12,12,10,9,12,8,7,9,7,8,7,11,6,9,8,8,13,9,9,12,14,6,14,11,13,10,21,8,15,14,16,16,14,14,14,6,13,18,0,
